StatLevel,Venue,Distance,Start,Gait,FieldSize,Position,Sts,W,Spend,P&L,SR,ROI
FieldSize,Albany,1832,Mobile,PACERS,10,B/LEAD,65,6,945.41,-345.41,9.2,-36.5
FieldSize,Albany,1832,Mobile,PACERS,5,B/LEAD,4,0,86.93,-86.93,0.0,-100.0
FieldSize,Albany,1832,Mobile,PACERS,6,B/LEAD,3,0,18.85,-18.85,0.0,-100.0
FieldSize,Albany,1832,Mobile,PACERS,7,B/LEAD,5,0,76.95,-76.95,0.0,-100.0
FieldSize,Albany,1832,Mobile,PACERS,8,B/LEAD,19,3,302.72,-2.72,15.8,-0.9
FieldSize,Albany,1832,Mobile,PACERS,9,B/LEAD,33,1,297.73,-197.73,3.0,-66.4
FieldSize,Albany,1832,Mobile,PACERS,10,DEATH,66,10,1477.66,-477.66,15.2,-32.3
FieldSize,Albany,1832,Mobile,PACERS,5,DEATH,1,0,7.14,-7.14,0.0,-100.0
FieldSize,Albany,1832,Mobile,PACERS,6,DEATH,3,1,74.71,25.29,33.3,33.9
FieldSize,Albany,1832,Mobile,PACERS,7,DEATH,5,1,171.9,-71.9,20.0,-41.8
FieldSize,Albany,1832,Mobile,PACERS,8,DEATH,19,3,346.38,-46.38,15.8,-13.4
FieldSize,Albany,1832,Mobile,PACERS,9,DEATH,35,4,534.75,-134.75,11.4,-25.2
FieldSize,Albany,1832,Mobile,PACERS,10,LEAD,65,22,1676.33,523.67,33.8,31.2
FieldSize,Albany,1832,Mobile,PACERS,5,LEAD,4,3,245.9,54.1,75.0,22.0
FieldSize,Albany,1832,Mobile,PACERS,6,LEAD,3,2,184.16,15.84,66.7,8.6
FieldSize,Albany,1832,Mobile,PACERS,7,LEAD,5,4,178.47,221.53,80.0,124.1
FieldSize,Albany,1832,Mobile,PACERS,8,LEAD,19,7,540.93,159.07,36.8,29.4
FieldSize,Albany,1832,Mobile,PACERS,9,LEAD,34,15,1273.93,226.07,44.1,17.7
FieldSize,Albany,2247,Stand,PACERS,10,B/LEAD,6,0,46.92,-46.92,0.0,-100.0
FieldSize,Albany,2247,Stand,PACERS,11,B/LEAD,1,0,0.79,-0.79,0.0,-100.0
FieldSize,Albany,2247,Stand,PACERS,6,B/LEAD,1,0,2.94,-2.94,0.0,-100.0
FieldSize,Albany,2247,Stand,PACERS,7,B/LEAD,2,1,23.07,76.93,50.0,333.5
FieldSize,Albany,2247,Stand,PACERS,8,B/LEAD,2,0,12.04,-12.04,0.0,-100.0
FieldSize,Albany,2247,Stand,PACERS,9,B/LEAD,6,0,45.15,-45.15,0.0,-100.0
FieldSize,Albany,2247,Stand,PACERS,10,DEATH,6,0,64.25,-64.25,0.0,-100.0
FieldSize,Albany,2247,Stand,PACERS,11,DEATH,1,1,44.44,55.56,100.0,125.0
FieldSize,Albany,2247,Stand,PACERS,6,DEATH,1,0,14.29,-14.29,0.0,-100.0
FieldSize,Albany,2247,Stand,PACERS,7,DEATH,2,1,68.37,31.63,50.0,46.3
FieldSize,Albany,2247,Stand,PACERS,8,DEATH,2,0,6.66,-6.66,0.0,-100.0
FieldSize,Albany,2247,Stand,PACERS,9,DEATH,6,1,145.23,-45.23,16.7,-31.1
FieldSize,Albany,2247,Stand,PACERS,10,LEAD,6,3,139.84,160.16,50.0,114.5
FieldSize,Albany,2247,Stand,PACERS,11,LEAD,1,0,20.0,-20.0,0.0,-100.0
FieldSize,Albany,2247,Stand,PACERS,6,LEAD,1,1,51.28,48.72,100.0,95.0
FieldSize,Albany,2247,Stand,PACERS,7,LEAD,2,0,75.0,-75.0,0.0,-100.0
FieldSize,Albany,2247,Stand,PACERS,8,LEAD,2,1,21.02,78.98,50.0,375.7
FieldSize,Albany,2247,Stand,PACERS,9,LEAD,6,3,125.68,174.32,50.0,138.7
FieldSize,Albany,2265,Mobile,PACERS,10,B/LEAD,126,7,1506.59,-806.59,5.6,-53.5
FieldSize,Albany,2265,Mobile,PACERS,5,B/LEAD,1,0,1.41,-1.41,0.0,-100.0
FieldSize,Albany,2265,Mobile,PACERS,6,B/LEAD,3,1,68.88,31.12,33.3,45.2
FieldSize,Albany,2265,Mobile,PACERS,7,B/LEAD,11,0,114.37,-114.37,0.0,-100.0
FieldSize,Albany,2265,Mobile,PACERS,8,B/LEAD,35,2,356.69,-156.69,5.7,-43.9
FieldSize,Albany,2265,Mobile,PACERS,9,B/LEAD,55,2,629.73,-429.73,3.6,-68.2
FieldSize,Albany,2265,Mobile,PACERS,10,DEATH,126,17,2438.5,-738.5,13.5,-30.3
FieldSize,Albany,2265,Mobile,PACERS,6,DEATH,1,0,16.67,-16.67,0.0,-100.0
FieldSize,Albany,2265,Mobile,PACERS,7,DEATH,11,1,357.15,-257.15,9.1,-72.0
FieldSize,Albany,2265,Mobile,PACERS,8,DEATH,35,5,849.02,-349.02,14.3,-41.1
FieldSize,Albany,2265,Mobile,PACERS,9,DEATH,55,8,1193.08,-393.08,14.5,-32.9
FieldSize,Albany,2265,Mobile,PACERS,10,LEAD,126,45,4159.3,340.7,35.7,8.2
FieldSize,Albany,2265,Mobile,PACERS,5,LEAD,1,1,94.34,5.66,100.0,6.0
FieldSize,Albany,2265,Mobile,PACERS,6,LEAD,3,2,135.75,64.25,66.7,47.3
FieldSize,Albany,2265,Mobile,PACERS,7,LEAD,11,6,474.05,125.95,54.5,26.6
FieldSize,Albany,2265,Mobile,PACERS,8,LEAD,35,16,1412.55,187.45,45.7,13.3
FieldSize,Albany,2265,Mobile,PACERS,9,LEAD,55,26,1975.95,624.05,47.3,31.6
FieldSize,Albany,2648,Stand,PACERS,10,B/LEAD,1,0,5.88,-5.88,0.0,-100.0
FieldSize,Albany,2648,Stand,PACERS,12,B/LEAD,1,0,10.0,-10.0,0.0,-100.0
FieldSize,Albany,2648,Stand,PACERS,8,B/LEAD,3,0,12.67,-12.67,0.0,-100.0
FieldSize,Albany,2648,Stand,PACERS,9,B/LEAD,3,0,49.5,-49.5,0.0,-100.0
FieldSize,Albany,2648,Stand,PACERS,10,DEATH,1,0,48.78,-48.78,0.0,-100.0
FieldSize,Albany,2648,Stand,PACERS,12,DEATH,1,0,14.29,-14.29,0.0,-100.0
FieldSize,Albany,2648,Stand,PACERS,8,DEATH,3,0,85.3,-85.3,0.0,-100.0
FieldSize,Albany,2648,Stand,PACERS,9,DEATH,3,0,37.86,-37.86,0.0,-100.0
FieldSize,Albany,2648,Stand,PACERS,10,LEAD,1,0,2.44,-2.44,0.0,-100.0
FieldSize,Albany,2648,Stand,PACERS,12,LEAD,1,0,5.88,-5.88,0.0,-100.0
FieldSize,Albany,2648,Stand,PACERS,8,LEAD,3,0,28.13,-28.13,0.0,-100.0
FieldSize,Albany,2648,Stand,PACERS,9,LEAD,3,0,53.05,-53.05,0.0,-100.0
FieldSize,Albany,2690,Mobile,PACERS,10,B/LEAD,3,0,13.87,-13.87,0.0,-100.0
FieldSize,Albany,2690,Mobile,PACERS,7,B/LEAD,1,0,18.18,-18.18,0.0,-100.0
FieldSize,Albany,2690,Mobile,PACERS,8,B/LEAD,1,0,4.35,-4.35,0.0,-100.0
FieldSize,Albany,2690,Mobile,PACERS,9,B/LEAD,4,0,38.04,-38.04,0.0,-100.0
FieldSize,Albany,2690,Mobile,PACERS,10,DEATH,3,0,28.13,-28.13,0.0,-100.0
FieldSize,Albany,2690,Mobile,PACERS,7,DEATH,1,0,6.25,-6.25,0.0,-100.0
FieldSize,Albany,2690,Mobile,PACERS,8,DEATH,1,0,43.48,-43.48,0.0,-100.0
FieldSize,Albany,2690,Mobile,PACERS,9,DEATH,4,1,156.95,-56.95,25.0,-36.3
FieldSize,Albany,2690,Mobile,PACERS,10,LEAD,3,1,112.06,-12.06,33.3,-10.8
FieldSize,Albany,2690,Mobile,PACERS,7,LEAD,1,0,60.61,-60.61,0.0,-100.0
FieldSize,Albany,2690,Mobile,PACERS,8,LEAD,1,1,28.57,71.43,100.0,250.0
FieldSize,Albany,2690,Mobile,PACERS,9,LEAD,4,2,162.37,37.63,50.0,23.2
FieldSize,Albion Park,1628,Stand,TROTTERS,10,B/LEAD,1,0,35.71,-35.71,0.0,-100.0
FieldSize,Albion Park,1628,Stand,TROTTERS,3,B/LEAD,1,0,38.46,-38.46,0.0,-100.0
FieldSize,Albion Park,1628,Stand,TROTTERS,4,B/LEAD,11,1,350.44,-250.44,9.1,-71.5
FieldSize,Albion Park,1628,Stand,TROTTERS,5,B/LEAD,12,3,261.53,38.47,25.0,14.7
FieldSize,Albion Park,1628,Stand,TROTTERS,6,B/LEAD,2,2,69.8,130.2,100.0,186.5
FieldSize,Albion Park,1628,Stand,TROTTERS,7,B/LEAD,4,1,49.31,50.69,25.0,102.8
FieldSize,Albion Park,1628,Stand,TROTTERS,8,B/LEAD,2,1,10.99,89.01,50.0,809.9
FieldSize,Albion Park,1628,Stand,TROTTERS,3,DEATH,1,0,20.83,-20.83,0.0,-100.0
FieldSize,Albion Park,1628,Stand,TROTTERS,5,DEATH,3,0,95.48,-95.48,0.0,-100.0
FieldSize,Albion Park,1628,Stand,TROTTERS,6,DEATH,1,0,32.26,-32.26,0.0,-100.0
FieldSize,Albion Park,1628,Stand,TROTTERS,7,DEATH,2,0,77.03,-77.03,0.0,-100.0
FieldSize,Albion Park,1628,Stand,TROTTERS,8,DEATH,2,1,108.42,-8.42,50.0,-7.8
FieldSize,Albion Park,1628,Stand,TROTTERS,10,LEAD,1,1,34.48,65.52,100.0,190.0
FieldSize,Albion Park,1628,Stand,TROTTERS,3,LEAD,1,1,46.51,53.49,100.0,115.0
FieldSize,Albion Park,1628,Stand,TROTTERS,4,LEAD,12,9,425.72,474.28,75.0,111.4
FieldSize,Albion Park,1628,Stand,TROTTERS,5,LEAD,13,4,302.78,97.22,30.8,32.1
FieldSize,Albion Park,1628,Stand,TROTTERS,6,LEAD,2,0,18.32,-18.32,0.0,-100.0
FieldSize,Albion Park,1628,Stand,TROTTERS,7,LEAD,4,1,97.89,2.11,25.0,2.2
FieldSize,Albion Park,1628,Stand,TROTTERS,8,LEAD,2,0,18.97,-18.97,0.0,-100.0
FieldSize,Albion Park,1660,Mobile,PACERS,10,B/LEAD,2204,341,32910.48,1189.52,15.5,3.6
FieldSize,Albion Park,1660,Mobile,PACERS,4,B/LEAD,6,1,178.79,-78.79,16.7,-44.1
FieldSize,Albion Park,1660,Mobile,PACERS,5,B/LEAD,53,7,1040.94,-340.94,13.2,-32.8
FieldSize,Albion Park,1660,Mobile,PACERS,6,B/LEAD,183,21,3302.53,-1202.53,11.5,-36.4
FieldSize,Albion Park,1660,Mobile,PACERS,7,B/LEAD,362,57,6717.28,-1017.28,15.7,-15.1
FieldSize,Albion Park,1660,Mobile,PACERS,8,B/LEAD,639,101,10478.17,-378.17,15.8,-3.6
FieldSize,Albion Park,1660,Mobile,PACERS,9,B/LEAD,1180,166,18250.19,-1650.19,14.1,-9.0
FieldSize,Albion Park,1660,Mobile,PACERS,10,DEATH,2245,219,36694.73,-14794.73,9.8,-40.3
FieldSize,Albion Park,1660,Mobile,PACERS,5,DEATH,30,9,923.09,-23.09,30.0,-2.5
FieldSize,Albion Park,1660,Mobile,PACERS,6,DEATH,152,25,3626.72,-1126.72,16.4,-31.1
FieldSize,Albion Park,1660,Mobile,PACERS,7,DEATH,342,52,7650.67,-2450.67,15.2,-32.0
FieldSize,Albion Park,1660,Mobile,PACERS,8,DEATH,650,84,13566.91,-5166.91,12.9,-38.1
FieldSize,Albion Park,1660,Mobile,PACERS,9,DEATH,1199,144,20477.83,-6077.83,12.0,-29.7
FieldSize,Albion Park,1660,Mobile,PACERS,10,LEAD,2204,848,64521.39,20278.61,38.5,31.4
FieldSize,Albion Park,1660,Mobile,PACERS,4,LEAD,6,3,187.61,112.39,50.0,59.9
FieldSize,Albion Park,1660,Mobile,PACERS,5,LEAD,53,32,2522.03,677.97,60.4,26.9
FieldSize,Albion Park,1660,Mobile,PACERS,6,LEAD,179,101,7705.07,2394.93,56.4,31.1
FieldSize,Albion Park,1660,Mobile,PACERS,7,LEAD,362,163,14019.3,2280.7,45.0,16.3
FieldSize,Albion Park,1660,Mobile,PACERS,8,LEAD,640,277,21672.99,6027.01,43.3,27.8
FieldSize,Albion Park,1660,Mobile,PACERS,9,LEAD,1181,469,38090.09,8809.91,39.7,23.1
FieldSize,Albion Park,1660,Mobile,TROTTERS,10,B/LEAD,22,7,371.36,328.64,31.8,88.5
FieldSize,Albion Park,1660,Mobile,TROTTERS,4,B/LEAD,1,0,10.53,-10.53,0.0,-100.0
FieldSize,Albion Park,1660,Mobile,TROTTERS,5,B/LEAD,10,2,235.68,-35.68,20.0,-15.1
FieldSize,Albion Park,1660,Mobile,TROTTERS,6,B/LEAD,14,3,279.27,20.73,21.4,7.4
FieldSize,Albion Park,1660,Mobile,TROTTERS,7,B/LEAD,11,0,203.53,-203.53,0.0,-100.0
FieldSize,Albion Park,1660,Mobile,TROTTERS,8,B/LEAD,21,5,322.02,177.98,23.8,55.3
FieldSize,Albion Park,1660,Mobile,TROTTERS,9,B/LEAD,13,0,167.65,-167.65,0.0,-100.0
FieldSize,Albion Park,1660,Mobile,TROTTERS,10,DEATH,22,4,529.78,-129.78,18.2,-24.5
FieldSize,Albion Park,1660,Mobile,TROTTERS,5,DEATH,1,0,8.33,-8.33,0.0,-100.0
FieldSize,Albion Park,1660,Mobile,TROTTERS,6,DEATH,9,4,259.51,140.49,44.4,54.1
FieldSize,Albion Park,1660,Mobile,TROTTERS,7,DEATH,9,0,212.0,-212.0,0.0,-100.0
FieldSize,Albion Park,1660,Mobile,TROTTERS,8,DEATH,22,2,423.32,-223.32,9.1,-52.8
FieldSize,Albion Park,1660,Mobile,TROTTERS,9,DEATH,12,1,217.9,-117.9,8.3,-54.1
FieldSize,Albion Park,1660,Mobile,TROTTERS,10,LEAD,22,8,479.99,320.01,36.4,66.7
FieldSize,Albion Park,1660,Mobile,TROTTERS,4,LEAD,1,1,26.32,73.68,100.0,279.9
FieldSize,Albion Park,1660,Mobile,TROTTERS,5,LEAD,10,6,533.88,66.12,60.0,12.4
FieldSize,Albion Park,1660,Mobile,TROTTERS,6,LEAD,14,5,386.93,113.07,35.7,29.2
FieldSize,Albion Park,1660,Mobile,TROTTERS,7,LEAD,11,10,406.08,593.92,90.9,146.3
FieldSize,Albion Park,1660,Mobile,TROTTERS,8,LEAD,21,4,795.58,-395.58,19.0,-49.7
FieldSize,Albion Park,1660,Mobile,TROTTERS,9,LEAD,13,7,356.69,343.31,53.8,96.2
FieldSize,Albion Park,2138,Mobile,PACERS,10,B/LEAD,249,45,3856.29,643.71,18.1,16.7
FieldSize,Albion Park,2138,Mobile,PACERS,11,B/LEAD,245,27,3334.81,-634.81,11.0,-19.0
FieldSize,Albion Park,2138,Mobile,PACERS,12,B/LEAD,416,64,5507.63,892.37,15.4,16.2
FieldSize,Albion Park,2138,Mobile,PACERS,4,B/LEAD,1,0,23.81,-23.81,0.0,-100.0
FieldSize,Albion Park,2138,Mobile,PACERS,5,B/LEAD,15,2,236.99,-36.99,13.3,-15.6
FieldSize,Albion Park,2138,Mobile,PACERS,6,B/LEAD,67,16,1237.87,362.13,23.9,29.3
FieldSize,Albion Park,2138,Mobile,PACERS,7,B/LEAD,124,11,1910.1,-810.1,8.9,-42.4
FieldSize,Albion Park,2138,Mobile,PACERS,8,B/LEAD,230,36,3583.48,16.52,15.7,0.5
FieldSize,Albion Park,2138,Mobile,PACERS,9,B/LEAD,274,37,3970.12,-270.12,13.5,-6.8
FieldSize,Albion Park,2138,Mobile,PACERS,10,DEATH,254,23,4081.31,-1781.31,9.1,-43.6
FieldSize,Albion Park,2138,Mobile,PACERS,11,DEATH,253,26,4211.99,-1611.99,10.3,-38.3
FieldSize,Albion Park,2138,Mobile,PACERS,12,DEATH,429,51,6923.9,-1823.9,11.9,-26.3
FieldSize,Albion Park,2138,Mobile,PACERS,5,DEATH,8,1,211.04,-111.04,12.5,-52.6
FieldSize,Albion Park,2138,Mobile,PACERS,6,DEATH,55,7,1481.67,-781.67,12.7,-52.8
FieldSize,Albion Park,2138,Mobile,PACERS,7,DEATH,121,16,2509.66,-909.66,13.2,-36.2
FieldSize,Albion Park,2138,Mobile,PACERS,8,DEATH,238,23,4226.81,-1926.81,9.7,-45.6
FieldSize,Albion Park,2138,Mobile,PACERS,9,DEATH,277,28,5113.03,-2313.03,10.1,-45.2
FieldSize,Albion Park,2138,Mobile,PACERS,10,LEAD,246,91,6990.07,2109.93,37.0,30.2
FieldSize,Albion Park,2138,Mobile,PACERS,11,LEAD,247,93,7318.38,1981.62,37.7,27.1
FieldSize,Albion Park,2138,Mobile,PACERS,12,LEAD,415,141,11466.65,2633.35,34.0,23.0
FieldSize,Albion Park,2138,Mobile,PACERS,4,LEAD,1,1,81.97,18.03,100.0,22.0
FieldSize,Albion Park,2138,Mobile,PACERS,5,LEAD,15,10,742.23,257.77,66.7,34.7
FieldSize,Albion Park,2138,Mobile,PACERS,6,LEAD,67,32,2797.03,402.97,47.8,14.4
FieldSize,Albion Park,2138,Mobile,PACERS,7,LEAD,124,50,4698.18,301.82,40.3,6.4
FieldSize,Albion Park,2138,Mobile,PACERS,8,LEAD,230,95,8033.88,1466.12,41.3,18.2
FieldSize,Albion Park,2138,Mobile,PACERS,9,LEAD,273,107,8849.87,1850.13,39.2,20.9
FieldSize,Albion Park,2138,Mobile,TROTTERS,10,B/LEAD,14,2,232.91,-32.91,14.3,-14.1
FieldSize,Albion Park,2138,Mobile,TROTTERS,11,B/LEAD,19,0,185.99,-185.99,0.0,-100.0
FieldSize,Albion Park,2138,Mobile,TROTTERS,12,B/LEAD,22,2,235.47,-35.47,9.1,-15.1
FieldSize,Albion Park,2138,Mobile,TROTTERS,4,B/LEAD,1,1,76.92,23.08,100.0,30.0
FieldSize,Albion Park,2138,Mobile,TROTTERS,5,B/LEAD,8,2,192.65,7.35,25.0,3.8
FieldSize,Albion Park,2138,Mobile,TROTTERS,6,B/LEAD,18,3,283.35,16.65,16.7,5.9
FieldSize,Albion Park,2138,Mobile,TROTTERS,7,B/LEAD,30,2,443.84,-243.84,6.7,-54.9
FieldSize,Albion Park,2138,Mobile,TROTTERS,8,B/LEAD,24,2,392.99,-192.99,8.3,-49.1
FieldSize,Albion Park,2138,Mobile,TROTTERS,9,B/LEAD,26,1,268.58,-168.58,3.8,-62.8
FieldSize,Albion Park,2138,Mobile,TROTTERS,10,DEATH,14,4,300.66,99.34,28.6,33.0
FieldSize,Albion Park,2138,Mobile,TROTTERS,11,DEATH,19,5,349.66,150.34,26.3,43.0
FieldSize,Albion Park,2138,Mobile,TROTTERS,12,DEATH,22,3,331.12,-31.12,13.6,-9.4
FieldSize,Albion Park,2138,Mobile,TROTTERS,5,DEATH,3,0,33.66,-33.66,0.0,-100.0
FieldSize,Albion Park,2138,Mobile,TROTTERS,6,DEATH,13,0,268.56,-268.56,0.0,-100.0
FieldSize,Albion Park,2138,Mobile,TROTTERS,7,DEATH,27,4,777.43,-377.43,14.8,-48.5
FieldSize,Albion Park,2138,Mobile,TROTTERS,8,DEATH,26,6,647.47,-47.47,23.1,-7.3
FieldSize,Albion Park,2138,Mobile,TROTTERS,9,DEATH,26,3,406.38,-106.38,11.5,-26.2
FieldSize,Albion Park,2138,Mobile,TROTTERS,10,LEAD,14,6,375.0,225.0,42.9,60.0
FieldSize,Albion Park,2138,Mobile,TROTTERS,11,LEAD,19,8,589.34,210.66,42.1,35.7
FieldSize,Albion Park,2138,Mobile,TROTTERS,12,LEAD,22,7,523.87,176.13,31.8,33.6
FieldSize,Albion Park,2138,Mobile,TROTTERS,4,LEAD,1,0,13.89,-13.89,0.0,-100.0
FieldSize,Albion Park,2138,Mobile,TROTTERS,5,LEAD,8,3,254.68,45.32,37.5,17.8
FieldSize,Albion Park,2138,Mobile,TROTTERS,6,LEAD,18,11,771.05,328.95,61.1,42.7
FieldSize,Albion Park,2138,Mobile,TROTTERS,7,LEAD,30,15,965.52,534.48,50.0,55.4
FieldSize,Albion Park,2138,Mobile,TROTTERS,8,LEAD,23,10,659.25,340.75,43.5,51.7
FieldSize,Albion Park,2138,Mobile,TROTTERS,9,LEAD,26,15,867.22,632.78,57.7,73.0
FieldSize,Albion Park,2138,Stand,PACERS,10,B/LEAD,6,0,60.12,-60.12,0.0,-100.0
FieldSize,Albion Park,2138,Stand,PACERS,11,B/LEAD,1,1,14.29,85.71,100.0,599.8
FieldSize,Albion Park,2138,Stand,PACERS,12,B/LEAD,1,0,6.25,-6.25,0.0,-100.0
FieldSize,Albion Park,2138,Stand,PACERS,5,B/LEAD,1,0,16.67,-16.67,0.0,-100.0
FieldSize,Albion Park,2138,Stand,PACERS,6,B/LEAD,4,0,27.11,-27.11,0.0,-100.0
FieldSize,Albion Park,2138,Stand,PACERS,7,B/LEAD,16,3,326.21,-26.21,18.8,-8.0
FieldSize,Albion Park,2138,Stand,PACERS,8,B/LEAD,10,0,134.36,-134.36,0.0,-100.0
FieldSize,Albion Park,2138,Stand,PACERS,9,B/LEAD,14,1,115.19,-15.19,7.1,-13.2
FieldSize,Albion Park,2138,Stand,PACERS,10,DEATH,6,1,84.4,15.6,16.7,18.5
FieldSize,Albion Park,2138,Stand,PACERS,11,DEATH,1,0,18.18,-18.18,0.0,-100.0
FieldSize,Albion Park,2138,Stand,PACERS,12,DEATH,1,0,1.96,-1.96,0.0,-100.0
FieldSize,Albion Park,2138,Stand,PACERS,5,DEATH,1,0,31.25,-31.25,0.0,-100.0
FieldSize,Albion Park,2138,Stand,PACERS,6,DEATH,3,0,158.82,-158.82,0.0,-100.0
FieldSize,Albion Park,2138,Stand,PACERS,7,DEATH,15,5,419.38,80.62,33.3,19.2
FieldSize,Albion Park,2138,Stand,PACERS,8,DEATH,13,2,316.4,-116.4,15.4,-36.8
FieldSize,Albion Park,2138,Stand,PACERS,9,DEATH,14,1,290.62,-190.62,7.1,-65.6
FieldSize,Albion Park,2138,Stand,PACERS,10,LEAD,6,3,136.93,163.07,50.0,119.1
FieldSize,Albion Park,2138,Stand,PACERS,11,LEAD,1,0,10.0,-10.0,0.0,-100.0
FieldSize,Albion Park,2138,Stand,PACERS,12,LEAD,1,1,86.96,13.04,100.0,15.0
FieldSize,Albion Park,2138,Stand,PACERS,5,LEAD,1,1,52.63,47.37,100.0,90.0
FieldSize,Albion Park,2138,Stand,PACERS,6,LEAD,4,2,89.66,110.34,50.0,123.1
FieldSize,Albion Park,2138,Stand,PACERS,7,LEAD,16,7,429.59,270.41,43.8,62.9
FieldSize,Albion Park,2138,Stand,PACERS,8,LEAD,10,4,163.22,236.78,40.0,145.1
FieldSize,Albion Park,2138,Stand,PACERS,9,LEAD,13,5,212.62,287.38,38.5,135.2
FieldSize,Albion Park,2138,Stand,TROTTERS,10,B/LEAD,84,7,906.89,-206.89,8.3,-22.8
FieldSize,Albion Park,2138,Stand,TROTTERS,11,B/LEAD,83,12,875.82,324.18,14.5,37.0
FieldSize,Albion Park,2138,Stand,TROTTERS,12,B/LEAD,72,11,823.69,276.31,15.3,33.5
FieldSize,Albion Park,2138,Stand,TROTTERS,13,B/LEAD,31,5,363.39,136.61,16.1,37.6
FieldSize,Albion Park,2138,Stand,TROTTERS,14,B/LEAD,31,1,242.99,-142.99,3.2,-58.8
FieldSize,Albion Park,2138,Stand,TROTTERS,2,B/LEAD,1,0,0.0,0.0,0.0,
FieldSize,Albion Park,2138,Stand,TROTTERS,3,B/LEAD,3,1,93.06,6.94,33.3,7.5
FieldSize,Albion Park,2138,Stand,TROTTERS,4,B/LEAD,12,2,300.26,-100.26,16.7,-33.4
FieldSize,Albion Park,2138,Stand,TROTTERS,5,B/LEAD,29,3,567.78,-267.78,10.3,-47.2
FieldSize,Albion Park,2138,Stand,TROTTERS,6,B/LEAD,35,6,669.61,-69.61,17.1,-10.4
FieldSize,Albion Park,2138,Stand,TROTTERS,7,B/LEAD,56,12,1100.99,99.01,21.4,9.0
FieldSize,Albion Park,2138,Stand,TROTTERS,8,B/LEAD,74,8,1020.52,-220.52,10.8,-21.6
FieldSize,Albion Park,2138,Stand,TROTTERS,9,B/LEAD,89,7,997.49,-297.49,7.9,-29.8
FieldSize,Albion Park,2138,Stand,TROTTERS,10,DEATH,79,10,1156.92,-156.92,12.7,-13.6
FieldSize,Albion Park,2138,Stand,TROTTERS,11,DEATH,79,10,1050.04,-50.04,12.7,-4.8
FieldSize,Albion Park,2138,Stand,TROTTERS,12,DEATH,72,6,911.91,-311.91,8.3,-34.2
FieldSize,Albion Park,2138,Stand,TROTTERS,13,DEATH,30,1,339.66,-239.66,3.3,-70.6
FieldSize,Albion Park,2138,Stand,TROTTERS,14,DEATH,32,4,417.23,-17.23,12.5,-4.1
FieldSize,Albion Park,2138,Stand,TROTTERS,4,DEATH,2,1,73.81,26.19,50.0,35.5
FieldSize,Albion Park,2138,Stand,TROTTERS,5,DEATH,3,1,51.67,48.33,33.3,93.5
FieldSize,Albion Park,2138,Stand,TROTTERS,6,DEATH,20,5,590.3,-90.3,25.0,-15.3
FieldSize,Albion Park,2138,Stand,TROTTERS,7,DEATH,41,5,738.45,-238.45,12.2,-32.3
FieldSize,Albion Park,2138,Stand,TROTTERS,8,DEATH,61,10,1300.28,-300.28,16.4,-23.1
FieldSize,Albion Park,2138,Stand,TROTTERS,9,DEATH,80,8,1544.48,-744.48,10.0,-48.2
FieldSize,Albion Park,2138,Stand,TROTTERS,10,LEAD,83,29,1536.22,1363.78,34.9,88.8
FieldSize,Albion Park,2138,Stand,TROTTERS,11,LEAD,83,26,1388.74,1211.26,31.3,87.2
FieldSize,Albion Park,2138,Stand,TROTTERS,12,LEAD,72,28,1396.97,1403.03,38.9,100.4
FieldSize,Albion Park,2138,Stand,TROTTERS,13,LEAD,33,12,589.16,610.84,36.4,103.7
FieldSize,Albion Park,2138,Stand,TROTTERS,14,LEAD,32,13,603.97,696.03,40.6,115.2
FieldSize,Albion Park,2138,Stand,TROTTERS,2,LEAD,1,1,0.0,0.0,100.0,
FieldSize,Albion Park,2138,Stand,TROTTERS,3,LEAD,3,2,133.12,66.88,66.7,50.2
FieldSize,Albion Park,2138,Stand,TROTTERS,4,LEAD,12,8,548.1,251.9,66.7,46.0
FieldSize,Albion Park,2138,Stand,TROTTERS,5,LEAD,30,20,1134.79,865.21,66.7,76.2
FieldSize,Albion Park,2138,Stand,TROTTERS,6,LEAD,35,12,925.89,274.11,34.3,29.6
FieldSize,Albion Park,2138,Stand,TROTTERS,7,LEAD,56,21,1327.41,772.59,37.5,58.2
FieldSize,Albion Park,2138,Stand,TROTTERS,8,LEAD,72,20,1572.82,427.18,27.8,27.2
FieldSize,Albion Park,2138,Stand,TROTTERS,9,LEAD,90,35,1810.08,1689.92,38.9,93.4
FieldSize,Albion Park,2647,Stand,PACERS,13,B/LEAD,4,0,22.29,-22.29,0.0,-100.0
FieldSize,Albion Park,2647,Stand,PACERS,14,B/LEAD,3,1,26.32,73.68,33.3,279.9
FieldSize,Albion Park,2647,Stand,PACERS,6,B/LEAD,3,1,68.55,31.45,33.3,45.9
FieldSize,Albion Park,2647,Stand,PACERS,8,B/LEAD,4,1,108.66,-8.66,25.0,-8.0
FieldSize,Albion Park,2647,Stand,PACERS,9,B/LEAD,4,1,64.75,35.25,25.0,54.4
FieldSize,Albion Park,2647,Stand,PACERS,13,DEATH,4,1,47.41,52.59,25.0,110.9
FieldSize,Albion Park,2647,Stand,PACERS,14,DEATH,3,0,23.05,-23.05,0.0,-100.0
FieldSize,Albion Park,2647,Stand,PACERS,6,DEATH,2,0,21.26,-21.26,0.0,-100.0
FieldSize,Albion Park,2647,Stand,PACERS,8,DEATH,3,0,65.38,-65.38,0.0,-100.0
FieldSize,Albion Park,2647,Stand,PACERS,9,DEATH,4,0,86.77,-86.77,0.0,-100.0
FieldSize,Albion Park,2647,Stand,PACERS,13,LEAD,4,1,45.72,54.28,25.0,118.7
FieldSize,Albion Park,2647,Stand,PACERS,14,LEAD,3,0,49.26,-49.26,0.0,-100.0
FieldSize,Albion Park,2647,Stand,PACERS,6,LEAD,3,2,165.0,35.0,66.7,21.2
FieldSize,Albion Park,2647,Stand,PACERS,8,LEAD,4,2,80.28,119.72,50.0,149.1
FieldSize,Albion Park,2647,Stand,PACERS,9,LEAD,4,1,86.85,13.15,25.0,15.1
FieldSize,Albion Park,2647,Stand,TROTTERS,10,B/LEAD,8,0,74.16,-74.16,0.0,-100.0
FieldSize,Albion Park,2647,Stand,TROTTERS,11,B/LEAD,10,0,98.45,-98.45,0.0,-100.0
FieldSize,Albion Park,2647,Stand,TROTTERS,12,B/LEAD,7,0,50.87,-50.87,0.0,-100.0
FieldSize,Albion Park,2647,Stand,TROTTERS,13,B/LEAD,10,1,204.32,-104.32,10.0,-51.1
FieldSize,Albion Park,2647,Stand,TROTTERS,14,B/LEAD,7,1,31.17,68.83,14.3,220.8
FieldSize,Albion Park,2647,Stand,TROTTERS,5,B/LEAD,2,0,39.01,-39.01,0.0,-100.0
FieldSize,Albion Park,2647,Stand,TROTTERS,6,B/LEAD,5,0,75.59,-75.59,0.0,-100.0
FieldSize,Albion Park,2647,Stand,TROTTERS,7,B/LEAD,23,5,428.02,71.98,21.7,16.8
FieldSize,Albion Park,2647,Stand,TROTTERS,8,B/LEAD,18,3,338.53,-38.53,16.7,-11.4
FieldSize,Albion Park,2647,Stand,TROTTERS,9,B/LEAD,10,0,86.06,-86.06,0.0,-100.0
FieldSize,Albion Park,2647,Stand,TROTTERS,10,DEATH,8,0,116.8,-116.8,0.0,-100.0
FieldSize,Albion Park,2647,Stand,TROTTERS,11,DEATH,10,0,83.93,-83.93,0.0,-100.0
FieldSize,Albion Park,2647,Stand,TROTTERS,12,DEATH,7,0,67.94,-67.94,0.0,-100.0
FieldSize,Albion Park,2647,Stand,TROTTERS,13,DEATH,10,1,71.88,28.12,10.0,39.1
FieldSize,Albion Park,2647,Stand,TROTTERS,14,DEATH,7,1,134.99,-34.99,14.3,-25.9
FieldSize,Albion Park,2647,Stand,TROTTERS,6,DEATH,2,1,91.43,8.57,50.0,9.4
FieldSize,Albion Park,2647,Stand,TROTTERS,7,DEATH,19,0,399.3,-399.3,0.0,-100.0
FieldSize,Albion Park,2647,Stand,TROTTERS,8,DEATH,19,2,343.59,-143.59,10.5,-41.8
FieldSize,Albion Park,2647,Stand,TROTTERS,9,DEATH,10,0,142.6,-142.6,0.0,-100.0
FieldSize,Albion Park,2647,Stand,TROTTERS,10,LEAD,8,2,136.53,63.47,25.0,46.5
FieldSize,Albion Park,2647,Stand,TROTTERS,11,LEAD,10,6,204.82,395.18,60.0,192.9
FieldSize,Albion Park,2647,Stand,TROTTERS,12,LEAD,7,0,139.39,-139.39,0.0,-100.0
FieldSize,Albion Park,2647,Stand,TROTTERS,13,LEAD,10,4,107.18,292.82,40.0,273.2
FieldSize,Albion Park,2647,Stand,TROTTERS,14,LEAD,7,3,116.56,183.44,42.9,157.4
FieldSize,Albion Park,2647,Stand,TROTTERS,5,LEAD,2,2,140.74,59.26,100.0,42.1
FieldSize,Albion Park,2647,Stand,TROTTERS,6,LEAD,5,2,155.27,44.73,40.0,28.8
FieldSize,Albion Park,2647,Stand,TROTTERS,7,LEAD,23,11,587.37,512.63,47.8,87.3
FieldSize,Albion Park,2647,Stand,TROTTERS,8,LEAD,19,3,262.49,37.51,15.8,14.3
FieldSize,Albion Park,2647,Stand,TROTTERS,9,LEAD,10,3,161.17,138.83,30.0,86.1
FieldSize,Albion Park,2680,Mobile,PACERS,10,B/LEAD,3,0,16.68,-16.68,0.0,-100.0
FieldSize,Albion Park,2680,Mobile,PACERS,11,B/LEAD,7,0,38.67,-38.67,0.0,-100.0
FieldSize,Albion Park,2680,Mobile,PACERS,12,B/LEAD,20,4,347.76,52.24,20.0,15.0
FieldSize,Albion Park,2680,Mobile,PACERS,5,B/LEAD,1,0,6.67,-6.67,0.0,-100.0
FieldSize,Albion Park,2680,Mobile,PACERS,6,B/LEAD,2,0,15.46,-15.46,0.0,-100.0
FieldSize,Albion Park,2680,Mobile,PACERS,7,B/LEAD,5,2,90.66,109.34,40.0,120.6
FieldSize,Albion Park,2680,Mobile,PACERS,8,B/LEAD,2,1,95.24,4.76,50.0,5.0
FieldSize,Albion Park,2680,Mobile,PACERS,9,B/LEAD,1,0,15.38,-15.38,0.0,-100.0
FieldSize,Albion Park,2680,Mobile,PACERS,10,DEATH,3,0,27.94,-27.94,0.0,-100.0
FieldSize,Albion Park,2680,Mobile,PACERS,11,DEATH,7,0,93.12,-93.12,0.0,-100.0
FieldSize,Albion Park,2680,Mobile,PACERS,12,DEATH,20,2,534.81,-334.81,10.0,-62.6
FieldSize,Albion Park,2680,Mobile,PACERS,6,DEATH,1,0,13.33,-13.33,0.0,-100.0
FieldSize,Albion Park,2680,Mobile,PACERS,7,DEATH,4,1,62.14,37.86,25.0,60.9
FieldSize,Albion Park,2680,Mobile,PACERS,8,DEATH,2,0,30.83,-30.83,0.0,-100.0
FieldSize,Albion Park,2680,Mobile,PACERS,9,DEATH,2,0,33.26,-33.26,0.0,-100.0
FieldSize,Albion Park,2680,Mobile,PACERS,10,LEAD,3,3,215.49,84.51,100.0,39.2
FieldSize,Albion Park,2680,Mobile,PACERS,11,LEAD,6,2,144.89,55.11,33.3,38.0
FieldSize,Albion Park,2680,Mobile,PACERS,12,LEAD,20,8,541.74,258.26,40.0,47.7
FieldSize,Albion Park,2680,Mobile,PACERS,5,LEAD,1,1,95.24,4.76,100.0,5.0
FieldSize,Albion Park,2680,Mobile,PACERS,6,LEAD,2,2,130.2,69.8,100.0,53.6
FieldSize,Albion Park,2680,Mobile,PACERS,7,LEAD,5,2,303.07,-103.07,40.0,-34.0
FieldSize,Albion Park,2680,Mobile,PACERS,8,LEAD,2,1,44.48,55.52,50.0,124.8
FieldSize,Albion Park,2680,Mobile,PACERS,9,LEAD,2,1,33.81,66.19,50.0,195.8
FieldSize,Albion Park,2680,Mobile,TROTTERS,10,B/LEAD,2,0,3.73,-3.73,0.0,-100.0
FieldSize,Albion Park,2680,Mobile,TROTTERS,11,B/LEAD,2,1,81.43,18.57,50.0,22.8
FieldSize,Albion Park,2680,Mobile,TROTTERS,12,B/LEAD,1,0,0.99,-0.99,0.0,-100.0
FieldSize,Albion Park,2680,Mobile,TROTTERS,8,B/LEAD,1,0,5.26,-5.26,0.0,-100.0
FieldSize,Albion Park,2680,Mobile,TROTTERS,9,B/LEAD,1,0,15.38,-15.38,0.0,-100.0
FieldSize,Albion Park,2680,Mobile,TROTTERS,10,DEATH,2,0,9.48,-9.48,0.0,-100.0
FieldSize,Albion Park,2680,Mobile,TROTTERS,11,DEATH,2,0,42.85,-42.85,0.0,-100.0
FieldSize,Albion Park,2680,Mobile,TROTTERS,12,DEATH,1,1,83.33,16.67,100.0,20.0
FieldSize,Albion Park,2680,Mobile,TROTTERS,8,DEATH,1,0,41.67,-41.67,0.0,-100.0
FieldSize,Albion Park,2680,Mobile,TROTTERS,9,DEATH,1,0,10.0,-10.0,0.0,-100.0
FieldSize,Albion Park,2680,Mobile,TROTTERS,10,LEAD,2,2,153.81,46.19,100.0,30.0
FieldSize,Albion Park,2680,Mobile,TROTTERS,11,LEAD,2,1,29.17,70.83,50.0,242.8
FieldSize,Albion Park,2680,Mobile,TROTTERS,12,LEAD,1,0,5.26,-5.26,0.0,-100.0
FieldSize,Albion Park,2680,Mobile,TROTTERS,8,LEAD,1,1,60.61,39.39,100.0,65.0
FieldSize,Albion Park,2680,Mobile,TROTTERS,9,LEAD,1,0,16.67,-16.67,0.0,-100.0
FieldSize,Albion Park,3157,Mobile,PACERS,12,B/LEAD,1,0,3.23,-3.23,0.0,-100.0
FieldSize,Albion Park,3157,Mobile,PACERS,12,DEATH,1,0,3.23,-3.23,0.0,-100.0
FieldSize,Albion Park,3157,Mobile,PACERS,12,LEAD,1,1,81.97,18.03,100.0,22.0
FieldSize,Albion Park,3157,Mobile,TROTTERS,12,B/LEAD,1,0,32.26,-32.26,0.0,-100.0
FieldSize,Albion Park,3157,Mobile,TROTTERS,12,DEATH,1,0,2.44,-2.44,0.0,-100.0
FieldSize,Albion Park,3157,Mobile,TROTTERS,12,LEAD,1,1,38.46,61.54,100.0,160.0
FieldSize,Albion Park,3157,Stand,TROTTERS,10,B/LEAD,1,0,12.5,-12.5,0.0,-100.0
FieldSize,Albion Park,3157,Stand,TROTTERS,13,B/LEAD,1,1,16.67,83.33,100.0,499.9
FieldSize,Albion Park,3157,Stand,TROTTERS,9,B/LEAD,3,0,23.85,-23.85,0.0,-100.0
FieldSize,Albion Park,3157,Stand,TROTTERS,10,DEATH,1,0,14.29,-14.29,0.0,-100.0
FieldSize,Albion Park,3157,Stand,TROTTERS,13,DEATH,1,0,21.74,-21.74,0.0,-100.0
FieldSize,Albion Park,3157,Stand,TROTTERS,9,DEATH,3,0,51.41,-51.41,0.0,-100.0
FieldSize,Albion Park,3157,Stand,TROTTERS,10,LEAD,1,0,20.0,-20.0,0.0,-100.0
FieldSize,Albion Park,3157,Stand,TROTTERS,13,LEAD,1,0,27.78,-27.78,0.0,-100.0
FieldSize,Albion Park,3157,Stand,TROTTERS,9,LEAD,3,0,76.59,-76.59,0.0,-100.0
FieldSize,Albury,1770,Mobile,PACERS,10,B/LEAD,91,9,1254.38,-354.38,9.9,-28.3
FieldSize,Albury,1770,Mobile,PACERS,6,B/LEAD,9,0,187.78,-187.78,0.0,-100.0
FieldSize,Albury,1770,Mobile,PACERS,7,B/LEAD,33,2,456.18,-256.18,6.1,-56.2
FieldSize,Albury,1770,Mobile,PACERS,8,B/LEAD,87,9,1339.28,-439.28,10.3,-32.8
FieldSize,Albury,1770,Mobile,PACERS,9,B/LEAD,96,12,1409.52,-209.52,12.5,-14.9
FieldSize,Albury,1770,Mobile,PACERS,10,DEATH,90,16,1496.42,103.58,17.8,6.9
FieldSize,Albury,1770,Mobile,PACERS,6,DEATH,8,3,253.89,46.11,37.5,18.2
FieldSize,Albury,1770,Mobile,PACERS,7,DEATH,35,5,757.26,-257.26,14.3,-34.0
FieldSize,Albury,1770,Mobile,PACERS,8,DEATH,86,18,2069.48,-269.48,20.9,-13.0
FieldSize,Albury,1770,Mobile,PACERS,9,DEATH,95,17,1983.25,-283.25,17.9,-14.3
FieldSize,Albury,1770,Mobile,PACERS,10,LEAD,91,42,3083.25,1116.75,46.2,36.2
FieldSize,Albury,1770,Mobile,PACERS,6,LEAD,9,5,317.03,182.97,55.6,57.7
FieldSize,Albury,1770,Mobile,PACERS,7,LEAD,37,19,1442.37,457.63,51.4,31.7
FieldSize,Albury,1770,Mobile,PACERS,8,LEAD,85,34,2510.17,889.83,40.0,35.4
FieldSize,Albury,1770,Mobile,PACERS,9,LEAD,95,38,2749.36,1050.64,40.0,38.2
FieldSize,Albury,1770,Mobile,TROTTERS,7,B/LEAD,1,0,12.5,-12.5,0.0,-100.0
FieldSize,Albury,1770,Mobile,TROTTERS,9,B/LEAD,1,0,1.23,-1.23,0.0,-100.0
FieldSize,Albury,1770,Mobile,TROTTERS,7,DEATH,1,1,45.45,54.55,100.0,120.0
FieldSize,Albury,1770,Mobile,TROTTERS,9,DEATH,1,0,10.53,-10.53,0.0,-100.0
FieldSize,Albury,1770,Mobile,TROTTERS,7,LEAD,1,0,6.67,-6.67,0.0,-100.0
FieldSize,Albury,1770,Mobile,TROTTERS,9,LEAD,1,1,12.5,87.5,100.0,700.0
FieldSize,Albury,2170,Mobile,PACERS,10,B/LEAD,18,3,287.71,12.29,16.7,4.3
FieldSize,Albury,2170,Mobile,PACERS,5,B/LEAD,4,1,19.22,80.78,25.0,420.3
FieldSize,Albury,2170,Mobile,PACERS,6,B/LEAD,8,1,161.11,-61.11,12.5,-37.9
FieldSize,Albury,2170,Mobile,PACERS,7,B/LEAD,10,2,141.84,58.16,20.0,41.0
FieldSize,Albury,2170,Mobile,PACERS,8,B/LEAD,23,5,367.83,132.17,21.7,35.9
FieldSize,Albury,2170,Mobile,PACERS,9,B/LEAD,25,1,282.5,-182.5,4.0,-64.6
FieldSize,Albury,2170,Mobile,PACERS,10,DEATH,19,1,358.77,-258.77,5.3,-72.1
FieldSize,Albury,2170,Mobile,PACERS,5,DEATH,5,0,98.41,-98.41,0.0,-100.0
FieldSize,Albury,2170,Mobile,PACERS,6,DEATH,8,1,158.73,-58.73,12.5,-37.0
FieldSize,Albury,2170,Mobile,PACERS,7,DEATH,10,1,211.93,-111.93,10.0,-52.8
FieldSize,Albury,2170,Mobile,PACERS,8,DEATH,23,3,595.09,-295.09,13.0,-49.6
FieldSize,Albury,2170,Mobile,PACERS,9,DEATH,25,4,465.44,-65.44,16.0,-14.1
FieldSize,Albury,2170,Mobile,PACERS,10,LEAD,18,9,468.1,431.9,50.0,92.3
FieldSize,Albury,2170,Mobile,PACERS,5,LEAD,4,3,286.99,13.01,75.0,4.5
FieldSize,Albury,2170,Mobile,PACERS,6,LEAD,8,4,309.33,90.67,50.0,29.3
FieldSize,Albury,2170,Mobile,PACERS,7,LEAD,10,7,440.82,259.18,70.0,58.8
FieldSize,Albury,2170,Mobile,PACERS,8,LEAD,23,9,751.68,148.32,39.1,19.7
FieldSize,Albury,2170,Mobile,PACERS,9,LEAD,25,11,761.67,338.33,44.0,44.4
FieldSize,Albury,2170,Mobile,TROTTERS,6,B/LEAD,1,0,7.14,-7.14,0.0,-100.0
FieldSize,Albury,2170,Mobile,TROTTERS,8,B/LEAD,1,0,16.67,-16.67,0.0,-100.0
FieldSize,Albury,2170,Mobile,TROTTERS,6,DEATH,1,0,38.46,-38.46,0.0,-100.0
FieldSize,Albury,2170,Mobile,TROTTERS,8,DEATH,1,1,9.09,90.91,100.0,1000.1
FieldSize,Albury,2170,Mobile,TROTTERS,6,LEAD,1,0,52.63,-52.63,0.0,-100.0
FieldSize,Albury,2170,Mobile,TROTTERS,8,LEAD,1,0,68.97,-68.97,0.0,-100.0
FieldSize,Albury,2555,Mobile,PACERS,5,B/LEAD,1,1,23.81,76.19,100.0,320.0
FieldSize,Albury,2555,Mobile,PACERS,5,DEATH,1,0,22.73,-22.73,0.0,-100.0
FieldSize,Albury,2555,Mobile,PACERS,5,LEAD,1,0,50.0,-50.0,0.0,-100.0
FieldSize,Albury,2570,Mobile,PACERS,10,B/LEAD,1,1,8.33,91.67,100.0,1100.5
FieldSize,Albury,2570,Mobile,PACERS,7,B/LEAD,1,0,2.44,-2.44,0.0,-100.0
FieldSize,Albury,2570,Mobile,PACERS,8,B/LEAD,1,0,37.04,-37.04,0.0,-100.0
FieldSize,Albury,2570,Mobile,PACERS,9,B/LEAD,1,0,2.94,-2.94,0.0,-100.0
FieldSize,Albury,2570,Mobile,PACERS,10,DEATH,1,0,51.28,-51.28,0.0,-100.0
FieldSize,Albury,2570,Mobile,PACERS,7,DEATH,1,0,4.35,-4.35,0.0,-100.0
FieldSize,Albury,2570,Mobile,PACERS,8,DEATH,1,0,28.57,-28.57,0.0,-100.0
FieldSize,Albury,2570,Mobile,PACERS,9,DEATH,1,0,94.34,-94.34,0.0,-100.0
FieldSize,Albury,2570,Mobile,PACERS,10,LEAD,1,0,28.57,-28.57,0.0,-100.0
FieldSize,Albury,2570,Mobile,PACERS,7,LEAD,1,1,96.15,3.85,100.0,4.0
FieldSize,Albury,2570,Mobile,PACERS,8,LEAD,1,1,25.64,74.36,100.0,290.0
FieldSize,Albury,2570,Mobile,PACERS,9,LEAD,1,1,12.5,87.5,100.0,700.0
FieldSize,Ararat,1790,Mobile,PACERS,10,B/LEAD,46,5,674.38,-174.38,10.9,-25.9
FieldSize,Ararat,1790,Mobile,PACERS,11,B/LEAD,6,0,60.86,-60.86,0.0,-100.0
FieldSize,Ararat,1790,Mobile,PACERS,5,B/LEAD,2,1,57.62,42.38,50.0,73.6
FieldSize,Ararat,1790,Mobile,PACERS,6,B/LEAD,3,0,53.42,-53.42,0.0,-100.0
FieldSize,Ararat,1790,Mobile,PACERS,7,B/LEAD,7,0,181.55,-181.55,0.0,-100.0
FieldSize,Ararat,1790,Mobile,PACERS,8,B/LEAD,29,8,382.1,417.9,27.6,109.4
FieldSize,Ararat,1790,Mobile,PACERS,9,B/LEAD,27,3,359.41,-59.41,11.1,-16.5
FieldSize,Ararat,1790,Mobile,PACERS,10,DEATH,46,7,777.35,-77.35,15.2,-10.0
FieldSize,Ararat,1790,Mobile,PACERS,11,DEATH,6,0,149.27,-149.27,0.0,-100.0
FieldSize,Ararat,1790,Mobile,PACERS,5,DEATH,2,0,79.93,-79.93,0.0,-100.0
FieldSize,Ararat,1790,Mobile,PACERS,6,DEATH,3,0,135.84,-135.84,0.0,-100.0
FieldSize,Ararat,1790,Mobile,PACERS,7,DEATH,7,1,137.06,-37.06,14.3,-27.0
FieldSize,Ararat,1790,Mobile,PACERS,8,DEATH,28,7,577.63,122.37,25.0,21.2
FieldSize,Ararat,1790,Mobile,PACERS,9,DEATH,27,5,440.43,59.57,18.5,13.5
FieldSize,Ararat,1790,Mobile,PACERS,10,LEAD,46,12,1102.92,97.08,26.1,8.8
FieldSize,Ararat,1790,Mobile,PACERS,11,LEAD,6,4,246.22,153.78,66.7,62.5
FieldSize,Ararat,1790,Mobile,PACERS,5,LEAD,2,1,41.02,58.98,50.0,143.8
FieldSize,Ararat,1790,Mobile,PACERS,6,LEAD,3,2,85.27,114.73,66.7,134.5
FieldSize,Ararat,1790,Mobile,PACERS,7,LEAD,7,1,190.07,-90.07,14.3,-47.4
FieldSize,Ararat,1790,Mobile,PACERS,8,LEAD,29,7,645.51,54.49,24.1,8.4
FieldSize,Ararat,1790,Mobile,PACERS,9,LEAD,27,12,821.2,378.8,44.4,46.1
FieldSize,Ararat,1790,Mobile,TROTTERS,10,B/LEAD,2,0,32.73,-32.73,0.0,-100.0
FieldSize,Ararat,1790,Mobile,TROTTERS,8,B/LEAD,1,0,0.66,-0.66,0.0,-100.0
FieldSize,Ararat,1790,Mobile,TROTTERS,9,B/LEAD,2,0,12.03,-12.03,0.0,-100.0
FieldSize,Ararat,1790,Mobile,TROTTERS,10,DEATH,2,0,31.11,-31.11,0.0,-100.0
FieldSize,Ararat,1790,Mobile,TROTTERS,8,DEATH,1,0,26.32,-26.32,0.0,-100.0
FieldSize,Ararat,1790,Mobile,TROTTERS,9,DEATH,2,1,26.41,73.59,50.0,278.6
FieldSize,Ararat,1790,Mobile,TROTTERS,10,LEAD,2,0,26.49,-26.49,0.0,-100.0
FieldSize,Ararat,1790,Mobile,TROTTERS,8,LEAD,1,0,29.41,-29.41,0.0,-100.0
FieldSize,Ararat,1790,Mobile,TROTTERS,9,LEAD,2,1,96.0,4.0,50.0,4.2
FieldSize,Ararat,2165,Stand,TROTTERS,10,B/LEAD,3,0,11.12,-11.12,0.0,-100.0
FieldSize,Ararat,2165,Stand,TROTTERS,11,B/LEAD,2,0,17.69,-17.69,0.0,-100.0
FieldSize,Ararat,2165,Stand,TROTTERS,12,B/LEAD,3,0,29.94,-29.94,0.0,-100.0
FieldSize,Ararat,2165,Stand,TROTTERS,6,B/LEAD,1,1,50.0,50.0,100.0,100.0
FieldSize,Ararat,2165,Stand,TROTTERS,7,B/LEAD,1,0,0.99,-0.99,0.0,-100.0
FieldSize,Ararat,2165,Stand,TROTTERS,8,B/LEAD,3,0,55.63,-55.63,0.0,-100.0
FieldSize,Ararat,2165,Stand,TROTTERS,9,B/LEAD,4,0,29.94,-29.94,0.0,-100.0
FieldSize,Ararat,2165,Stand,TROTTERS,10,DEATH,3,1,48.06,51.94,33.3,108.1
FieldSize,Ararat,2165,Stand,TROTTERS,11,DEATH,2,0,35.0,-35.0,0.0,-100.0
FieldSize,Ararat,2165,Stand,TROTTERS,12,DEATH,3,0,12.84,-12.84,0.0,-100.0
FieldSize,Ararat,2165,Stand,TROTTERS,7,DEATH,1,0,5.26,-5.26,0.0,-100.0
FieldSize,Ararat,2165,Stand,TROTTERS,8,DEATH,3,1,80.6,19.4,33.3,24.1
FieldSize,Ararat,2165,Stand,TROTTERS,9,DEATH,4,0,32.33,-32.33,0.0,-100.0
FieldSize,Ararat,2165,Stand,TROTTERS,10,LEAD,3,0,47.77,-47.77,0.0,-100.0
FieldSize,Ararat,2165,Stand,TROTTERS,11,LEAD,2,1,56.81,43.19,50.0,76.0
FieldSize,Ararat,2165,Stand,TROTTERS,12,LEAD,3,1,14.81,85.19,33.3,575.2
FieldSize,Ararat,2165,Stand,TROTTERS,6,LEAD,1,0,1.23,-1.23,0.0,-100.0
FieldSize,Ararat,2165,Stand,TROTTERS,7,LEAD,1,1,18.18,81.82,100.0,450.1
FieldSize,Ararat,2165,Stand,TROTTERS,8,LEAD,3,1,37.86,62.14,33.3,164.1
FieldSize,Ararat,2165,Stand,TROTTERS,9,LEAD,4,2,70.53,129.47,50.0,183.6
FieldSize,Ararat,2195,Mobile,PACERS,10,B/LEAD,34,3,487.7,-187.7,8.8,-38.5
FieldSize,Ararat,2195,Mobile,PACERS,11,B/LEAD,4,0,57.26,-57.26,0.0,-100.0
FieldSize,Ararat,2195,Mobile,PACERS,5,B/LEAD,1,0,16.67,-16.67,0.0,-100.0
FieldSize,Ararat,2195,Mobile,PACERS,6,B/LEAD,11,2,187.63,12.37,18.2,6.6
FieldSize,Ararat,2195,Mobile,PACERS,7,B/LEAD,11,2,194.81,5.19,18.2,2.7
FieldSize,Ararat,2195,Mobile,PACERS,8,B/LEAD,22,3,291.96,8.04,13.6,2.8
FieldSize,Ararat,2195,Mobile,PACERS,9,B/LEAD,25,0,283.4,-283.4,0.0,-100.0
FieldSize,Ararat,2195,Mobile,PACERS,10,DEATH,33,4,636.11,-236.11,12.1,-37.1
FieldSize,Ararat,2195,Mobile,PACERS,11,DEATH,4,0,42.54,-42.54,0.0,-100.0
FieldSize,Ararat,2195,Mobile,PACERS,5,DEATH,1,1,37.04,62.96,100.0,170.0
FieldSize,Ararat,2195,Mobile,PACERS,6,DEATH,11,0,191.76,-191.76,0.0,-100.0
FieldSize,Ararat,2195,Mobile,PACERS,7,DEATH,11,0,131.54,-131.54,0.0,-100.0
FieldSize,Ararat,2195,Mobile,PACERS,8,DEATH,22,2,687.76,-487.76,9.1,-70.9
FieldSize,Ararat,2195,Mobile,PACERS,9,DEATH,24,4,403.85,-3.85,16.7,-1.0
FieldSize,Ararat,2195,Mobile,PACERS,10,LEAD,34,12,868.87,331.13,35.3,38.1
FieldSize,Ararat,2195,Mobile,PACERS,11,LEAD,4,4,213.69,186.31,100.0,87.2
FieldSize,Ararat,2195,Mobile,PACERS,5,LEAD,1,0,47.62,-47.62,0.0,-100.0
FieldSize,Ararat,2195,Mobile,PACERS,6,LEAD,11,7,479.24,220.76,63.6,46.1
FieldSize,Ararat,2195,Mobile,PACERS,7,LEAD,11,6,570.45,29.55,54.5,5.2
FieldSize,Ararat,2195,Mobile,PACERS,8,LEAD,22,10,577.54,422.46,45.5,73.1
FieldSize,Ararat,2195,Mobile,PACERS,9,LEAD,25,8,643.58,156.42,32.0,24.3
FieldSize,Ararat,2195,Mobile,TROTTERS,10,B/LEAD,13,1,159.91,-59.91,7.7,-37.5
FieldSize,Ararat,2195,Mobile,TROTTERS,11,B/LEAD,2,0,5.88,-5.88,0.0,-100.0
FieldSize,Ararat,2195,Mobile,TROTTERS,5,B/LEAD,1,0,23.81,-23.81,0.0,-100.0
FieldSize,Ararat,2195,Mobile,TROTTERS,6,B/LEAD,1,0,4.35,-4.35,0.0,-100.0
FieldSize,Ararat,2195,Mobile,TROTTERS,7,B/LEAD,5,2,65.15,134.85,40.0,207.0
FieldSize,Ararat,2195,Mobile,TROTTERS,8,B/LEAD,4,0,47.29,-47.29,0.0,-100.0
FieldSize,Ararat,2195,Mobile,TROTTERS,9,B/LEAD,5,0,71.05,-71.05,0.0,-100.0
FieldSize,Ararat,2195,Mobile,TROTTERS,10,DEATH,12,2,225.82,-25.82,16.7,-11.4
FieldSize,Ararat,2195,Mobile,TROTTERS,11,DEATH,2,0,16.27,-16.27,0.0,-100.0
FieldSize,Ararat,2195,Mobile,TROTTERS,6,DEATH,1,0,83.33,-83.33,0.0,-100.0
FieldSize,Ararat,2195,Mobile,TROTTERS,7,DEATH,5,1,120.86,-20.86,20.0,-17.3
FieldSize,Ararat,2195,Mobile,TROTTERS,8,DEATH,3,0,55.95,-55.95,0.0,-100.0
FieldSize,Ararat,2195,Mobile,TROTTERS,9,DEATH,5,1,87.34,12.66,20.0,14.5
FieldSize,Ararat,2195,Mobile,TROTTERS,10,LEAD,13,2,306.24,-106.24,15.4,-34.7
FieldSize,Ararat,2195,Mobile,TROTTERS,11,LEAD,2,1,69.64,30.36,50.0,43.6
FieldSize,Ararat,2195,Mobile,TROTTERS,5,LEAD,1,1,68.97,31.03,100.0,45.0
FieldSize,Ararat,2195,Mobile,TROTTERS,6,LEAD,1,1,3.21,96.79,100.0,3015.3
FieldSize,Ararat,2195,Mobile,TROTTERS,7,LEAD,5,1,77.45,22.55,20.0,29.1
FieldSize,Ararat,2195,Mobile,TROTTERS,8,LEAD,4,1,98.48,1.52,25.0,1.5
FieldSize,Ararat,2195,Mobile,TROTTERS,9,LEAD,5,2,125.28,74.72,40.0,59.6
FieldSize,Ararat,2195,Stand,TROTTERS,10,B/LEAD,2,0,11.64,-11.64,0.0,-100.0
FieldSize,Ararat,2195,Stand,TROTTERS,10,DEATH,2,1,40.73,59.27,50.0,145.5
FieldSize,Ararat,2195,Stand,TROTTERS,10,LEAD,2,0,34.01,-34.01,0.0,-100.0
FieldSize,Ararat,2570,Stand,TROTTERS,10,B/LEAD,1,0,13.33,-13.33,0.0,-100.0
FieldSize,Ararat,2570,Stand,TROTTERS,11,B/LEAD,1,0,7.69,-7.69,0.0,-100.0
FieldSize,Ararat,2570,Stand,TROTTERS,12,B/LEAD,1,0,7.69,-7.69,0.0,-100.0
FieldSize,Ararat,2570,Stand,TROTTERS,6,B/LEAD,2,0,15.85,-15.85,0.0,-100.0
FieldSize,Ararat,2570,Stand,TROTTERS,9,B/LEAD,3,1,88.66,11.34,33.3,12.8
FieldSize,Ararat,2570,Stand,TROTTERS,10,DEATH,1,0,20.0,-20.0,0.0,-100.0
FieldSize,Ararat,2570,Stand,TROTTERS,11,DEATH,1,1,25.0,75.0,100.0,300.0
FieldSize,Ararat,2570,Stand,TROTTERS,12,DEATH,1,0,18.18,-18.18,0.0,-100.0
FieldSize,Ararat,2570,Stand,TROTTERS,6,DEATH,2,0,53.0,-53.0,0.0,-100.0
FieldSize,Ararat,2570,Stand,TROTTERS,9,DEATH,3,0,50.6,-50.6,0.0,-100.0
FieldSize,Ararat,2570,Stand,TROTTERS,10,LEAD,1,0,10.0,-10.0,0.0,-100.0
FieldSize,Ararat,2570,Stand,TROTTERS,11,LEAD,1,0,10.53,-10.53,0.0,-100.0
FieldSize,Ararat,2570,Stand,TROTTERS,12,LEAD,1,0,20.0,-20.0,0.0,-100.0
FieldSize,Ararat,2570,Stand,TROTTERS,6,LEAD,2,0,1.45,-1.45,0.0,-100.0
FieldSize,Ararat,2570,Stand,TROTTERS,9,LEAD,3,0,40.62,-40.62,0.0,-100.0
FieldSize,Armidale,1609,Mobile,PACERS,10,B/LEAD,23,2,272.88,-72.88,8.7,-26.7
FieldSize,Armidale,1609,Mobile,PACERS,6,B/LEAD,1,0,23.81,-23.81,0.0,-100.0
FieldSize,Armidale,1609,Mobile,PACERS,7,B/LEAD,2,0,19.82,-19.82,0.0,-100.0
FieldSize,Armidale,1609,Mobile,PACERS,8,B/LEAD,3,0,25.78,-25.78,0.0,-100.0
FieldSize,Armidale,1609,Mobile,PACERS,9,B/LEAD,11,1,74.95,25.05,9.1,33.4
FieldSize,Armidale,1609,Mobile,PACERS,10,DEATH,22,4,457.89,-57.89,18.2,-12.6
FieldSize,Armidale,1609,Mobile,PACERS,6,DEATH,1,0,26.32,-26.32,0.0,-100.0
FieldSize,Armidale,1609,Mobile,PACERS,7,DEATH,2,1,101.97,-1.97,50.0,-1.9
FieldSize,Armidale,1609,Mobile,PACERS,8,DEATH,3,0,98.31,-98.31,0.0,-100.0
FieldSize,Armidale,1609,Mobile,PACERS,9,DEATH,11,1,109.98,-9.98,9.1,-9.1
FieldSize,Armidale,1609,Mobile,PACERS,10,LEAD,22,7,610.67,89.33,31.8,14.6
FieldSize,Armidale,1609,Mobile,PACERS,6,LEAD,1,1,3.23,96.77,100.0,2996.0
FieldSize,Armidale,1609,Mobile,PACERS,7,LEAD,2,1,46.71,53.29,50.0,114.1
FieldSize,Armidale,1609,Mobile,PACERS,8,LEAD,3,2,102.02,97.98,66.7,96.0
FieldSize,Armidale,1609,Mobile,PACERS,9,LEAD,11,2,352.4,-152.4,18.2,-43.2
FieldSize,Armidale,1980,Mobile,PACERS,8,B/LEAD,1,0,21.74,-21.74,0.0,-100.0
FieldSize,Armidale,1980,Mobile,PACERS,8,DEATH,1,0,12.5,-12.5,0.0,-100.0
FieldSize,Armidale,1980,Mobile,PACERS,8,LEAD,1,1,10.0,90.0,100.0,900.0
FieldSize,Armidale,2360,Mobile,PACERS,10,B/LEAD,2,0,18.84,-18.84,0.0,-100.0
FieldSize,Armidale,2360,Mobile,PACERS,7,B/LEAD,1,1,4.76,95.24,100.0,2000.8
FieldSize,Armidale,2360,Mobile,PACERS,8,B/LEAD,1,0,7.69,-7.69,0.0,-100.0
FieldSize,Armidale,2360,Mobile,PACERS,10,DEATH,2,0,32.69,-32.69,0.0,-100.0
FieldSize,Armidale,2360,Mobile,PACERS,7,DEATH,1,0,10.0,-10.0,0.0,-100.0
FieldSize,Armidale,2360,Mobile,PACERS,8,DEATH,1,0,20.83,-20.83,0.0,-100.0
FieldSize,Armidale,2360,Mobile,PACERS,10,LEAD,2,0,39.01,-39.01,0.0,-100.0
FieldSize,Armidale,2360,Mobile,PACERS,7,LEAD,1,0,30.3,-30.3,0.0,-100.0
FieldSize,Armidale,2360,Mobile,PACERS,8,LEAD,1,1,71.43,28.57,100.0,40.0
FieldSize,Ballarat,1200,Mobile,PACERS,6,B/LEAD,1,0,3.19,-3.19,0.0,-100.0
FieldSize,Ballarat,1200,Mobile,PACERS,6,DEATH,1,0,13.89,-13.89,0.0,-100.0
FieldSize,Ballarat,1200,Mobile,PACERS,6,LEAD,1,0,76.92,-76.92,0.0,-100.0
FieldSize,Ballarat,1710,Mobile,PACERS,10,B/LEAD,146,11,1794.23,-694.23,7.5,-38.7
FieldSize,Ballarat,1710,Mobile,PACERS,11,B/LEAD,8,1,133.76,-33.76,12.5,-25.2
FieldSize,Ballarat,1710,Mobile,PACERS,12,B/LEAD,11,1,112.44,-12.44,9.1,-11.1
FieldSize,Ballarat,1710,Mobile,PACERS,5,B/LEAD,8,0,71.86,-71.86,0.0,-100.0
FieldSize,Ballarat,1710,Mobile,PACERS,6,B/LEAD,29,1,553.5,-453.5,3.4,-81.9
FieldSize,Ballarat,1710,Mobile,PACERS,7,B/LEAD,69,6,917.17,-317.17,8.7,-34.6
FieldSize,Ballarat,1710,Mobile,PACERS,8,B/LEAD,67,5,967.72,-467.72,7.5,-48.3
FieldSize,Ballarat,1710,Mobile,PACERS,9,B/LEAD,96,10,924.37,75.63,10.4,8.2
FieldSize,Ballarat,1710,Mobile,PACERS,10,DEATH,149,18,2407.01,-607.01,12.1,-25.2
FieldSize,Ballarat,1710,Mobile,PACERS,11,DEATH,8,0,169.37,-169.37,0.0,-100.0
FieldSize,Ballarat,1710,Mobile,PACERS,12,DEATH,11,0,176.87,-176.87,0.0,-100.0
FieldSize,Ballarat,1710,Mobile,PACERS,5,DEATH,5,0,72.21,-72.21,0.0,-100.0
FieldSize,Ballarat,1710,Mobile,PACERS,6,DEATH,25,4,616.71,-216.71,16.0,-35.1
FieldSize,Ballarat,1710,Mobile,PACERS,7,DEATH,67,11,1663.39,-563.39,16.4,-33.9
FieldSize,Ballarat,1710,Mobile,PACERS,8,DEATH,67,7,1423.6,-723.6,10.4,-50.8
FieldSize,Ballarat,1710,Mobile,PACERS,9,DEATH,95,13,1672.86,-372.86,13.7,-22.3
FieldSize,Ballarat,1710,Mobile,PACERS,10,LEAD,147,48,3575.16,1224.84,32.7,34.3
FieldSize,Ballarat,1710,Mobile,PACERS,11,LEAD,8,3,131.52,168.48,37.5,128.1
FieldSize,Ballarat,1710,Mobile,PACERS,12,LEAD,10,4,208.58,191.42,40.0,91.8
FieldSize,Ballarat,1710,Mobile,PACERS,5,LEAD,8,7,331.73,368.27,87.5,111.0
FieldSize,Ballarat,1710,Mobile,PACERS,6,LEAD,29,16,1128.68,471.32,55.2,41.8
FieldSize,Ballarat,1710,Mobile,PACERS,7,LEAD,68,29,2506.88,393.12,42.6,15.7
FieldSize,Ballarat,1710,Mobile,PACERS,8,LEAD,67,34,2163.47,1236.53,50.7,57.2
FieldSize,Ballarat,1710,Mobile,PACERS,9,LEAD,93,32,2603.49,596.51,34.4,22.9
FieldSize,Ballarat,1710,Mobile,TROTTERS,10,B/LEAD,31,1,272.89,-172.89,3.2,-63.4
FieldSize,Ballarat,1710,Mobile,TROTTERS,11,B/LEAD,6,0,46.11,-46.11,0.0,-100.0
FieldSize,Ballarat,1710,Mobile,TROTTERS,12,B/LEAD,5,0,40.87,-40.87,0.0,-100.0
FieldSize,Ballarat,1710,Mobile,TROTTERS,5,B/LEAD,1,0,1.41,-1.41,0.0,-100.0
FieldSize,Ballarat,1710,Mobile,TROTTERS,6,B/LEAD,3,0,27.94,-27.94,0.0,-100.0
FieldSize,Ballarat,1710,Mobile,TROTTERS,7,B/LEAD,6,0,56.81,-56.81,0.0,-100.0
FieldSize,Ballarat,1710,Mobile,TROTTERS,8,B/LEAD,16,1,153.12,-53.12,6.2,-34.7
FieldSize,Ballarat,1710,Mobile,TROTTERS,9,B/LEAD,22,3,247.03,52.97,13.6,21.4
FieldSize,Ballarat,1710,Mobile,TROTTERS,10,DEATH,34,3,502.25,-202.25,8.8,-40.3
FieldSize,Ballarat,1710,Mobile,TROTTERS,11,DEATH,6,1,65.85,34.15,16.7,51.9
FieldSize,Ballarat,1710,Mobile,TROTTERS,12,DEATH,5,1,33.19,66.81,20.0,201.3
FieldSize,Ballarat,1710,Mobile,TROTTERS,5,DEATH,1,0,60.61,-60.61,0.0,-100.0
FieldSize,Ballarat,1710,Mobile,TROTTERS,6,DEATH,1,0,20.83,-20.83,0.0,-100.0
FieldSize,Ballarat,1710,Mobile,TROTTERS,7,DEATH,6,0,52.48,-52.48,0.0,-100.0
FieldSize,Ballarat,1710,Mobile,TROTTERS,8,DEATH,15,3,245.15,54.85,20.0,22.4
FieldSize,Ballarat,1710,Mobile,TROTTERS,9,DEATH,22,1,265.7,-165.7,4.5,-62.4
FieldSize,Ballarat,1710,Mobile,TROTTERS,10,LEAD,32,17,839.63,860.37,53.1,102.5
FieldSize,Ballarat,1710,Mobile,TROTTERS,11,LEAD,6,4,218.57,181.43,66.7,83.0
FieldSize,Ballarat,1710,Mobile,TROTTERS,12,LEAD,5,2,128.2,71.8,40.0,56.0
FieldSize,Ballarat,1710,Mobile,TROTTERS,5,LEAD,1,1,20.0,80.0,100.0,400.0
FieldSize,Ballarat,1710,Mobile,TROTTERS,6,LEAD,3,3,172.81,127.19,100.0,73.6
FieldSize,Ballarat,1710,Mobile,TROTTERS,7,LEAD,6,5,191.22,308.78,83.3,161.5
FieldSize,Ballarat,1710,Mobile,TROTTERS,8,LEAD,16,10,479.85,520.15,62.5,108.4
FieldSize,Ballarat,1710,Mobile,TROTTERS,9,LEAD,22,11,645.51,454.49,50.0,70.4
FieldSize,Ballarat,2200,Mobile,PACERS,10,B/LEAD,83,11,819.52,280.48,13.3,34.2
FieldSize,Ballarat,2200,Mobile,PACERS,11,B/LEAD,59,7,561.52,138.48,11.9,24.7
FieldSize,Ballarat,2200,Mobile,PACERS,12,B/LEAD,53,6,474.29,125.71,11.3,26.5
FieldSize,Ballarat,2200,Mobile,PACERS,5,B/LEAD,11,1,154.29,-54.29,9.1,-35.2
FieldSize,Ballarat,2200,Mobile,PACERS,6,B/LEAD,27,1,335.99,-235.99,3.7,-70.2
FieldSize,Ballarat,2200,Mobile,PACERS,7,B/LEAD,46,3,616.33,-316.33,6.5,-51.3
FieldSize,Ballarat,2200,Mobile,PACERS,8,B/LEAD,66,7,765.27,-65.27,10.6,-8.5
FieldSize,Ballarat,2200,Mobile,PACERS,9,B/LEAD,84,7,914.39,-214.39,8.3,-23.4
FieldSize,Ballarat,2200,Mobile,PACERS,10,DEATH,83,7,1623.02,-923.02,8.4,-56.9
FieldSize,Ballarat,2200,Mobile,PACERS,11,DEATH,60,11,1086.65,13.35,18.3,1.2
FieldSize,Ballarat,2200,Mobile,PACERS,12,DEATH,53,11,1071.61,28.39,20.8,2.6
FieldSize,Ballarat,2200,Mobile,PACERS,5,DEATH,7,0,135.48,-135.48,0.0,-100.0
FieldSize,Ballarat,2200,Mobile,PACERS,6,DEATH,20,2,482.96,-282.96,10.0,-58.6
FieldSize,Ballarat,2200,Mobile,PACERS,7,DEATH,44,3,782.08,-482.08,6.8,-61.6
FieldSize,Ballarat,2200,Mobile,PACERS,8,DEATH,66,9,1500.53,-600.53,13.6,-40.0
FieldSize,Ballarat,2200,Mobile,PACERS,9,DEATH,88,9,1676.54,-776.54,10.2,-46.3
FieldSize,Ballarat,2200,Mobile,PACERS,10,LEAD,83,28,2058.15,741.85,33.7,36.0
FieldSize,Ballarat,2200,Mobile,PACERS,11,LEAD,58,20,1632.13,367.87,34.5,22.5
FieldSize,Ballarat,2200,Mobile,PACERS,12,LEAD,51,14,1259.19,140.81,27.5,11.2
FieldSize,Ballarat,2200,Mobile,PACERS,5,LEAD,11,7,728.54,-28.54,63.6,-3.9
FieldSize,Ballarat,2200,Mobile,PACERS,6,LEAD,27,18,1349.25,450.75,66.7,33.4
FieldSize,Ballarat,2200,Mobile,PACERS,7,LEAD,45,22,1842.4,357.6,48.9,19.4
FieldSize,Ballarat,2200,Mobile,PACERS,8,LEAD,66,28,2295.03,504.97,42.4,22.0
FieldSize,Ballarat,2200,Mobile,PACERS,9,LEAD,86,33,2501.43,798.57,38.4,31.9
FieldSize,Ballarat,2200,Mobile,TROTTERS,10,B/LEAD,54,6,635.59,-35.59,11.1,-5.6
FieldSize,Ballarat,2200,Mobile,TROTTERS,11,B/LEAD,34,4,251.25,148.75,11.8,59.2
FieldSize,Ballarat,2200,Mobile,TROTTERS,12,B/LEAD,42,4,356.55,43.45,9.5,12.2
FieldSize,Ballarat,2200,Mobile,TROTTERS,4,B/LEAD,2,0,8.94,-8.94,0.0,-100.0
FieldSize,Ballarat,2200,Mobile,TROTTERS,5,B/LEAD,4,1,88.57,11.43,25.0,12.9
FieldSize,Ballarat,2200,Mobile,TROTTERS,6,B/LEAD,8,3,147.12,152.88,37.5,103.9
FieldSize,Ballarat,2200,Mobile,TROTTERS,7,B/LEAD,36,3,401.82,-101.82,8.3,-25.3
FieldSize,Ballarat,2200,Mobile,TROTTERS,8,B/LEAD,46,8,579.03,220.97,17.4,38.2
FieldSize,Ballarat,2200,Mobile,TROTTERS,9,B/LEAD,49,8,526.92,273.08,16.3,51.8
FieldSize,Ballarat,2200,Mobile,TROTTERS,10,DEATH,53,7,925.35,-225.35,13.2,-24.4
FieldSize,Ballarat,2200,Mobile,TROTTERS,11,DEATH,33,3,514.83,-214.83,9.1,-41.7
FieldSize,Ballarat,2200,Mobile,TROTTERS,12,DEATH,42,3,759.06,-459.06,7.1,-60.5
FieldSize,Ballarat,2200,Mobile,TROTTERS,5,DEATH,2,1,63.24,36.76,50.0,58.1
FieldSize,Ballarat,2200,Mobile,TROTTERS,6,DEATH,5,1,64.02,35.98,20.0,56.2
FieldSize,Ballarat,2200,Mobile,TROTTERS,7,DEATH,30,3,729.41,-429.41,10.0,-58.9
FieldSize,Ballarat,2200,Mobile,TROTTERS,8,DEATH,46,10,1040.48,-40.48,21.7,-3.9
FieldSize,Ballarat,2200,Mobile,TROTTERS,9,DEATH,49,9,1080.03,-180.03,18.4,-16.7
FieldSize,Ballarat,2200,Mobile,TROTTERS,10,LEAD,53,21,1272.21,827.79,39.6,65.1
FieldSize,Ballarat,2200,Mobile,TROTTERS,11,LEAD,34,10,688.33,311.67,29.4,45.3
FieldSize,Ballarat,2200,Mobile,TROTTERS,12,LEAD,43,19,964.0,936.0,44.2,97.1
FieldSize,Ballarat,2200,Mobile,TROTTERS,4,LEAD,2,2,103.71,96.29,100.0,92.8
FieldSize,Ballarat,2200,Mobile,TROTTERS,5,LEAD,4,2,160.61,39.39,50.0,24.5
FieldSize,Ballarat,2200,Mobile,TROTTERS,6,LEAD,8,2,241.19,-41.19,25.0,-17.1
FieldSize,Ballarat,2200,Mobile,TROTTERS,7,LEAD,35,17,1122.31,577.69,48.6,51.5
FieldSize,Ballarat,2200,Mobile,TROTTERS,8,LEAD,46,17,1326.08,373.92,37.0,28.2
FieldSize,Ballarat,2200,Mobile,TROTTERS,9,LEAD,48,17,1372.54,327.46,35.4,23.9
FieldSize,Ballarat,2200,Stand,TROTTERS,10,B/LEAD,2,0,10.77,-10.77,0.0,-100.0
FieldSize,Ballarat,2200,Stand,TROTTERS,11,B/LEAD,9,2,85.09,114.91,22.2,135.0
FieldSize,Ballarat,2200,Stand,TROTTERS,12,B/LEAD,5,3,49.75,250.25,60.0,503.0
FieldSize,Ballarat,2200,Stand,TROTTERS,6,B/LEAD,1,0,8.93,-8.93,0.0,-100.0
FieldSize,Ballarat,2200,Stand,TROTTERS,7,B/LEAD,6,1,98.11,1.89,16.7,1.9
FieldSize,Ballarat,2200,Stand,TROTTERS,8,B/LEAD,10,2,136.71,63.29,20.0,46.3
FieldSize,Ballarat,2200,Stand,TROTTERS,9,B/LEAD,11,1,159.74,-59.74,9.1,-37.4
FieldSize,Ballarat,2200,Stand,TROTTERS,10,DEATH,2,1,60.32,39.68,50.0,65.8
FieldSize,Ballarat,2200,Stand,TROTTERS,11,DEATH,9,1,126.62,-26.62,11.1,-21.0
FieldSize,Ballarat,2200,Stand,TROTTERS,12,DEATH,5,1,42.9,57.1,20.0,133.1
FieldSize,Ballarat,2200,Stand,TROTTERS,7,DEATH,5,0,102.0,-102.0,0.0,-100.0
FieldSize,Ballarat,2200,Stand,TROTTERS,8,DEATH,10,1,195.08,-95.08,10.0,-48.7
FieldSize,Ballarat,2200,Stand,TROTTERS,9,DEATH,11,1,230.54,-130.54,9.1,-56.6
FieldSize,Ballarat,2200,Stand,TROTTERS,10,LEAD,2,0,21.12,-21.12,0.0,-100.0
FieldSize,Ballarat,2200,Stand,TROTTERS,11,LEAD,9,2,97.27,102.73,22.2,105.6
FieldSize,Ballarat,2200,Stand,TROTTERS,12,LEAD,5,0,69.36,-69.36,0.0,-100.0
FieldSize,Ballarat,2200,Stand,TROTTERS,6,LEAD,1,1,17.54,82.46,100.0,470.1
FieldSize,Ballarat,2200,Stand,TROTTERS,7,LEAD,6,5,180.5,319.5,83.3,177.0
FieldSize,Ballarat,2200,Stand,TROTTERS,8,LEAD,10,3,152.1,147.9,30.0,97.2
FieldSize,Ballarat,2200,Stand,TROTTERS,9,LEAD,11,5,272.33,227.67,45.5,83.6
FieldSize,Ballarat,2710,Mobile,PACERS,12,B/LEAD,5,0,100.07,-100.07,0.0,-100.0
FieldSize,Ballarat,2710,Mobile,PACERS,8,B/LEAD,1,0,2.44,-2.44,0.0,-100.0
FieldSize,Ballarat,2710,Mobile,PACERS,12,DEATH,5,1,146.75,-46.75,20.0,-31.9
FieldSize,Ballarat,2710,Mobile,PACERS,8,DEATH,1,0,38.46,-38.46,0.0,-100.0
FieldSize,Ballarat,2710,Mobile,PACERS,12,LEAD,5,3,124.26,175.74,60.0,141.4
FieldSize,Ballarat,2710,Mobile,PACERS,8,LEAD,1,1,64.52,35.48,100.0,55.0
FieldSize,Ballarat,2710,Stand,TROTTERS,12,B/LEAD,1,0,4.31,-4.31,0.0,-100.0
FieldSize,Ballarat,2710,Stand,TROTTERS,12,DEATH,1,0,24.39,-24.39,0.0,-100.0
FieldSize,Ballarat,2710,Stand,TROTTERS,12,LEAD,1,1,10.1,89.9,100.0,890.1
FieldSize,Bankstown,1335,Mobile,PACERS,8,B/LEAD,3,0,24.33,-24.33,0.0,-100.0
FieldSize,Bankstown,1335,Mobile,PACERS,8,DEATH,3,0,43.33,-43.33,0.0,-100.0
FieldSize,Bankstown,1335,Mobile,PACERS,8,LEAD,3,1,120.93,-20.93,33.3,-17.3
FieldSize,Bankstown,1740,Mobile,PACERS,10,B/LEAD,18,1,177.44,-77.44,5.6,-43.6
FieldSize,Bankstown,1740,Mobile,PACERS,5,B/LEAD,2,0,41.91,-41.91,0.0,-100.0
FieldSize,Bankstown,1740,Mobile,PACERS,6,B/LEAD,5,1,114.43,-14.43,20.0,-12.6
FieldSize,Bankstown,1740,Mobile,PACERS,7,B/LEAD,16,0,259.13,-259.13,0.0,-100.0
FieldSize,Bankstown,1740,Mobile,PACERS,8,B/LEAD,50,6,796.3,-196.3,12.0,-24.7
FieldSize,Bankstown,1740,Mobile,PACERS,9,B/LEAD,40,3,522.74,-222.74,7.5,-42.6
FieldSize,Bankstown,1740,Mobile,PACERS,10,DEATH,18,3,349.22,-49.22,16.7,-14.1
FieldSize,Bankstown,1740,Mobile,PACERS,5,DEATH,1,0,26.32,-26.32,0.0,-100.0
FieldSize,Bankstown,1740,Mobile,PACERS,6,DEATH,5,0,149.95,-149.95,0.0,-100.0
FieldSize,Bankstown,1740,Mobile,PACERS,7,DEATH,16,5,405.28,94.72,31.2,23.4
FieldSize,Bankstown,1740,Mobile,PACERS,8,DEATH,51,4,937.09,-537.09,7.8,-57.3
FieldSize,Bankstown,1740,Mobile,PACERS,9,DEATH,39,6,727.94,-127.94,15.4,-17.6
FieldSize,Bankstown,1740,Mobile,PACERS,10,LEAD,18,9,445.82,454.18,50.0,101.9
FieldSize,Bankstown,1740,Mobile,PACERS,5,LEAD,2,2,136.07,63.93,100.0,47.0
FieldSize,Bankstown,1740,Mobile,PACERS,6,LEAD,5,1,111.48,-11.48,20.0,-10.3
FieldSize,Bankstown,1740,Mobile,PACERS,7,LEAD,15,9,485.16,414.84,60.0,85.5
FieldSize,Bankstown,1740,Mobile,PACERS,8,LEAD,51,21,1480.51,619.49,41.2,41.8
FieldSize,Bankstown,1740,Mobile,PACERS,9,LEAD,40,13,1195.43,104.57,32.5,8.7
FieldSize,Bankstown,1740,Mobile,TROTTERS,8,B/LEAD,1,0,6.67,-6.67,0.0,-100.0
FieldSize,Bankstown,1740,Mobile,TROTTERS,9,B/LEAD,2,0,71.09,-71.09,0.0,-100.0
FieldSize,Bankstown,1740,Mobile,TROTTERS,9,DEATH,1,0,33.33,-33.33,0.0,-100.0
FieldSize,Bankstown,1740,Mobile,TROTTERS,8,LEAD,1,0,13.33,-13.33,0.0,-100.0
FieldSize,Bankstown,1740,Mobile,TROTTERS,9,LEAD,2,1,19.45,80.55,50.0,414.1
FieldSize,Bankstown,2140,Mobile,PACERS,10,B/LEAD,10,1,195.93,-95.93,10.0,-49.0
FieldSize,Bankstown,2140,Mobile,PACERS,5,B/LEAD,1,0,5.68,-5.68,0.0,-100.0
FieldSize,Bankstown,2140,Mobile,PACERS,6,B/LEAD,7,2,100.68,99.32,28.6,98.6
FieldSize,Bankstown,2140,Mobile,PACERS,7,B/LEAD,11,3,271.72,28.28,27.3,10.4
FieldSize,Bankstown,2140,Mobile,PACERS,8,B/LEAD,18,1,245.67,-145.67,5.6,-59.3
FieldSize,Bankstown,2140,Mobile,PACERS,9,B/LEAD,14,2,191.44,8.56,14.3,4.5
FieldSize,Bankstown,2140,Mobile,PACERS,10,DEATH,10,2,127.72,72.28,20.0,56.6
FieldSize,Bankstown,2140,Mobile,PACERS,5,DEATH,1,0,52.63,-52.63,0.0,-100.0
FieldSize,Bankstown,2140,Mobile,PACERS,6,DEATH,6,0,178.63,-178.63,0.0,-100.0
FieldSize,Bankstown,2140,Mobile,PACERS,7,DEATH,11,2,231.2,-31.2,18.2,-13.5
FieldSize,Bankstown,2140,Mobile,PACERS,8,DEATH,18,5,365.79,134.21,27.8,36.7
FieldSize,Bankstown,2140,Mobile,PACERS,9,DEATH,14,0,179.55,-179.55,0.0,-100.0
FieldSize,Bankstown,2140,Mobile,PACERS,10,LEAD,10,3,324.8,-24.8,30.0,-7.6
FieldSize,Bankstown,2140,Mobile,PACERS,5,LEAD,1,1,17.54,82.46,100.0,470.1
FieldSize,Bankstown,2140,Mobile,PACERS,6,LEAD,7,4,224.29,175.71,57.1,78.3
FieldSize,Bankstown,2140,Mobile,PACERS,7,LEAD,11,3,291.5,8.5,27.3,2.9
FieldSize,Bankstown,2140,Mobile,PACERS,8,LEAD,18,7,504.6,195.4,38.9,38.7
FieldSize,Bankstown,2140,Mobile,PACERS,9,LEAD,14,7,357.78,342.22,50.0,95.7
FieldSize,Bankstown,2140,Mobile,TROTTERS,10,B/LEAD,1,0,5.88,-5.88,0.0,-100.0
FieldSize,Bankstown,2140,Mobile,TROTTERS,6,B/LEAD,1,0,21.74,-21.74,0.0,-100.0
FieldSize,Bankstown,2140,Mobile,TROTTERS,7,B/LEAD,3,0,35.35,-35.35,0.0,-100.0
FieldSize,Bankstown,2140,Mobile,TROTTERS,8,B/LEAD,3,0,28.55,-28.55,0.0,-100.0
FieldSize,Bankstown,2140,Mobile,TROTTERS,9,B/LEAD,1,0,9.26,-9.26,0.0,-100.0
FieldSize,Bankstown,2140,Mobile,TROTTERS,10,DEATH,1,0,16.67,-16.67,0.0,-100.0
FieldSize,Bankstown,2140,Mobile,TROTTERS,7,DEATH,3,1,34.64,65.36,33.3,188.7
FieldSize,Bankstown,2140,Mobile,TROTTERS,8,DEATH,3,1,39.45,60.55,33.3,153.5
FieldSize,Bankstown,2140,Mobile,TROTTERS,9,DEATH,1,0,17.24,-17.24,0.0,-100.0
FieldSize,Bankstown,2140,Mobile,TROTTERS,10,LEAD,1,1,51.28,48.72,100.0,95.0
FieldSize,Bankstown,2140,Mobile,TROTTERS,6,LEAD,1,0,35.71,-35.71,0.0,-100.0
FieldSize,Bankstown,2140,Mobile,TROTTERS,7,LEAD,3,2,110.01,89.99,66.7,81.8
FieldSize,Bankstown,2140,Mobile,TROTTERS,8,LEAD,3,1,170.4,-70.4,33.3,-41.3
FieldSize,Bankstown,2140,Mobile,TROTTERS,9,LEAD,1,0,27.03,-27.03,0.0,-100.0
FieldSize,Bankstown,2140,Stand,TROTTERS,6,B/LEAD,1,0,3.69,-3.69,0.0,-100.0
FieldSize,Bankstown,2140,Stand,TROTTERS,7,B/LEAD,1,1,7.63,92.37,100.0,1210.6
FieldSize,Bankstown,2140,Stand,TROTTERS,8,B/LEAD,1,1,20.0,80.0,100.0,400.0
FieldSize,Bankstown,2140,Stand,TROTTERS,7,DEATH,1,0,43.48,-43.48,0.0,-100.0
FieldSize,Bankstown,2140,Stand,TROTTERS,8,DEATH,1,0,27.78,-27.78,0.0,-100.0
FieldSize,Bankstown,2140,Stand,TROTTERS,6,LEAD,1,0,52.63,-52.63,0.0,-100.0
FieldSize,Bankstown,2140,Stand,TROTTERS,7,LEAD,1,0,1.97,-1.97,0.0,-100.0
FieldSize,Bankstown,2140,Stand,TROTTERS,8,LEAD,1,0,15.87,-15.87,0.0,-100.0
FieldSize,Bankstown,2540,Mobile,PACERS,10,B/LEAD,3,1,71.52,28.48,33.3,39.8
FieldSize,Bankstown,2540,Mobile,PACERS,10,DEATH,3,0,44.93,-44.93,0.0,-100.0
FieldSize,Bankstown,2540,Mobile,PACERS,10,LEAD,3,0,45.66,-45.66,0.0,-100.0
FieldSize,Bankstown,2540,Mobile,TROTTERS,9,B/LEAD,1,0,2.44,-2.44,0.0,-100.0
FieldSize,Bankstown,2540,Mobile,TROTTERS,9,DEATH,1,0,1.64,-1.64,0.0,-100.0
FieldSize,Bankstown,2540,Mobile,TROTTERS,9,LEAD,1,1,80.0,20.0,100.0,25.0
FieldSize,Bankstown,2540,Stand,TROTTERS,10,B/LEAD,1,0,0.79,-0.79,0.0,-100.0
FieldSize,Bankstown,2540,Stand,TROTTERS,12,B/LEAD,1,0,2.94,-2.94,0.0,-100.0
FieldSize,Bankstown,2540,Stand,TROTTERS,10,DEATH,1,0,5.56,-5.56,0.0,-100.0
FieldSize,Bankstown,2540,Stand,TROTTERS,12,DEATH,1,0,20.0,-20.0,0.0,-100.0
FieldSize,Bankstown,2540,Stand,TROTTERS,10,LEAD,1,1,57.14,42.86,100.0,75.0
FieldSize,Bankstown,2540,Stand,TROTTERS,12,LEAD,1,1,11.11,88.89,100.0,800.1
FieldSize,Bathurst,1195,Mobile,PACERS,10,B/LEAD,1,0,1.23,-1.23,0.0,-100.0
FieldSize,Bathurst,1195,Mobile,PACERS,10,DEATH,1,0,21.74,-21.74,0.0,-100.0
FieldSize,Bathurst,1195,Mobile,PACERS,10,LEAD,1,0,14.29,-14.29,0.0,-100.0
FieldSize,Bathurst,1730,Mobile,PACERS,10,B/LEAD,1037,148,14420.48,379.52,14.3,2.6
FieldSize,Bathurst,1730,Mobile,PACERS,11,B/LEAD,1,0,3.23,-3.23,0.0,-100.0
FieldSize,Bathurst,1730,Mobile,PACERS,12,B/LEAD,2,0,33.34,-33.34,0.0,-100.0
FieldSize,Bathurst,1730,Mobile,PACERS,4,B/LEAD,1,0,80.0,-80.0,0.0,-100.0
FieldSize,Bathurst,1730,Mobile,PACERS,5,B/LEAD,11,1,261.42,-161.42,9.1,-61.7
FieldSize,Bathurst,1730,Mobile,PACERS,6,B/LEAD,38,7,707.46,-7.46,18.4,-1.1
FieldSize,Bathurst,1730,Mobile,PACERS,7,B/LEAD,105,17,1749.84,-49.84,16.2,-2.8
FieldSize,Bathurst,1730,Mobile,PACERS,8,B/LEAD,338,48,5129.2,-329.2,14.2,-6.4
FieldSize,Bathurst,1730,Mobile,PACERS,9,B/LEAD,537,91,7853.28,1246.72,16.9,15.9
FieldSize,Bathurst,1730,Mobile,PACERS,10,DEATH,1028,97,15547.75,-5847.75,9.4,-37.6
FieldSize,Bathurst,1730,Mobile,PACERS,11,DEATH,1,1,68.97,31.03,100.0,45.0
FieldSize,Bathurst,1730,Mobile,PACERS,12,DEATH,2,0,12.42,-12.42,0.0,-100.0
FieldSize,Bathurst,1730,Mobile,PACERS,5,DEATH,4,1,151.14,-51.14,25.0,-33.8
FieldSize,Bathurst,1730,Mobile,PACERS,6,DEATH,15,4,311.52,88.48,26.7,28.4
FieldSize,Bathurst,1730,Mobile,PACERS,7,DEATH,77,11,1604.03,-504.03,14.3,-31.4
FieldSize,Bathurst,1730,Mobile,PACERS,8,DEATH,318,36,6730.98,-3130.98,11.3,-46.5
FieldSize,Bathurst,1730,Mobile,PACERS,9,DEATH,527,35,8035.97,-4535.97,6.6,-56.4
FieldSize,Bathurst,1730,Mobile,PACERS,10,LEAD,1042,399,33076.0,6824.0,38.3,20.6
FieldSize,Bathurst,1730,Mobile,PACERS,11,LEAD,1,0,22.73,-22.73,0.0,-100.0
FieldSize,Bathurst,1730,Mobile,PACERS,12,LEAD,2,0,25.56,-25.56,0.0,-100.0
FieldSize,Bathurst,1730,Mobile,PACERS,4,LEAD,1,0,23.81,-23.81,0.0,-100.0
FieldSize,Bathurst,1730,Mobile,PACERS,5,LEAD,11,8,573.85,226.15,72.7,39.4
FieldSize,Bathurst,1730,Mobile,PACERS,6,LEAD,37,16,1628.55,-28.55,43.2,-1.8
FieldSize,Bathurst,1730,Mobile,PACERS,7,LEAD,105,45,4577.32,-77.32,42.9,-1.7
FieldSize,Bathurst,1730,Mobile,PACERS,8,LEAD,342,147,12841.35,1858.65,43.0,14.5
FieldSize,Bathurst,1730,Mobile,PACERS,9,LEAD,538,213,18942.05,2357.95,39.6,12.4
FieldSize,Bathurst,1730,Mobile,TROTTERS,10,B/LEAD,1,0,0.66,-0.66,0.0,-100.0
FieldSize,Bathurst,1730,Mobile,TROTTERS,11,B/LEAD,2,2,22.5,177.5,100.0,788.9
FieldSize,Bathurst,1730,Mobile,TROTTERS,3,B/LEAD,1,1,71.43,28.57,100.0,40.0
FieldSize,Bathurst,1730,Mobile,TROTTERS,5,B/LEAD,2,0,49.7,-49.7,0.0,-100.0
FieldSize,Bathurst,1730,Mobile,TROTTERS,6,B/LEAD,2,0,92.84,-92.84,0.0,-100.0
FieldSize,Bathurst,1730,Mobile,TROTTERS,10,DEATH,1,0,15.38,-15.38,0.0,-100.0
FieldSize,Bathurst,1730,Mobile,TROTTERS,11,DEATH,2,0,5.88,-5.88,0.0,-100.0
FieldSize,Bathurst,1730,Mobile,TROTTERS,5,DEATH,1,1,76.92,23.08,100.0,30.0
FieldSize,Bathurst,1730,Mobile,TROTTERS,10,LEAD,1,0,30.3,-30.3,0.0,-100.0
FieldSize,Bathurst,1730,Mobile,TROTTERS,11,LEAD,2,0,99.07,-99.07,0.0,-100.0
FieldSize,Bathurst,1730,Mobile,TROTTERS,3,LEAD,1,0,27.03,-27.03,0.0,-100.0
FieldSize,Bathurst,1730,Mobile,TROTTERS,4,LEAD,1,0,7.14,-7.14,0.0,-100.0
FieldSize,Bathurst,1730,Mobile,TROTTERS,5,LEAD,2,0,57.05,-57.05,0.0,-100.0
FieldSize,Bathurst,1730,Mobile,TROTTERS,6,LEAD,2,2,87.25,112.75,100.0,129.2
FieldSize,Bathurst,2260,Mobile,PACERS,10,B/LEAD,221,31,3441.71,-341.71,14.0,-9.9
FieldSize,Bathurst,2260,Mobile,PACERS,11,B/LEAD,6,1,60.81,39.19,16.7,64.4
FieldSize,Bathurst,2260,Mobile,PACERS,12,B/LEAD,11,1,177.72,-77.72,9.1,-43.7
FieldSize,Bathurst,2260,Mobile,PACERS,6,B/LEAD,7,1,97.82,2.18,14.3,2.2
FieldSize,Bathurst,2260,Mobile,PACERS,7,B/LEAD,16,3,300.56,-0.56,18.8,-0.2
FieldSize,Bathurst,2260,Mobile,PACERS,8,B/LEAD,64,10,1302.31,-302.31,15.6,-23.2
FieldSize,Bathurst,2260,Mobile,PACERS,9,B/LEAD,122,19,2107.86,-207.86,15.6,-9.9
FieldSize,Bathurst,2260,Mobile,PACERS,10,DEATH,227,13,3062.9,-1762.9,5.7,-57.6
FieldSize,Bathurst,2260,Mobile,PACERS,11,DEATH,6,1,79.36,20.64,16.7,26.0
FieldSize,Bathurst,2260,Mobile,PACERS,12,DEATH,11,2,151.55,48.45,18.2,32.0
FieldSize,Bathurst,2260,Mobile,PACERS,6,DEATH,5,1,47.85,52.15,20.0,109.0
FieldSize,Bathurst,2260,Mobile,PACERS,7,DEATH,11,1,229.98,-129.98,9.1,-56.5
FieldSize,Bathurst,2260,Mobile,PACERS,8,DEATH,58,4,843.05,-443.05,6.9,-52.6
FieldSize,Bathurst,2260,Mobile,PACERS,9,DEATH,118,9,2050.91,-1150.91,7.6,-56.1
FieldSize,Bathurst,2260,Mobile,PACERS,10,LEAD,226,66,6534.05,65.95,29.2,1.0
FieldSize,Bathurst,2260,Mobile,PACERS,11,LEAD,6,1,247.57,-147.57,16.7,-59.6
FieldSize,Bathurst,2260,Mobile,PACERS,12,LEAD,11,3,319.23,-19.23,27.3,-6.0
FieldSize,Bathurst,2260,Mobile,PACERS,6,LEAD,6,4,360.62,39.38,66.7,10.9
FieldSize,Bathurst,2260,Mobile,PACERS,7,LEAD,16,6,561.58,38.42,37.5,6.8
FieldSize,Bathurst,2260,Mobile,PACERS,8,LEAD,62,28,2357.13,442.87,45.2,18.8
FieldSize,Bathurst,2260,Mobile,PACERS,9,LEAD,123,38,3814.92,-14.92,30.9,-0.4
FieldSize,Bathurst,2790,Mobile,PACERS,11,B/LEAD,1,0,1.96,-1.96,0.0,-100.0
FieldSize,Bathurst,2790,Mobile,PACERS,12,B/LEAD,3,0,23.43,-23.43,0.0,-100.0
FieldSize,Bathurst,2790,Mobile,PACERS,6,B/LEAD,1,0,1.96,-1.96,0.0,-100.0
FieldSize,Bathurst,2790,Mobile,PACERS,7,B/LEAD,1,1,8.33,91.67,100.0,1100.5
FieldSize,Bathurst,2790,Mobile,PACERS,11,DEATH,1,0,0.99,-0.99,0.0,-100.0
FieldSize,Bathurst,2790,Mobile,PACERS,12,DEATH,3,0,53.85,-53.85,0.0,-100.0
FieldSize,Bathurst,2790,Mobile,PACERS,6,DEATH,1,0,25.0,-25.0,0.0,-100.0
FieldSize,Bathurst,2790,Mobile,PACERS,7,DEATH,1,0,12.5,-12.5,0.0,-100.0
FieldSize,Bathurst,2790,Mobile,PACERS,11,LEAD,1,0,6.25,-6.25,0.0,-100.0
FieldSize,Bathurst,2790,Mobile,PACERS,12,LEAD,5,2,154.27,45.73,40.0,29.6
FieldSize,Bathurst,2790,Mobile,PACERS,6,LEAD,1,1,84.75,15.25,100.0,18.0
FieldSize,Bathurst,2790,Mobile,PACERS,7,LEAD,1,0,28.57,-28.57,0.0,-100.0
FieldSize,Bathurst,2795,Stand,TROTTERS,6,B/LEAD,1,0,2.94,-2.94,0.0,-100.0
FieldSize,Bathurst,2795,Stand,TROTTERS,7,B/LEAD,1,0,3.85,-3.85,0.0,-100.0
FieldSize,Bathurst,2795,Stand,TROTTERS,9,B/LEAD,1,0,15.38,-15.38,0.0,-100.0
FieldSize,Bathurst,2795,Stand,TROTTERS,6,DEATH,1,0,1.41,-1.41,0.0,-100.0
FieldSize,Bathurst,2795,Stand,TROTTERS,9,DEATH,1,0,9.09,-9.09,0.0,-100.0
FieldSize,Bathurst,2795,Stand,TROTTERS,6,LEAD,1,0,40.0,-40.0,0.0,-100.0
FieldSize,Bathurst,2795,Stand,TROTTERS,7,LEAD,1,0,6.67,-6.67,0.0,-100.0
FieldSize,Bathurst,2795,Stand,TROTTERS,9,LEAD,1,0,3.85,-3.85,0.0,-100.0
FieldSize,Bendigo,1150,Mobile,PACERS,6,B/LEAD,1,0,66.67,-66.67,0.0,-100.0
FieldSize,Bendigo,1150,Mobile,PACERS,6,DEATH,1,0,18.52,-18.52,0.0,-100.0
FieldSize,Bendigo,1150,Mobile,PACERS,6,LEAD,1,1,19.61,80.39,100.0,409.9
FieldSize,Bendigo,1609,Mobile,TROTTERS,10,B/LEAD,6,1,57.54,42.46,16.7,73.8
FieldSize,Bendigo,1609,Mobile,TROTTERS,6,B/LEAD,4,0,21.28,-21.28,0.0,-100.0
FieldSize,Bendigo,1609,Mobile,TROTTERS,7,B/LEAD,4,0,121.87,-121.87,0.0,-100.0
FieldSize,Bendigo,1609,Mobile,TROTTERS,8,B/LEAD,4,0,80.4,-80.4,0.0,-100.0
FieldSize,Bendigo,1609,Mobile,TROTTERS,9,B/LEAD,5,1,61.65,38.35,20.0,62.2
FieldSize,Bendigo,1609,Mobile,TROTTERS,10,DEATH,6,1,171.78,-71.78,16.7,-41.8
FieldSize,Bendigo,1609,Mobile,TROTTERS,6,DEATH,3,1,121.3,-21.3,33.3,-17.6
FieldSize,Bendigo,1609,Mobile,TROTTERS,7,DEATH,4,3,193.33,106.67,75.0,55.2
FieldSize,Bendigo,1609,Mobile,TROTTERS,8,DEATH,4,0,50.41,-50.41,0.0,-100.0
FieldSize,Bendigo,1609,Mobile,TROTTERS,9,DEATH,5,0,87.03,-87.03,0.0,-100.0
FieldSize,Bendigo,1609,Mobile,TROTTERS,10,LEAD,6,3,179.29,120.71,50.0,67.3
FieldSize,Bendigo,1609,Mobile,TROTTERS,6,LEAD,4,2,216.6,-16.6,50.0,-7.7
FieldSize,Bendigo,1609,Mobile,TROTTERS,7,LEAD,4,0,76.61,-76.61,0.0,-100.0
FieldSize,Bendigo,1609,Mobile,TROTTERS,8,LEAD,4,3,140.3,159.7,75.0,113.8
FieldSize,Bendigo,1609,Mobile,TROTTERS,9,LEAD,5,1,76.12,23.88,20.0,31.4
FieldSize,Bendigo,1650,Mobile,PACERS,10,B/LEAD,228,28,2880.48,-80.48,12.3,-2.8
FieldSize,Bendigo,1650,Mobile,PACERS,11,B/LEAD,24,2,244.67,-44.67,8.3,-18.3
FieldSize,Bendigo,1650,Mobile,PACERS,12,B/LEAD,26,1,279.41,-179.41,3.8,-64.2
FieldSize,Bendigo,1650,Mobile,PACERS,4,B/LEAD,2,0,80.0,-80.0,0.0,-100.0
FieldSize,Bendigo,1650,Mobile,PACERS,5,B/LEAD,6,0,34.88,-34.88,0.0,-100.0
FieldSize,Bendigo,1650,Mobile,PACERS,6,B/LEAD,28,5,486.2,13.8,17.9,2.8
FieldSize,Bendigo,1650,Mobile,PACERS,7,B/LEAD,53,9,760.8,139.2,17.0,18.3
FieldSize,Bendigo,1650,Mobile,PACERS,8,B/LEAD,111,11,1551.6,-451.6,9.9,-29.1
FieldSize,Bendigo,1650,Mobile,PACERS,9,B/LEAD,145,16,1962.11,-362.11,11.0,-18.5
FieldSize,Bendigo,1650,Mobile,PACERS,10,DEATH,222,31,3801.65,-701.65,14.0,-18.5
FieldSize,Bendigo,1650,Mobile,PACERS,11,DEATH,23,0,323.32,-323.32,0.0,-100.0
FieldSize,Bendigo,1650,Mobile,PACERS,12,DEATH,25,7,639.39,60.61,28.0,9.5
FieldSize,Bendigo,1650,Mobile,PACERS,4,DEATH,1,0,27.78,-27.78,0.0,-100.0
FieldSize,Bendigo,1650,Mobile,PACERS,5,DEATH,3,1,116.01,-16.01,33.3,-13.8
FieldSize,Bendigo,1650,Mobile,PACERS,6,DEATH,25,4,632.97,-232.97,16.0,-36.8
FieldSize,Bendigo,1650,Mobile,PACERS,7,DEATH,49,8,1074.13,-274.13,16.3,-25.5
FieldSize,Bendigo,1650,Mobile,PACERS,8,DEATH,109,21,2397.7,-297.7,19.3,-12.4
FieldSize,Bendigo,1650,Mobile,PACERS,9,DEATH,145,18,2703.99,-903.99,12.4,-33.4
FieldSize,Bendigo,1650,Mobile,PACERS,10,LEAD,226,68,5371.64,1428.36,30.1,26.6
FieldSize,Bendigo,1650,Mobile,PACERS,11,LEAD,24,6,671.36,-71.36,25.0,-10.6
FieldSize,Bendigo,1650,Mobile,PACERS,12,LEAD,26,7,504.74,195.26,26.9,38.7
FieldSize,Bendigo,1650,Mobile,PACERS,4,LEAD,2,1,64.28,35.72,50.0,55.6
FieldSize,Bendigo,1650,Mobile,PACERS,5,LEAD,6,4,321.78,78.22,66.7,24.3
FieldSize,Bendigo,1650,Mobile,PACERS,6,LEAD,29,12,1049.07,150.93,41.4,14.4
FieldSize,Bendigo,1650,Mobile,PACERS,7,LEAD,52,21,2365.13,-265.13,40.4,-11.2
FieldSize,Bendigo,1650,Mobile,PACERS,8,LEAD,112,49,4043.18,856.82,43.8,21.2
FieldSize,Bendigo,1650,Mobile,PACERS,9,LEAD,144,49,3616.2,1283.8,34.0,35.5
FieldSize,Bendigo,1650,Mobile,TROTTERS,10,B/LEAD,64,13,843.37,456.63,20.3,54.1
FieldSize,Bendigo,1650,Mobile,TROTTERS,11,B/LEAD,10,2,159.84,40.16,20.0,25.1
FieldSize,Bendigo,1650,Mobile,TROTTERS,12,B/LEAD,10,0,107.82,-107.82,0.0,-100.0
FieldSize,Bendigo,1650,Mobile,TROTTERS,5,B/LEAD,1,0,5.56,-5.56,0.0,-100.0
FieldSize,Bendigo,1650,Mobile,TROTTERS,6,B/LEAD,7,1,102.63,-2.63,14.3,-2.6
FieldSize,Bendigo,1650,Mobile,TROTTERS,7,B/LEAD,18,1,313.41,-213.41,5.6,-68.1
FieldSize,Bendigo,1650,Mobile,TROTTERS,8,B/LEAD,38,3,372.79,-72.79,7.9,-19.5
FieldSize,Bendigo,1650,Mobile,TROTTERS,9,B/LEAD,46,5,504.87,-4.87,10.9,-1.0
FieldSize,Bendigo,1650,Mobile,TROTTERS,10,DEATH,64,5,1017.62,-517.62,7.8,-50.9
FieldSize,Bendigo,1650,Mobile,TROTTERS,11,DEATH,11,2,187.8,12.2,18.2,6.5
FieldSize,Bendigo,1650,Mobile,TROTTERS,12,DEATH,10,0,91.79,-91.79,0.0,-100.0
FieldSize,Bendigo,1650,Mobile,TROTTERS,6,DEATH,6,2,197.37,2.63,33.3,1.3
FieldSize,Bendigo,1650,Mobile,TROTTERS,7,DEATH,17,4,362.5,37.5,23.5,10.3
FieldSize,Bendigo,1650,Mobile,TROTTERS,8,DEATH,34,8,703.1,96.9,23.5,13.8
FieldSize,Bendigo,1650,Mobile,TROTTERS,9,DEATH,46,4,809.77,-409.77,8.7,-50.6
FieldSize,Bendigo,1650,Mobile,TROTTERS,10,LEAD,64,19,1180.56,719.44,29.7,60.9
FieldSize,Bendigo,1650,Mobile,TROTTERS,11,LEAD,11,3,218.84,81.16,27.3,37.1
FieldSize,Bendigo,1650,Mobile,TROTTERS,12,LEAD,10,4,187.62,212.38,40.0,113.2
FieldSize,Bendigo,1650,Mobile,TROTTERS,5,LEAD,1,1,37.04,62.96,100.0,170.0
FieldSize,Bendigo,1650,Mobile,TROTTERS,6,LEAD,7,3,284.34,15.66,42.9,5.5
FieldSize,Bendigo,1650,Mobile,TROTTERS,7,LEAD,18,5,507.19,-7.19,27.8,-1.4
FieldSize,Bendigo,1650,Mobile,TROTTERS,8,LEAD,38,15,821.93,678.07,39.5,82.5
FieldSize,Bendigo,1650,Mobile,TROTTERS,9,LEAD,47,19,1149.69,750.31,40.4,65.3
FieldSize,Bendigo,1650,Stand,TROTTERS,5,B/LEAD,1,0,23.81,-23.81,0.0,-100.0
FieldSize,Bendigo,1650,Stand,TROTTERS,8,B/LEAD,1,0,29.41,-29.41,0.0,-100.0
FieldSize,Bendigo,1650,Stand,TROTTERS,5,LEAD,1,0,31.25,-31.25,0.0,-100.0
FieldSize,Bendigo,1650,Stand,TROTTERS,8,LEAD,1,1,16.67,83.33,100.0,499.9
FieldSize,Bendigo,2150,Mobile,PACERS,10,B/LEAD,129,16,1794.99,-194.99,12.4,-10.9
FieldSize,Bendigo,2150,Mobile,PACERS,11,B/LEAD,83,6,992.81,-392.81,7.2,-39.6
FieldSize,Bendigo,2150,Mobile,PACERS,12,B/LEAD,115,9,1268.97,-368.97,7.8,-29.1
FieldSize,Bendigo,2150,Mobile,PACERS,4,B/LEAD,4,2,110.02,89.98,50.0,81.8
FieldSize,Bendigo,2150,Mobile,PACERS,5,B/LEAD,10,2,135.19,64.81,20.0,47.9
FieldSize,Bendigo,2150,Mobile,PACERS,6,B/LEAD,44,6,661.46,-61.46,13.6,-9.3
FieldSize,Bendigo,2150,Mobile,PACERS,7,B/LEAD,67,7,887.48,-187.48,10.4,-21.1
FieldSize,Bendigo,2150,Mobile,PACERS,8,B/LEAD,94,14,1332.45,67.55,14.9,5.1
FieldSize,Bendigo,2150,Mobile,PACERS,9,B/LEAD,96,11,1216.41,-116.41,11.5,-9.6
FieldSize,Bendigo,2150,Mobile,PACERS,10,DEATH,127,18,2262.15,-462.15,14.2,-20.4
FieldSize,Bendigo,2150,Mobile,PACERS,11,DEATH,85,15,1401.12,98.88,17.6,7.1
FieldSize,Bendigo,2150,Mobile,PACERS,12,DEATH,114,13,1955.85,-655.85,11.4,-33.5
FieldSize,Bendigo,2150,Mobile,PACERS,5,DEATH,7,1,203.88,-103.88,14.3,-51.0
FieldSize,Bendigo,2150,Mobile,PACERS,6,DEATH,37,10,1041.63,-41.63,27.0,-4.0
FieldSize,Bendigo,2150,Mobile,PACERS,7,DEATH,66,10,1481.72,-481.72,15.2,-32.5
FieldSize,Bendigo,2150,Mobile,PACERS,8,DEATH,94,10,1980.01,-980.01,10.6,-49.5
FieldSize,Bendigo,2150,Mobile,PACERS,9,DEATH,96,11,1796.68,-696.68,11.5,-38.8
FieldSize,Bendigo,2150,Mobile,PACERS,10,LEAD,129,49,4231.61,668.39,38.0,15.8
FieldSize,Bendigo,2150,Mobile,PACERS,11,LEAD,85,26,2467.28,132.72,30.6,5.4
FieldSize,Bendigo,2150,Mobile,PACERS,12,LEAD,113,43,2946.07,1353.93,38.1,46.0
FieldSize,Bendigo,2150,Mobile,PACERS,4,LEAD,4,1,206.19,-106.19,25.0,-51.5
FieldSize,Bendigo,2150,Mobile,PACERS,5,LEAD,9,4,353.96,46.04,44.4,13.0
FieldSize,Bendigo,2150,Mobile,PACERS,6,LEAD,43,17,1762.44,-62.44,39.5,-3.5
FieldSize,Bendigo,2150,Mobile,PACERS,7,LEAD,66,31,2518.97,581.03,47.0,23.1
FieldSize,Bendigo,2150,Mobile,PACERS,8,LEAD,93,34,2947.21,452.79,36.6,15.4
FieldSize,Bendigo,2150,Mobile,PACERS,9,LEAD,96,39,2912.02,987.98,40.6,33.9
FieldSize,Bendigo,2150,Mobile,TROTTERS,10,B/LEAD,92,11,1058.38,41.62,12.0,3.9
FieldSize,Bendigo,2150,Mobile,TROTTERS,11,B/LEAD,48,6,489.29,110.71,12.5,22.6
FieldSize,Bendigo,2150,Mobile,TROTTERS,12,B/LEAD,58,7,686.58,13.42,12.1,2.0
FieldSize,Bendigo,2150,Mobile,TROTTERS,5,B/LEAD,7,0,127.49,-127.49,0.0,-100.0
FieldSize,Bendigo,2150,Mobile,TROTTERS,6,B/LEAD,25,3,475.59,-175.59,12.0,-36.9
FieldSize,Bendigo,2150,Mobile,TROTTERS,7,B/LEAD,57,12,1144.56,55.44,21.1,4.8
FieldSize,Bendigo,2150,Mobile,TROTTERS,8,B/LEAD,80,2,961.39,-761.39,2.5,-79.2
FieldSize,Bendigo,2150,Mobile,TROTTERS,9,B/LEAD,73,9,892.45,7.55,12.3,0.8
FieldSize,Bendigo,2150,Mobile,TROTTERS,10,DEATH,91,12,1522.95,-322.95,13.2,-21.2
FieldSize,Bendigo,2150,Mobile,TROTTERS,11,DEATH,48,4,851.07,-451.07,8.3,-53.0
FieldSize,Bendigo,2150,Mobile,TROTTERS,12,DEATH,59,10,980.98,19.02,16.9,1.9
FieldSize,Bendigo,2150,Mobile,TROTTERS,5,DEATH,3,0,67.0,-67.0,0.0,-100.0
FieldSize,Bendigo,2150,Mobile,TROTTERS,6,DEATH,12,2,269.95,-69.95,16.7,-25.9
FieldSize,Bendigo,2150,Mobile,TROTTERS,7,DEATH,46,7,984.01,-284.01,15.2,-28.9
FieldSize,Bendigo,2150,Mobile,TROTTERS,8,DEATH,76,12,1799.45,-599.45,15.8,-33.3
FieldSize,Bendigo,2150,Mobile,TROTTERS,9,DEATH,73,7,1426.25,-726.25,9.6,-50.9
FieldSize,Bendigo,2150,Mobile,TROTTERS,10,LEAD,93,35,2393.6,1106.4,37.6,46.2
FieldSize,Bendigo,2150,Mobile,TROTTERS,11,LEAD,48,13,1061.68,238.32,27.1,22.4
FieldSize,Bendigo,2150,Mobile,TROTTERS,12,LEAD,59,18,1536.09,263.91,30.5,17.2
FieldSize,Bendigo,2150,Mobile,TROTTERS,5,LEAD,7,6,283.72,316.28,85.7,111.5
FieldSize,Bendigo,2150,Mobile,TROTTERS,6,LEAD,25,11,913.66,186.34,44.0,20.4
FieldSize,Bendigo,2150,Mobile,TROTTERS,7,LEAD,57,18,2031.79,-231.79,31.6,-11.4
FieldSize,Bendigo,2150,Mobile,TROTTERS,8,LEAD,80,27,2388.49,311.51,33.8,13.0
FieldSize,Bendigo,2150,Mobile,TROTTERS,9,LEAD,71,24,1846.3,553.7,33.8,30.0
FieldSize,Bendigo,2150,Stand,TROTTERS,10,B/LEAD,2,0,15.26,-15.26,0.0,-100.0
FieldSize,Bendigo,2150,Stand,TROTTERS,11,B/LEAD,5,0,30.73,-30.73,0.0,-100.0
FieldSize,Bendigo,2150,Stand,TROTTERS,12,B/LEAD,7,1,82.28,17.72,14.3,21.5
FieldSize,Bendigo,2150,Stand,TROTTERS,5,B/LEAD,1,0,3.0,-3.0,0.0,-100.0
FieldSize,Bendigo,2150,Stand,TROTTERS,6,B/LEAD,1,1,21.74,78.26,100.0,360.0
FieldSize,Bendigo,2150,Stand,TROTTERS,7,B/LEAD,3,1,73.63,26.37,33.3,35.8
FieldSize,Bendigo,2150,Stand,TROTTERS,8,B/LEAD,9,2,155.41,44.59,22.2,28.7
FieldSize,Bendigo,2150,Stand,TROTTERS,9,B/LEAD,6,1,65.43,34.57,16.7,52.8
FieldSize,Bendigo,2150,Stand,TROTTERS,10,DEATH,2,1,24.76,75.24,50.0,303.9
FieldSize,Bendigo,2150,Stand,TROTTERS,11,DEATH,5,0,72.8,-72.8,0.0,-100.0
FieldSize,Bendigo,2150,Stand,TROTTERS,12,DEATH,7,0,71.99,-71.99,0.0,-100.0
FieldSize,Bendigo,2150,Stand,TROTTERS,5,DEATH,1,1,30.3,69.7,100.0,230.0
FieldSize,Bendigo,2150,Stand,TROTTERS,7,DEATH,3,1,83.84,16.16,33.3,19.3
FieldSize,Bendigo,2150,Stand,TROTTERS,8,DEATH,9,0,159.42,-159.42,0.0,-100.0
FieldSize,Bendigo,2150,Stand,TROTTERS,9,DEATH,6,1,59.43,40.57,16.7,68.3
FieldSize,Bendigo,2150,Stand,TROTTERS,10,LEAD,2,0,14.88,-14.88,0.0,-100.0
FieldSize,Bendigo,2150,Stand,TROTTERS,11,LEAD,5,3,144.59,155.41,60.0,107.5
FieldSize,Bendigo,2150,Stand,TROTTERS,12,LEAD,7,1,178.68,-78.68,14.3,-44.0
FieldSize,Bendigo,2150,Stand,TROTTERS,5,LEAD,1,0,28.57,-28.57,0.0,-100.0
FieldSize,Bendigo,2150,Stand,TROTTERS,6,LEAD,1,0,41.67,-41.67,0.0,-100.0
FieldSize,Bendigo,2150,Stand,TROTTERS,7,LEAD,3,0,55.72,-55.72,0.0,-100.0
FieldSize,Bendigo,2150,Stand,TROTTERS,8,LEAD,9,4,189.62,210.38,44.4,110.9
FieldSize,Bendigo,2150,Stand,TROTTERS,9,LEAD,6,4,184.33,215.67,66.7,117.0
FieldSize,Bendigo,2650,Mobile,PACERS,11,B/LEAD,1,0,14.71,-14.71,0.0,-100.0
FieldSize,Bendigo,2650,Mobile,PACERS,12,B/LEAD,10,1,66.94,33.06,10.0,49.4
FieldSize,Bendigo,2650,Mobile,PACERS,8,B/LEAD,1,0,16.67,-16.67,0.0,-100.0
FieldSize,Bendigo,2650,Mobile,PACERS,9,B/LEAD,1,0,23.81,-23.81,0.0,-100.0
FieldSize,Bendigo,2650,Mobile,PACERS,11,DEATH,1,0,11.36,-11.36,0.0,-100.0
FieldSize,Bendigo,2650,Mobile,PACERS,12,DEATH,9,2,145.13,54.87,22.2,37.8
FieldSize,Bendigo,2650,Mobile,PACERS,8,DEATH,1,0,6.25,-6.25,0.0,-100.0
FieldSize,Bendigo,2650,Mobile,PACERS,9,DEATH,1,0,5.56,-5.56,0.0,-100.0
FieldSize,Bendigo,2650,Mobile,PACERS,11,LEAD,1,1,58.82,41.18,100.0,70.0
FieldSize,Bendigo,2650,Mobile,PACERS,12,LEAD,10,5,437.98,62.02,50.0,14.2
FieldSize,Bendigo,2650,Mobile,PACERS,8,LEAD,1,0,5.26,-5.26,0.0,-100.0
FieldSize,Bendigo,2650,Mobile,PACERS,9,LEAD,1,1,20.0,80.0,100.0,400.0
FieldSize,Bendigo,2650,Stand,TROTTERS,10,B/LEAD,3,1,48.25,51.75,33.3,107.3
FieldSize,Bendigo,2650,Stand,TROTTERS,11,B/LEAD,1,0,8.33,-8.33,0.0,-100.0
FieldSize,Bendigo,2650,Stand,TROTTERS,12,B/LEAD,2,1,24.85,75.15,50.0,302.4
FieldSize,Bendigo,2650,Stand,TROTTERS,7,B/LEAD,3,0,43.17,-43.17,0.0,-100.0
FieldSize,Bendigo,2650,Stand,TROTTERS,8,B/LEAD,3,0,34.92,-34.92,0.0,-100.0
FieldSize,Bendigo,2650,Stand,TROTTERS,9,B/LEAD,1,0,8.33,-8.33,0.0,-100.0
FieldSize,Bendigo,2650,Stand,TROTTERS,10,DEATH,3,0,47.14,-47.14,0.0,-100.0
FieldSize,Bendigo,2650,Stand,TROTTERS,11,DEATH,1,0,15.38,-15.38,0.0,-100.0
FieldSize,Bendigo,2650,Stand,TROTTERS,12,DEATH,2,0,16.89,-16.89,0.0,-100.0
FieldSize,Bendigo,2650,Stand,TROTTERS,7,DEATH,2,0,23.71,-23.71,0.0,-100.0
FieldSize,Bendigo,2650,Stand,TROTTERS,8,DEATH,2,1,90.0,10.0,50.0,11.1
FieldSize,Bendigo,2650,Stand,TROTTERS,9,DEATH,1,0,16.67,-16.67,0.0,-100.0
FieldSize,Bendigo,2650,Stand,TROTTERS,10,LEAD,3,1,45.24,54.76,33.3,121.0
FieldSize,Bendigo,2650,Stand,TROTTERS,11,LEAD,1,1,16.67,83.33,100.0,499.9
FieldSize,Bendigo,2650,Stand,TROTTERS,12,LEAD,2,1,48.06,51.94,50.0,108.1
FieldSize,Bendigo,2650,Stand,TROTTERS,7,LEAD,3,2,57.62,142.38,66.7,247.1
FieldSize,Bendigo,2650,Stand,TROTTERS,8,LEAD,3,0,49.78,-49.78,0.0,-100.0
FieldSize,Bendigo,2650,Stand,TROTTERS,9,LEAD,1,1,14.29,85.71,100.0,599.8
FieldSize,Birchip,1750,Mobile,PACERS,10,B/LEAD,1,0,10.53,-10.53,0.0,-100.0
FieldSize,Birchip,1750,Mobile,PACERS,5,B/LEAD,1,0,25.0,-25.0,0.0,-100.0
FieldSize,Birchip,1750,Mobile,PACERS,6,B/LEAD,1,0,10.0,-10.0,0.0,-100.0
FieldSize,Birchip,1750,Mobile,PACERS,7,B/LEAD,2,1,12.75,87.25,50.0,684.3
FieldSize,Birchip,1750,Mobile,PACERS,8,B/LEAD,5,1,51.15,48.85,20.0,95.5
FieldSize,Birchip,1750,Mobile,PACERS,9,B/LEAD,2,1,52.38,47.62,50.0,90.9
FieldSize,Birchip,1750,Mobile,PACERS,10,DEATH,1,0,55.56,-55.56,0.0,-100.0
FieldSize,Birchip,1750,Mobile,PACERS,5,DEATH,1,0,20.0,-20.0,0.0,-100.0
FieldSize,Birchip,1750,Mobile,PACERS,6,DEATH,1,1,23.81,76.19,100.0,320.0
FieldSize,Birchip,1750,Mobile,PACERS,7,DEATH,2,0,55.22,-55.22,0.0,-100.0
FieldSize,Birchip,1750,Mobile,PACERS,8,DEATH,5,1,107.47,-7.47,20.0,-7.0
FieldSize,Birchip,1750,Mobile,PACERS,9,DEATH,1,0,4.76,-4.76,0.0,-100.0
FieldSize,Birchip,1750,Mobile,PACERS,10,LEAD,1,1,41.67,58.33,100.0,140.0
FieldSize,Birchip,1750,Mobile,PACERS,5,LEAD,1,1,43.48,56.52,100.0,130.0
FieldSize,Birchip,1750,Mobile,PACERS,6,LEAD,1,0,52.63,-52.63,0.0,-100.0
FieldSize,Birchip,1750,Mobile,PACERS,7,LEAD,2,1,72.15,27.85,50.0,38.6
FieldSize,Birchip,1750,Mobile,PACERS,8,LEAD,5,2,100.19,99.81,40.0,99.6
FieldSize,Birchip,1750,Mobile,PACERS,9,LEAD,2,0,57.77,-57.77,0.0,-100.0
FieldSize,Birchip,1750,Mobile,TROTTERS,6,B/LEAD,2,0,39.92,-39.92,0.0,-100.0
FieldSize,Birchip,1750,Mobile,TROTTERS,6,DEATH,1,0,2.94,-2.94,0.0,-100.0
FieldSize,Birchip,1750,Mobile,TROTTERS,6,LEAD,2,1,110.15,-10.15,50.0,-9.2
FieldSize,Birchip,2150,Mobile,PACERS,10,B/LEAD,4,0,19.25,-19.25,0.0,-100.0
FieldSize,Birchip,2150,Mobile,PACERS,4,B/LEAD,1,0,20.0,-20.0,0.0,-100.0
FieldSize,Birchip,2150,Mobile,PACERS,5,B/LEAD,1,0,13.89,-13.89,0.0,-100.0
FieldSize,Birchip,2150,Mobile,PACERS,7,B/LEAD,5,0,40.85,-40.85,0.0,-100.0
FieldSize,Birchip,2150,Mobile,PACERS,8,B/LEAD,3,0,31.32,-31.32,0.0,-100.0
FieldSize,Birchip,2150,Mobile,PACERS,9,B/LEAD,3,0,17.51,-17.51,0.0,-100.0
FieldSize,Birchip,2150,Mobile,PACERS,10,DEATH,4,0,67.08,-67.08,0.0,-100.0
FieldSize,Birchip,2150,Mobile,PACERS,4,DEATH,1,0,38.46,-38.46,0.0,-100.0
FieldSize,Birchip,2150,Mobile,PACERS,5,DEATH,1,0,1.96,-1.96,0.0,-100.0
FieldSize,Birchip,2150,Mobile,PACERS,7,DEATH,5,1,97.42,2.58,20.0,2.6
FieldSize,Birchip,2150,Mobile,PACERS,8,DEATH,3,2,70.83,129.17,66.7,182.4
FieldSize,Birchip,2150,Mobile,PACERS,9,DEATH,3,1,97.18,2.82,33.3,2.9
FieldSize,Birchip,2150,Mobile,PACERS,10,LEAD,4,0,78.71,-78.71,0.0,-100.0
FieldSize,Birchip,2150,Mobile,PACERS,4,LEAD,1,0,23.81,-23.81,0.0,-100.0
FieldSize,Birchip,2150,Mobile,PACERS,5,LEAD,1,0,9.35,-9.35,0.0,-100.0
FieldSize,Birchip,2150,Mobile,PACERS,7,LEAD,5,0,121.53,-121.53,0.0,-100.0
FieldSize,Birchip,2150,Mobile,PACERS,8,LEAD,3,0,93.41,-93.41,0.0,-100.0
FieldSize,Birchip,2150,Mobile,PACERS,9,LEAD,2,1,17.66,82.34,50.0,466.3
FieldSize,Birchip,2150,Mobile,TROTTERS,8,B/LEAD,2,0,15.52,-15.52,0.0,-100.0
FieldSize,Birchip,2150,Mobile,TROTTERS,9,B/LEAD,1,0,0.99,-0.99,0.0,-100.0
FieldSize,Birchip,2150,Mobile,TROTTERS,8,DEATH,2,0,31.82,-31.82,0.0,-100.0
FieldSize,Birchip,2150,Mobile,TROTTERS,9,DEATH,1,0,55.56,-55.56,0.0,-100.0
FieldSize,Birchip,2150,Mobile,TROTTERS,8,LEAD,2,0,63.48,-63.48,0.0,-100.0
FieldSize,Birchip,2150,Mobile,TROTTERS,9,LEAD,1,0,20.0,-20.0,0.0,-100.0
FieldSize,Birchip,2150,Stand,TROTTERS,10,B/LEAD,1,0,40.0,-40.0,0.0,-100.0
FieldSize,Birchip,2150,Stand,TROTTERS,6,B/LEAD,1,0,33.33,-33.33,0.0,-100.0
FieldSize,Birchip,2150,Stand,TROTTERS,7,B/LEAD,1,0,2.57,-2.57,0.0,-100.0
FieldSize,Birchip,2150,Stand,TROTTERS,8,B/LEAD,1,1,22.73,77.27,100.0,339.9
FieldSize,Birchip,2150,Stand,TROTTERS,9,B/LEAD,1,0,2.44,-2.44,0.0,-100.0
FieldSize,Birchip,2150,Stand,TROTTERS,10,DEATH,1,1,14.29,85.71,100.0,599.8
FieldSize,Birchip,2150,Stand,TROTTERS,6,DEATH,1,0,13.16,-13.16,0.0,-100.0
FieldSize,Birchip,2150,Stand,TROTTERS,7,DEATH,1,0,4.83,-4.83,0.0,-100.0
FieldSize,Birchip,2150,Stand,TROTTERS,8,DEATH,1,0,0.66,-0.66,0.0,-100.0
FieldSize,Birchip,2150,Stand,TROTTERS,9,DEATH,1,0,18.18,-18.18,0.0,-100.0
FieldSize,Birchip,2150,Stand,TROTTERS,10,LEAD,1,0,2.44,-2.44,0.0,-100.0
FieldSize,Birchip,2150,Stand,TROTTERS,6,LEAD,1,1,25.0,75.0,100.0,300.0
FieldSize,Birchip,2150,Stand,TROTTERS,7,LEAD,1,0,14.71,-14.71,0.0,-100.0
FieldSize,Birchip,2150,Stand,TROTTERS,9,LEAD,1,0,13.33,-13.33,0.0,-100.0
FieldSize,Birchip,2550,Stand,TROTTERS,11,B/LEAD,1,0,1.23,-1.23,0.0,-100.0
FieldSize,Birchip,2550,Stand,TROTTERS,9,B/LEAD,1,0,1.23,-1.23,0.0,-100.0
FieldSize,Birchip,2550,Stand,TROTTERS,11,DEATH,1,0,23.81,-23.81,0.0,-100.0
FieldSize,Birchip,2550,Stand,TROTTERS,9,DEATH,1,0,7.69,-7.69,0.0,-100.0
FieldSize,Birchip,2550,Stand,TROTTERS,11,LEAD,1,1,44.44,55.56,100.0,125.0
FieldSize,Birchip,2550,Stand,TROTTERS,9,LEAD,1,1,20.83,79.17,100.0,380.1
FieldSize,Blayney,1640,Mobile,PACERS,10,B/LEAD,32,4,541.59,-141.59,12.5,-26.1
FieldSize,Blayney,1640,Mobile,PACERS,6,B/LEAD,2,0,11.76,-11.76,0.0,-100.0
FieldSize,Blayney,1640,Mobile,PACERS,7,B/LEAD,2,1,20.79,79.21,50.0,381.0
FieldSize,Blayney,1640,Mobile,PACERS,8,B/LEAD,12,1,116.26,-16.26,8.3,-14.0
FieldSize,Blayney,1640,Mobile,PACERS,9,B/LEAD,11,2,208.1,-8.1,18.2,-3.9
FieldSize,Blayney,1640,Mobile,PACERS,10,DEATH,32,5,775.84,-275.84,15.6,-35.6
FieldSize,Blayney,1640,Mobile,PACERS,6,DEATH,2,0,53.85,-53.85,0.0,-100.0
FieldSize,Blayney,1640,Mobile,PACERS,7,DEATH,2,0,45.46,-45.46,0.0,-100.0
FieldSize,Blayney,1640,Mobile,PACERS,8,DEATH,13,4,322.14,77.86,30.8,24.2
FieldSize,Blayney,1640,Mobile,PACERS,9,DEATH,11,1,216.17,-116.17,9.1,-53.7
FieldSize,Blayney,1640,Mobile,PACERS,10,LEAD,32,15,755.74,744.26,46.9,98.5
FieldSize,Blayney,1640,Mobile,PACERS,6,LEAD,2,1,48.06,51.94,50.0,108.1
FieldSize,Blayney,1640,Mobile,PACERS,7,LEAD,2,1,22.52,77.48,50.0,344.0
FieldSize,Blayney,1640,Mobile,PACERS,8,LEAD,13,3,295.05,4.95,23.1,1.7
FieldSize,Blayney,1640,Mobile,PACERS,9,LEAD,10,5,284.87,215.13,50.0,75.5
FieldSize,Blayney,2000,Mobile,PACERS,10,B/LEAD,22,4,216.76,183.24,18.2,84.5
FieldSize,Blayney,2000,Mobile,PACERS,6,B/LEAD,1,0,9.09,-9.09,0.0,-100.0
FieldSize,Blayney,2000,Mobile,PACERS,7,B/LEAD,5,1,56.15,43.85,20.0,78.1
FieldSize,Blayney,2000,Mobile,PACERS,8,B/LEAD,10,1,116.58,-16.58,10.0,-14.2
FieldSize,Blayney,2000,Mobile,PACERS,9,B/LEAD,15,1,204.95,-104.95,6.7,-51.2
FieldSize,Blayney,2000,Mobile,PACERS,10,DEATH,22,3,555.72,-255.72,13.6,-46.0
FieldSize,Blayney,2000,Mobile,PACERS,6,DEATH,1,1,33.33,66.67,100.0,200.0
FieldSize,Blayney,2000,Mobile,PACERS,7,DEATH,5,0,108.84,-108.84,0.0,-100.0
FieldSize,Blayney,2000,Mobile,PACERS,8,DEATH,10,0,208.6,-208.6,0.0,-100.0
FieldSize,Blayney,2000,Mobile,PACERS,9,DEATH,15,3,359.18,-59.18,20.0,-16.5
FieldSize,Blayney,2000,Mobile,PACERS,10,LEAD,23,9,649.97,250.03,39.1,38.5
FieldSize,Blayney,2000,Mobile,PACERS,6,LEAD,1,0,28.57,-28.57,0.0,-100.0
FieldSize,Blayney,2000,Mobile,PACERS,7,LEAD,5,2,194.81,5.19,40.0,2.7
FieldSize,Blayney,2000,Mobile,PACERS,8,LEAD,10,3,312.53,-12.53,30.0,-4.0
FieldSize,Blayney,2000,Mobile,PACERS,9,LEAD,15,5,326.58,173.42,33.3,53.1
FieldSize,Blayney,2400,Mobile,PACERS,10,B/LEAD,2,0,11.01,-11.01,0.0,-100.0
FieldSize,Blayney,2400,Mobile,PACERS,8,B/LEAD,1,0,50.0,-50.0,0.0,-100.0
FieldSize,Blayney,2400,Mobile,PACERS,9,B/LEAD,3,0,9.64,-9.64,0.0,-100.0
FieldSize,Blayney,2400,Mobile,PACERS,10,DEATH,3,0,87.12,-87.12,0.0,-100.0
FieldSize,Blayney,2400,Mobile,PACERS,8,DEATH,1,0,8.33,-8.33,0.0,-100.0
FieldSize,Blayney,2400,Mobile,PACERS,9,DEATH,3,0,43.86,-43.86,0.0,-100.0
FieldSize,Blayney,2400,Mobile,PACERS,10,LEAD,2,0,21.82,-21.82,0.0,-100.0
FieldSize,Blayney,2400,Mobile,PACERS,8,LEAD,1,1,25.0,75.0,100.0,300.0
FieldSize,Blayney,2400,Mobile,PACERS,9,LEAD,3,1,96.64,3.36,33.3,3.5
FieldSize,Boort,1900,Mobile,PACERS,10,B/LEAD,4,0,96.46,-96.46,0.0,-100.0
FieldSize,Boort,1900,Mobile,PACERS,4,B/LEAD,1,0,51.28,-51.28,0.0,-100.0
FieldSize,Boort,1900,Mobile,PACERS,6,B/LEAD,2,0,10.02,-10.02,0.0,-100.0
FieldSize,Boort,1900,Mobile,PACERS,7,B/LEAD,4,1,77.63,22.37,25.0,28.8
FieldSize,Boort,1900,Mobile,PACERS,8,B/LEAD,6,1,191.52,-91.52,16.7,-47.8
FieldSize,Boort,1900,Mobile,PACERS,9,B/LEAD,8,1,75.87,24.13,12.5,31.8
FieldSize,Boort,1900,Mobile,PACERS,10,DEATH,3,2,106.96,93.04,66.7,87.0
FieldSize,Boort,1900,Mobile,PACERS,6,DEATH,2,0,66.21,-66.21,0.0,-100.0
FieldSize,Boort,1900,Mobile,PACERS,7,DEATH,5,2,89.03,110.97,40.0,124.6
FieldSize,Boort,1900,Mobile,PACERS,8,DEATH,6,0,110.6,-110.6,0.0,-100.0
FieldSize,Boort,1900,Mobile,PACERS,9,DEATH,8,1,179.4,-79.4,12.5,-44.3
FieldSize,Boort,1900,Mobile,PACERS,10,LEAD,3,0,35.02,-35.02,0.0,-100.0
FieldSize,Boort,1900,Mobile,PACERS,4,LEAD,1,1,29.41,70.59,100.0,240.0
FieldSize,Boort,1900,Mobile,PACERS,6,LEAD,2,1,23.52,76.48,50.0,325.2
FieldSize,Boort,1900,Mobile,PACERS,7,LEAD,5,1,148.93,-48.93,20.0,-32.9
FieldSize,Boort,1900,Mobile,PACERS,8,LEAD,6,4,168.95,231.05,66.7,136.8
FieldSize,Boort,1900,Mobile,PACERS,9,LEAD,8,2,157.67,42.33,25.0,26.8
FieldSize,Boort,2250,Mobile,PACERS,10,B/LEAD,8,0,41.0,-41.0,0.0,-100.0
FieldSize,Boort,2250,Mobile,PACERS,6,B/LEAD,3,0,66.9,-66.9,0.0,-100.0
FieldSize,Boort,2250,Mobile,PACERS,7,B/LEAD,2,0,40.0,-40.0,0.0,-100.0
FieldSize,Boort,2250,Mobile,PACERS,8,B/LEAD,8,0,122.75,-122.75,0.0,-100.0
FieldSize,Boort,2250,Mobile,PACERS,9,B/LEAD,7,1,90.35,9.65,14.3,10.7
FieldSize,Boort,2250,Mobile,PACERS,10,DEATH,8,2,135.13,64.87,25.0,48.0
FieldSize,Boort,2250,Mobile,PACERS,6,DEATH,3,1,59.65,40.35,33.3,67.6
FieldSize,Boort,2250,Mobile,PACERS,7,DEATH,2,0,71.47,-71.47,0.0,-100.0
FieldSize,Boort,2250,Mobile,PACERS,8,DEATH,8,2,160.77,39.23,25.0,24.4
FieldSize,Boort,2250,Mobile,PACERS,9,DEATH,7,0,165.47,-165.47,0.0,-100.0
FieldSize,Boort,2250,Mobile,PACERS,10,LEAD,8,2,209.62,-9.62,25.0,-4.6
FieldSize,Boort,2250,Mobile,PACERS,6,LEAD,3,2,157.97,42.03,66.7,26.6
FieldSize,Boort,2250,Mobile,PACERS,7,LEAD,2,0,22.53,-22.53,0.0,-100.0
FieldSize,Boort,2250,Mobile,PACERS,8,LEAD,8,5,184.65,315.35,62.5,170.8
FieldSize,Boort,2250,Mobile,PACERS,9,LEAD,7,5,198.84,301.16,71.4,151.5
FieldSize,Boort,2250,Mobile,TROTTERS,6,B/LEAD,1,0,27.03,-27.03,0.0,-100.0
FieldSize,Boort,2250,Mobile,TROTTERS,7,B/LEAD,1,0,21.74,-21.74,0.0,-100.0
FieldSize,Boort,2250,Mobile,TROTTERS,8,B/LEAD,1,1,62.5,37.5,100.0,60.0
FieldSize,Boort,2250,Mobile,TROTTERS,9,B/LEAD,2,0,9.1,-9.1,0.0,-100.0
FieldSize,Boort,2250,Mobile,TROTTERS,6,DEATH,1,0,62.5,-62.5,0.0,-100.0
FieldSize,Boort,2250,Mobile,TROTTERS,7,DEATH,1,0,5.26,-5.26,0.0,-100.0
FieldSize,Boort,2250,Mobile,TROTTERS,8,DEATH,1,0,14.29,-14.29,0.0,-100.0
FieldSize,Boort,2250,Mobile,TROTTERS,9,DEATH,2,0,46.75,-46.75,0.0,-100.0
FieldSize,Boort,2250,Mobile,TROTTERS,6,LEAD,1,0,4.35,-4.35,0.0,-100.0
FieldSize,Boort,2250,Mobile,TROTTERS,7,LEAD,1,1,38.46,61.54,100.0,160.0
FieldSize,Boort,2250,Mobile,TROTTERS,8,LEAD,1,0,14.29,-14.29,0.0,-100.0
FieldSize,Boort,2250,Mobile,TROTTERS,9,LEAD,2,1,27.5,72.5,50.0,263.6
FieldSize,Boort,2250,Stand,TROTTERS,10,B/LEAD,2,0,14.49,-14.49,0.0,-100.0
FieldSize,Boort,2250,Stand,TROTTERS,11,B/LEAD,2,1,16.02,83.98,50.0,524.2
FieldSize,Boort,2250,Stand,TROTTERS,6,B/LEAD,2,0,13.23,-13.23,0.0,-100.0
FieldSize,Boort,2250,Stand,TROTTERS,7,B/LEAD,2,0,17.68,-17.68,0.0,-100.0
FieldSize,Boort,2250,Stand,TROTTERS,8,B/LEAD,1,0,6.25,-6.25,0.0,-100.0
FieldSize,Boort,2250,Stand,TROTTERS,10,DEATH,2,0,40.59,-40.59,0.0,-100.0
FieldSize,Boort,2250,Stand,TROTTERS,11,DEATH,1,0,27.03,-27.03,0.0,-100.0
FieldSize,Boort,2250,Stand,TROTTERS,6,DEATH,2,0,40.48,-40.48,0.0,-100.0
FieldSize,Boort,2250,Stand,TROTTERS,7,DEATH,2,1,43.75,56.25,50.0,128.6
FieldSize,Boort,2250,Stand,TROTTERS,8,DEATH,1,0,2.6,-2.6,0.0,-100.0
FieldSize,Boort,2250,Stand,TROTTERS,10,LEAD,2,2,16.12,183.88,100.0,1140.7
FieldSize,Boort,2250,Stand,TROTTERS,11,LEAD,2,1,18.22,81.78,50.0,448.8
FieldSize,Boort,2250,Stand,TROTTERS,6,LEAD,1,0,37.04,-37.04,0.0,-100.0
FieldSize,Boort,2250,Stand,TROTTERS,7,LEAD,2,1,26.51,73.49,50.0,277.2
FieldSize,Boort,2250,Stand,TROTTERS,8,LEAD,1,1,25.64,74.36,100.0,290.0
FieldSize,Boort,2612,Mobile,PACERS,8,B/LEAD,1,0,3.23,-3.23,0.0,-100.0
FieldSize,Boort,2612,Mobile,PACERS,9,B/LEAD,1,0,2.94,-2.94,0.0,-100.0
FieldSize,Boort,2612,Mobile,PACERS,8,DEATH,1,1,33.33,66.67,100.0,200.0
FieldSize,Boort,2612,Mobile,PACERS,9,DEATH,2,0,17.82,-17.82,0.0,-100.0
FieldSize,Boort,2612,Mobile,PACERS,8,LEAD,1,0,13.33,-13.33,0.0,-100.0
FieldSize,Boort,2612,Stand,TROTTERS,10,B/LEAD,1,1,2.44,97.56,100.0,3998.4
FieldSize,Boort,2612,Stand,TROTTERS,11,B/LEAD,1,0,6.25,-6.25,0.0,-100.0
FieldSize,Boort,2612,Stand,TROTTERS,12,B/LEAD,1,0,0.79,-0.79,0.0,-100.0
FieldSize,Boort,2612,Stand,TROTTERS,5,B/LEAD,1,0,9.09,-9.09,0.0,-100.0
FieldSize,Boort,2612,Stand,TROTTERS,8,B/LEAD,2,0,21.19,-21.19,0.0,-100.0
FieldSize,Boort,2612,Stand,TROTTERS,9,B/LEAD,2,0,50.53,-50.53,0.0,-100.0
FieldSize,Boort,2612,Stand,TROTTERS,10,DEATH,1,0,46.51,-46.51,0.0,-100.0
FieldSize,Boort,2612,Stand,TROTTERS,11,DEATH,1,0,20.0,-20.0,0.0,-100.0
FieldSize,Boort,2612,Stand,TROTTERS,12,DEATH,1,1,18.18,81.82,100.0,450.1
FieldSize,Boort,2612,Stand,TROTTERS,5,DEATH,1,1,22.73,77.27,100.0,339.9
FieldSize,Boort,2612,Stand,TROTTERS,8,DEATH,2,0,35.72,-35.72,0.0,-100.0
FieldSize,Boort,2612,Stand,TROTTERS,9,DEATH,2,0,43.82,-43.82,0.0,-100.0
FieldSize,Boort,2612,Stand,TROTTERS,10,LEAD,1,0,5.26,-5.26,0.0,-100.0
FieldSize,Boort,2612,Stand,TROTTERS,11,LEAD,1,1,25.64,74.36,100.0,290.0
FieldSize,Boort,2612,Stand,TROTTERS,12,LEAD,1,0,4.35,-4.35,0.0,-100.0
FieldSize,Boort,2612,Stand,TROTTERS,5,LEAD,1,0,32.26,-32.26,0.0,-100.0
FieldSize,Boort,2612,Stand,TROTTERS,8,LEAD,2,1,45.96,54.04,50.0,117.6
FieldSize,Boort,2612,Stand,TROTTERS,9,LEAD,2,2,36.96,163.04,100.0,441.1
FieldSize,Bridgetown,1784,Mobile,PACERS,10,B/LEAD,3,1,99.62,0.38,33.3,0.4
FieldSize,Bridgetown,1784,Mobile,PACERS,8,B/LEAD,2,0,9.73,-9.73,0.0,-100.0
FieldSize,Bridgetown,1784,Mobile,PACERS,9,B/LEAD,2,0,32.78,-32.78,0.0,-100.0
FieldSize,Bridgetown,1784,Mobile,PACERS,10,DEATH,3,0,63.24,-63.24,0.0,-100.0
FieldSize,Bridgetown,1784,Mobile,PACERS,8,DEATH,2,1,26.09,73.91,50.0,283.3
FieldSize,Bridgetown,1784,Mobile,PACERS,9,DEATH,2,0,51.33,-51.33,0.0,-100.0
FieldSize,Bridgetown,1784,Mobile,PACERS,10,LEAD,3,1,50.22,49.78,33.3,99.1
FieldSize,Bridgetown,1784,Mobile,PACERS,8,LEAD,2,1,15.0,85.0,50.0,566.7
FieldSize,Bridgetown,1784,Mobile,PACERS,9,LEAD,2,2,119.48,80.52,100.0,67.4
FieldSize,Bridgetown,2190,Mobile,PACERS,10,B/LEAD,7,1,64.18,35.82,14.3,55.8
FieldSize,Bridgetown,2190,Mobile,PACERS,5,B/LEAD,1,0,14.29,-14.29,0.0,-100.0
FieldSize,Bridgetown,2190,Mobile,PACERS,6,B/LEAD,4,0,29.93,-29.93,0.0,-100.0
FieldSize,Bridgetown,2190,Mobile,PACERS,7,B/LEAD,4,0,43.32,-43.32,0.0,-100.0
FieldSize,Bridgetown,2190,Mobile,PACERS,8,B/LEAD,5,0,100.53,-100.53,0.0,-100.0
FieldSize,Bridgetown,2190,Mobile,PACERS,9,B/LEAD,7,0,35.51,-35.51,0.0,-100.0
FieldSize,Bridgetown,2190,Mobile,PACERS,10,DEATH,7,1,162.86,-62.86,14.3,-38.6
FieldSize,Bridgetown,2190,Mobile,PACERS,5,DEATH,1,1,68.97,31.03,100.0,45.0
FieldSize,Bridgetown,2190,Mobile,PACERS,6,DEATH,4,0,43.21,-43.21,0.0,-100.0
FieldSize,Bridgetown,2190,Mobile,PACERS,7,DEATH,4,2,96.41,103.59,50.0,107.4
FieldSize,Bridgetown,2190,Mobile,PACERS,8,DEATH,5,0,56.3,-56.3,0.0,-100.0
FieldSize,Bridgetown,2190,Mobile,PACERS,9,DEATH,7,3,172.57,127.43,42.9,73.8
FieldSize,Bridgetown,2190,Mobile,PACERS,10,LEAD,7,0,186.29,-186.29,0.0,-100.0
FieldSize,Bridgetown,2190,Mobile,PACERS,5,LEAD,1,0,23.81,-23.81,0.0,-100.0
FieldSize,Bridgetown,2190,Mobile,PACERS,6,LEAD,4,3,176.14,123.86,75.0,70.3
FieldSize,Bridgetown,2190,Mobile,PACERS,7,LEAD,4,2,172.36,27.64,50.0,16.0
FieldSize,Bridgetown,2190,Mobile,PACERS,8,LEAD,5,4,242.07,157.93,80.0,65.2
FieldSize,Bridgetown,2190,Mobile,PACERS,9,LEAD,7,3,233.57,66.43,42.9,28.4
FieldSize,Bridgetown,2190,Stand,PACERS,10,B/LEAD,1,0,9.09,-9.09,0.0,-100.0
FieldSize,Bridgetown,2190,Stand,PACERS,10,DEATH,1,0,2.44,-2.44,0.0,-100.0
FieldSize,Bridgetown,2190,Stand,PACERS,10,LEAD,1,1,43.48,56.52,100.0,130.0
FieldSize,Bridgetown,2597,Mobile,PACERS,10,B/LEAD,1,0,13.33,-13.33,0.0,-100.0
FieldSize,Bridgetown,2597,Mobile,PACERS,8,B/LEAD,1,0,4.76,-4.76,0.0,-100.0
FieldSize,Bridgetown,2597,Mobile,PACERS,10,DEATH,1,0,7.69,-7.69,0.0,-100.0
FieldSize,Bridgetown,2597,Mobile,PACERS,8,DEATH,1,0,31.25,-31.25,0.0,-100.0
FieldSize,Bridgetown,2597,Mobile,PACERS,10,LEAD,2,1,37.03,62.97,50.0,170.1
FieldSize,Bridgetown,2597,Mobile,PACERS,8,LEAD,1,1,47.62,52.38,100.0,110.0
FieldSize,Broken Hill,1900,Mobile,PACERS,5,B/LEAD,1,0,10.1,-10.1,0.0,-100.0
FieldSize,Broken Hill,1900,Mobile,PACERS,6,B/LEAD,2,0,16.73,-16.73,0.0,-100.0
FieldSize,Broken Hill,1900,Mobile,PACERS,7,B/LEAD,4,1,34.54,65.46,25.0,189.5
FieldSize,Broken Hill,1900,Mobile,PACERS,8,B/LEAD,5,1,108.45,-8.45,20.0,-7.8
FieldSize,Broken Hill,1900,Mobile,PACERS,9,B/LEAD,2,0,14.82,-14.82,0.0,-100.0
FieldSize,Broken Hill,1900,Mobile,PACERS,5,DEATH,1,0,19.61,-19.61,0.0,-100.0
FieldSize,Broken Hill,1900,Mobile,PACERS,6,DEATH,2,0,71.52,-71.52,0.0,-100.0
FieldSize,Broken Hill,1900,Mobile,PACERS,7,DEATH,4,0,119.1,-119.1,0.0,-100.0
FieldSize,Broken Hill,1900,Mobile,PACERS,8,DEATH,5,0,60.78,-60.78,0.0,-100.0
FieldSize,Broken Hill,1900,Mobile,PACERS,9,DEATH,2,0,33.89,-33.89,0.0,-100.0
FieldSize,Broken Hill,1900,Mobile,PACERS,5,LEAD,1,1,71.43,28.57,100.0,40.0
FieldSize,Broken Hill,1900,Mobile,PACERS,6,LEAD,2,1,85.85,14.15,50.0,16.5
FieldSize,Broken Hill,1900,Mobile,PACERS,7,LEAD,4,3,220.36,79.64,75.0,36.1
FieldSize,Broken Hill,1900,Mobile,PACERS,8,LEAD,5,2,210.44,-10.44,40.0,-5.0
FieldSize,Broken Hill,1900,Mobile,PACERS,9,LEAD,2,2,57.44,142.56,100.0,248.2
FieldSize,Broken Hill,2210,Mobile,PACERS,6,B/LEAD,1,0,6.67,-6.67,0.0,-100.0
FieldSize,Broken Hill,2210,Mobile,PACERS,7,B/LEAD,1,0,28.57,-28.57,0.0,-100.0
FieldSize,Broken Hill,2210,Mobile,PACERS,8,B/LEAD,3,1,24.91,75.09,33.3,301.4
FieldSize,Broken Hill,2210,Mobile,PACERS,9,B/LEAD,2,0,40.26,-40.26,0.0,-100.0
FieldSize,Broken Hill,2210,Mobile,PACERS,6,DEATH,2,1,65.96,34.04,50.0,51.6
FieldSize,Broken Hill,2210,Mobile,PACERS,7,DEATH,1,0,31.25,-31.25,0.0,-100.0
FieldSize,Broken Hill,2210,Mobile,PACERS,8,DEATH,3,0,44.11,-44.11,0.0,-100.0
FieldSize,Broken Hill,2210,Mobile,PACERS,9,DEATH,2,0,19.28,-19.28,0.0,-100.0
FieldSize,Broken Hill,2210,Mobile,PACERS,6,LEAD,2,0,63.81,-63.81,0.0,-100.0
FieldSize,Broken Hill,2210,Mobile,PACERS,7,LEAD,1,1,16.67,83.33,100.0,499.9
FieldSize,Broken Hill,2210,Mobile,PACERS,8,LEAD,3,1,84.66,15.34,33.3,18.1
FieldSize,Broken Hill,2210,Mobile,PACERS,9,LEAD,2,2,52.19,147.81,100.0,283.2
FieldSize,Broken Hill,2500,Mobile,PACERS,8,B/LEAD,2,0,40.66,-40.66,0.0,-100.0
FieldSize,Broken Hill,2500,Mobile,PACERS,9,B/LEAD,1,1,11.76,88.24,100.0,750.3
FieldSize,Broken Hill,2500,Mobile,PACERS,8,DEATH,2,0,62.5,-62.5,0.0,-100.0
FieldSize,Broken Hill,2500,Mobile,PACERS,9,DEATH,1,0,27.03,-27.03,0.0,-100.0
FieldSize,Broken Hill,2500,Mobile,PACERS,8,LEAD,2,0,52.54,-52.54,0.0,-100.0
FieldSize,Broken Hill,2500,Mobile,PACERS,9,LEAD,1,0,17.54,-17.54,0.0,-100.0
FieldSize,Bunbury,1140,Mobile,PACERS,7,B/LEAD,1,1,25.0,75.0,100.0,300.0
FieldSize,Bunbury,1140,Mobile,PACERS,8,B/LEAD,1,0,26.32,-26.32,0.0,-100.0
FieldSize,Bunbury,1140,Mobile,PACERS,7,DEATH,1,0,74.63,-74.63,0.0,-100.0
FieldSize,Bunbury,1140,Mobile,PACERS,8,DEATH,1,0,4.76,-4.76,0.0,-100.0
FieldSize,Bunbury,1140,Mobile,PACERS,12,LEAD,1,0,7.14,-7.14,0.0,-100.0
FieldSize,Bunbury,1140,Mobile,PACERS,7,LEAD,1,0,4.76,-4.76,0.0,-100.0
FieldSize,Bunbury,1140,Mobile,PACERS,8,LEAD,1,0,34.48,-34.48,0.0,-100.0
FieldSize,Bunbury,1609,Mobile,PACERS,10,B/LEAD,26,4,305.14,94.86,15.4,31.1
FieldSize,Bunbury,1609,Mobile,PACERS,11,B/LEAD,30,5,281.94,218.06,16.7,77.3
FieldSize,Bunbury,1609,Mobile,PACERS,12,B/LEAD,41,5,391.01,108.99,12.2,27.9
FieldSize,Bunbury,1609,Mobile,PACERS,4,B/LEAD,1,0,12.5,-12.5,0.0,-100.0
FieldSize,Bunbury,1609,Mobile,PACERS,5,B/LEAD,5,1,48.14,51.86,20.0,107.7
FieldSize,Bunbury,1609,Mobile,PACERS,6,B/LEAD,10,5,169.89,330.11,50.0,194.3
FieldSize,Bunbury,1609,Mobile,PACERS,7,B/LEAD,22,5,389.89,110.11,22.7,28.2
FieldSize,Bunbury,1609,Mobile,PACERS,8,B/LEAD,33,3,645.93,-345.93,9.1,-53.6
FieldSize,Bunbury,1609,Mobile,PACERS,9,B/LEAD,28,3,356.85,-56.85,10.7,-15.9
FieldSize,Bunbury,1609,Mobile,PACERS,10,DEATH,26,1,575.13,-475.13,3.8,-82.6
FieldSize,Bunbury,1609,Mobile,PACERS,11,DEATH,30,3,509.32,-209.32,10.0,-41.1
FieldSize,Bunbury,1609,Mobile,PACERS,12,DEATH,41,4,443.18,-43.18,9.8,-9.7
FieldSize,Bunbury,1609,Mobile,PACERS,5,DEATH,2,1,87.33,12.67,50.0,14.5
FieldSize,Bunbury,1609,Mobile,PACERS,6,DEATH,7,0,132.16,-132.16,0.0,-100.0
FieldSize,Bunbury,1609,Mobile,PACERS,7,DEATH,20,1,448.9,-348.9,5.0,-77.7
FieldSize,Bunbury,1609,Mobile,PACERS,8,DEATH,32,3,608.68,-308.68,9.4,-50.7
FieldSize,Bunbury,1609,Mobile,PACERS,9,DEATH,28,6,620.88,-20.88,21.4,-3.4
FieldSize,Bunbury,1609,Mobile,PACERS,10,LEAD,26,13,678.41,621.59,50.0,91.6
FieldSize,Bunbury,1609,Mobile,PACERS,11,LEAD,30,11,836.02,263.98,36.7,31.6
FieldSize,Bunbury,1609,Mobile,PACERS,12,LEAD,42,15,1233.66,266.34,35.7,21.6
FieldSize,Bunbury,1609,Mobile,PACERS,4,LEAD,1,1,72.46,27.54,100.0,38.0
FieldSize,Bunbury,1609,Mobile,PACERS,5,LEAD,5,3,333.56,-33.56,60.0,-10.1
FieldSize,Bunbury,1609,Mobile,PACERS,6,LEAD,10,2,353.71,-153.71,20.0,-43.5
FieldSize,Bunbury,1609,Mobile,PACERS,7,LEAD,22,12,761.91,438.09,54.5,57.5
FieldSize,Bunbury,1609,Mobile,PACERS,8,LEAD,33,19,994.89,905.11,57.6,91.0
FieldSize,Bunbury,1609,Mobile,PACERS,9,LEAD,28,13,1096.2,203.8,46.4,18.6
FieldSize,Bunbury,1609,Mobile,TROTTERS,7,B/LEAD,1,0,40.0,-40.0,0.0,-100.0
FieldSize,Bunbury,1609,Mobile,TROTTERS,7,DEATH,1,0,5.88,-5.88,0.0,-100.0
FieldSize,Bunbury,1609,Mobile,TROTTERS,7,LEAD,1,0,27.78,-27.78,0.0,-100.0
FieldSize,Bunbury,2100,Mobile,PACERS,10,B/LEAD,89,12,1081.69,118.31,13.5,10.9
FieldSize,Bunbury,2100,Mobile,PACERS,11,B/LEAD,98,11,1160.2,-60.2,11.2,-5.2
FieldSize,Bunbury,2100,Mobile,PACERS,12,B/LEAD,115,14,1136.97,263.03,12.2,23.1
FieldSize,Bunbury,2100,Mobile,PACERS,4,B/LEAD,3,0,78.3,-78.3,0.0,-100.0
FieldSize,Bunbury,2100,Mobile,PACERS,5,B/LEAD,6,1,95.31,4.69,16.7,4.9
FieldSize,Bunbury,2100,Mobile,PACERS,6,B/LEAD,24,4,459.48,-59.48,16.7,-12.9
FieldSize,Bunbury,2100,Mobile,PACERS,7,B/LEAD,65,7,1127.9,-427.9,10.8,-37.9
FieldSize,Bunbury,2100,Mobile,PACERS,8,B/LEAD,110,17,1335.34,364.66,15.5,27.3
FieldSize,Bunbury,2100,Mobile,PACERS,9,B/LEAD,100,15,1328.0,172.0,15.0,13.0
FieldSize,Bunbury,2100,Mobile,PACERS,10,DEATH,89,7,1635.92,-935.92,7.9,-57.2
FieldSize,Bunbury,2100,Mobile,PACERS,11,DEATH,98,15,2046.9,-546.9,15.3,-26.7
FieldSize,Bunbury,2100,Mobile,PACERS,12,DEATH,115,14,1921.57,-521.57,12.2,-27.1
FieldSize,Bunbury,2100,Mobile,PACERS,5,DEATH,3,0,104.63,-104.63,0.0,-100.0
FieldSize,Bunbury,2100,Mobile,PACERS,6,DEATH,17,1,318.78,-218.78,5.9,-68.6
FieldSize,Bunbury,2100,Mobile,PACERS,7,DEATH,60,7,1113.73,-413.73,11.7,-37.1
FieldSize,Bunbury,2100,Mobile,PACERS,8,DEATH,106,7,2322.1,-1622.1,6.6,-69.9
FieldSize,Bunbury,2100,Mobile,PACERS,9,DEATH,101,9,1837.61,-937.61,8.9,-51.0
FieldSize,Bunbury,2100,Mobile,PACERS,10,LEAD,90,35,3155.85,344.15,38.9,10.9
FieldSize,Bunbury,2100,Mobile,PACERS,11,LEAD,98,36,3166.16,433.84,36.7,13.7
FieldSize,Bunbury,2100,Mobile,PACERS,12,LEAD,115,39,3744.83,155.17,33.9,4.1
FieldSize,Bunbury,2100,Mobile,PACERS,4,LEAD,3,2,176.5,23.5,66.7,13.3
FieldSize,Bunbury,2100,Mobile,PACERS,5,LEAD,6,4,271.32,128.68,66.7,47.4
FieldSize,Bunbury,2100,Mobile,PACERS,6,LEAD,24,14,1046.05,353.95,58.3,33.8
FieldSize,Bunbury,2100,Mobile,PACERS,7,LEAD,65,34,2846.86,553.14,52.3,19.4
FieldSize,Bunbury,2100,Mobile,PACERS,8,LEAD,110,52,4552.95,647.05,47.3,14.2
FieldSize,Bunbury,2100,Mobile,PACERS,9,LEAD,102,43,4062.5,237.5,42.2,5.8
FieldSize,Bunbury,2100,Mobile,TROTTERS,6,B/LEAD,1,0,14.29,-14.29,0.0,-100.0
FieldSize,Bunbury,2100,Mobile,TROTTERS,9,B/LEAD,1,0,4.76,-4.76,0.0,-100.0
FieldSize,Bunbury,2100,Mobile,TROTTERS,6,DEATH,1,0,60.61,-60.61,0.0,-100.0
FieldSize,Bunbury,2100,Mobile,TROTTERS,9,DEATH,1,0,18.18,-18.18,0.0,-100.0
FieldSize,Bunbury,2100,Mobile,TROTTERS,6,LEAD,1,0,28.57,-28.57,0.0,-100.0
FieldSize,Bunbury,2100,Mobile,TROTTERS,9,LEAD,1,1,81.97,18.03,100.0,22.0
FieldSize,Bunbury,2503,Stand,PACERS,10,B/LEAD,9,0,62.56,-62.56,0.0,-100.0
FieldSize,Bunbury,2503,Stand,PACERS,11,B/LEAD,5,0,18.94,-18.94,0.0,-100.0
FieldSize,Bunbury,2503,Stand,PACERS,12,B/LEAD,3,0,10.19,-10.19,0.0,-100.0
FieldSize,Bunbury,2503,Stand,PACERS,5,B/LEAD,1,0,12.5,-12.5,0.0,-100.0
FieldSize,Bunbury,2503,Stand,PACERS,6,B/LEAD,2,0,54.34,-54.34,0.0,-100.0
FieldSize,Bunbury,2503,Stand,PACERS,7,B/LEAD,10,0,62.31,-62.31,0.0,-100.0
FieldSize,Bunbury,2503,Stand,PACERS,8,B/LEAD,12,2,152.9,47.1,16.7,30.8
FieldSize,Bunbury,2503,Stand,PACERS,9,B/LEAD,9,1,103.23,-3.23,11.1,-3.1
FieldSize,Bunbury,2503,Stand,PACERS,10,DEATH,9,0,91.94,-91.94,0.0,-100.0
FieldSize,Bunbury,2503,Stand,PACERS,11,DEATH,5,1,146.64,-46.64,20.0,-31.8
FieldSize,Bunbury,2503,Stand,PACERS,12,DEATH,3,0,3.01,-3.01,0.0,-100.0
FieldSize,Bunbury,2503,Stand,PACERS,6,DEATH,2,1,49.36,50.64,50.0,102.6
FieldSize,Bunbury,2503,Stand,PACERS,7,DEATH,10,2,316.97,-116.97,20.0,-36.9
FieldSize,Bunbury,2503,Stand,PACERS,8,DEATH,11,0,200.12,-200.12,0.0,-100.0
FieldSize,Bunbury,2503,Stand,PACERS,9,DEATH,9,2,237.6,-37.6,22.2,-15.8
FieldSize,Bunbury,2503,Stand,PACERS,10,LEAD,9,6,279.97,320.03,66.7,114.3
FieldSize,Bunbury,2503,Stand,PACERS,11,LEAD,5,1,42.19,57.81,20.0,137.0
FieldSize,Bunbury,2503,Stand,PACERS,12,LEAD,3,1,77.37,22.63,33.3,29.2
FieldSize,Bunbury,2503,Stand,PACERS,5,LEAD,1,1,86.21,13.79,100.0,16.0
FieldSize,Bunbury,2503,Stand,PACERS,6,LEAD,2,0,37.5,-37.5,0.0,-100.0
FieldSize,Bunbury,2503,Stand,PACERS,7,LEAD,10,3,474.02,-174.02,30.0,-36.7
FieldSize,Bunbury,2503,Stand,PACERS,8,LEAD,12,7,625.34,74.66,58.3,11.9
FieldSize,Bunbury,2503,Stand,PACERS,9,LEAD,9,1,218.99,-118.99,11.1,-54.3
FieldSize,Bunbury,2503,Stand,TROTTERS,6,B/LEAD,1,1,46.51,53.49,100.0,115.0
FieldSize,Bunbury,2503,Stand,TROTTERS,7,B/LEAD,1,0,18.18,-18.18,0.0,-100.0
FieldSize,Bunbury,2503,Stand,TROTTERS,6,LEAD,1,0,10.0,-10.0,0.0,-100.0
FieldSize,Bunbury,2503,Stand,TROTTERS,7,LEAD,1,1,38.46,61.54,100.0,160.0
FieldSize,Bunbury,2569,Mobile,PACERS,10,B/LEAD,3,0,22.26,-22.26,0.0,-100.0
FieldSize,Bunbury,2569,Mobile,PACERS,11,B/LEAD,2,0,22.05,-22.05,0.0,-100.0
FieldSize,Bunbury,2569,Mobile,PACERS,12,B/LEAD,3,0,50.02,-50.02,0.0,-100.0
FieldSize,Bunbury,2569,Mobile,PACERS,6,B/LEAD,4,1,138.02,-38.02,25.0,-27.5
FieldSize,Bunbury,2569,Mobile,PACERS,7,B/LEAD,7,0,38.18,-38.18,0.0,-100.0
FieldSize,Bunbury,2569,Mobile,PACERS,8,B/LEAD,8,0,65.89,-65.89,0.0,-100.0
FieldSize,Bunbury,2569,Mobile,PACERS,9,B/LEAD,5,1,119.21,-19.21,20.0,-16.1
FieldSize,Bunbury,2569,Mobile,PACERS,10,DEATH,3,2,86.44,113.56,66.7,131.4
FieldSize,Bunbury,2569,Mobile,PACERS,11,DEATH,2,0,57.52,-57.52,0.0,-100.0
FieldSize,Bunbury,2569,Mobile,PACERS,12,DEATH,3,0,72.01,-72.01,0.0,-100.0
FieldSize,Bunbury,2569,Mobile,PACERS,6,DEATH,3,0,53.97,-53.97,0.0,-100.0
FieldSize,Bunbury,2569,Mobile,PACERS,7,DEATH,5,1,105.97,-5.97,20.0,-5.6
FieldSize,Bunbury,2569,Mobile,PACERS,8,DEATH,8,0,93.32,-93.32,0.0,-100.0
FieldSize,Bunbury,2569,Mobile,PACERS,9,DEATH,5,1,49.35,50.65,20.0,102.6
FieldSize,Bunbury,2569,Mobile,PACERS,10,LEAD,3,1,91.79,8.21,33.3,8.9
FieldSize,Bunbury,2569,Mobile,PACERS,11,LEAD,2,1,40.71,59.29,50.0,145.6
FieldSize,Bunbury,2569,Mobile,PACERS,12,LEAD,3,3,117.74,182.26,100.0,154.8
FieldSize,Bunbury,2569,Mobile,PACERS,6,LEAD,4,3,197.29,102.71,75.0,52.1
FieldSize,Bunbury,2569,Mobile,PACERS,7,LEAD,7,5,435.24,64.76,71.4,14.9
FieldSize,Bunbury,2569,Mobile,PACERS,8,LEAD,8,7,434.02,265.98,87.5,61.3
FieldSize,Bunbury,2569,Mobile,PACERS,9,LEAD,5,3,244.38,55.62,60.0,22.8
FieldSize,Burnie,1892,Stand,PACERS,10,B/LEAD,17,2,230.12,-30.12,11.8,-13.1
FieldSize,Burnie,1892,Stand,PACERS,6,B/LEAD,2,0,55.71,-55.71,0.0,-100.0
FieldSize,Burnie,1892,Stand,PACERS,7,B/LEAD,1,0,9.43,-9.43,0.0,-100.0
FieldSize,Burnie,1892,Stand,PACERS,8,B/LEAD,6,0,93.99,-93.99,0.0,-100.0
FieldSize,Burnie,1892,Stand,PACERS,9,B/LEAD,6,1,72.77,27.23,16.7,37.4
FieldSize,Burnie,1892,Stand,PACERS,10,DEATH,15,0,213.06,-213.06,0.0,-100.0
FieldSize,Burnie,1892,Stand,PACERS,6,DEATH,2,1,66.74,33.26,50.0,49.8
FieldSize,Burnie,1892,Stand,PACERS,7,DEATH,1,0,20.83,-20.83,0.0,-100.0
FieldSize,Burnie,1892,Stand,PACERS,8,DEATH,6,0,107.28,-107.28,0.0,-100.0
FieldSize,Burnie,1892,Stand,PACERS,9,DEATH,6,1,111.29,-11.29,16.7,-10.1
FieldSize,Burnie,1892,Stand,PACERS,10,LEAD,14,10,326.62,573.38,71.4,175.5
FieldSize,Burnie,1892,Stand,PACERS,6,LEAD,2,1,57.19,42.81,50.0,74.9
FieldSize,Burnie,1892,Stand,PACERS,8,LEAD,6,5,126.1,373.9,83.3,296.5
FieldSize,Burnie,1892,Stand,PACERS,9,LEAD,6,3,152.53,147.47,50.0,96.7
FieldSize,Burnie,2180,Mobile,PACERS,4,B/LEAD,1,0,8.33,-8.33,0.0,-100.0
FieldSize,Burnie,2180,Mobile,PACERS,5,B/LEAD,2,0,27.03,-27.03,0.0,-100.0
FieldSize,Burnie,2180,Mobile,PACERS,6,B/LEAD,13,1,187.69,-87.69,7.7,-46.7
FieldSize,Burnie,2180,Mobile,PACERS,7,B/LEAD,13,1,143.55,-43.55,7.7,-30.3
FieldSize,Burnie,2180,Mobile,PACERS,8,B/LEAD,24,3,376.06,-76.06,12.5,-20.2
FieldSize,Burnie,2180,Mobile,PACERS,9,B/LEAD,63,6,899.99,-299.99,9.5,-33.3
FieldSize,Burnie,2180,Mobile,PACERS,4,DEATH,1,0,58.82,-58.82,0.0,-100.0
FieldSize,Burnie,2180,Mobile,PACERS,5,DEATH,2,0,35.71,-35.71,0.0,-100.0
FieldSize,Burnie,2180,Mobile,PACERS,6,DEATH,11,4,289.34,110.66,36.4,38.2
FieldSize,Burnie,2180,Mobile,PACERS,7,DEATH,10,3,306.03,-6.03,30.0,-2.0
FieldSize,Burnie,2180,Mobile,PACERS,8,DEATH,22,3,511.39,-311.39,13.6,-60.9
FieldSize,Burnie,2180,Mobile,PACERS,9,DEATH,53,3,936.53,-636.53,5.7,-68.0
FieldSize,Burnie,2180,Mobile,PACERS,4,LEAD,1,0,37.04,-37.04,0.0,-100.0
FieldSize,Burnie,2180,Mobile,PACERS,5,LEAD,2,2,22.73,77.27,100.0,339.9
FieldSize,Burnie,2180,Mobile,PACERS,6,LEAD,13,7,268.1,131.9,53.8,49.2
FieldSize,Burnie,2180,Mobile,PACERS,7,LEAD,8,1,182.06,-82.06,12.5,-45.1
FieldSize,Burnie,2180,Mobile,PACERS,8,LEAD,24,10,477.91,522.09,41.7,109.2
FieldSize,Burnie,2180,Mobile,PACERS,9,LEAD,53,22,1438.1,661.9,41.5,46.0
FieldSize,Burnie,2180,Stand,PACERS,10,B/LEAD,50,6,711.04,-111.04,12.0,-15.6
FieldSize,Burnie,2180,Stand,PACERS,5,B/LEAD,3,1,123.93,-23.93,33.3,-19.3
FieldSize,Burnie,2180,Stand,PACERS,6,B/LEAD,5,1,113.23,-13.23,20.0,-11.7
FieldSize,Burnie,2180,Stand,PACERS,7,B/LEAD,3,1,43.81,56.19,33.3,128.3
FieldSize,Burnie,2180,Stand,PACERS,8,B/LEAD,15,3,227.74,-27.74,20.0,-12.2
FieldSize,Burnie,2180,Stand,PACERS,9,B/LEAD,14,0,192.37,-192.37,0.0,-100.0
FieldSize,Burnie,2180,Stand,PACERS,10,DEATH,47,2,672.13,-472.13,4.3,-70.2
FieldSize,Burnie,2180,Stand,PACERS,5,DEATH,1,0,10.64,-10.64,0.0,-100.0
FieldSize,Burnie,2180,Stand,PACERS,6,DEATH,5,1,85.31,14.69,20.0,17.2
FieldSize,Burnie,2180,Stand,PACERS,7,DEATH,3,0,54.45,-54.45,0.0,-100.0
FieldSize,Burnie,2180,Stand,PACERS,8,DEATH,14,0,235.29,-235.29,0.0,-100.0
FieldSize,Burnie,2180,Stand,PACERS,9,DEATH,12,3,176.88,123.12,25.0,69.6
FieldSize,Burnie,2180,Stand,PACERS,10,LEAD,47,27,1060.9,1639.1,57.4,154.5
FieldSize,Burnie,2180,Stand,PACERS,5,LEAD,3,2,137.92,62.08,66.7,45.0
FieldSize,Burnie,2180,Stand,PACERS,6,LEAD,5,2,175.12,24.88,40.0,14.2
FieldSize,Burnie,2180,Stand,PACERS,7,LEAD,3,1,53.91,46.09,33.3,85.5
FieldSize,Burnie,2180,Stand,PACERS,8,LEAD,15,11,377.31,622.69,73.3,165.0
FieldSize,Burnie,2180,Stand,PACERS,9,LEAD,12,5,208.44,191.56,41.7,91.9
FieldSize,Burnie,2500,Stand,PACERS,10,B/LEAD,13,1,234.91,-134.91,7.7,-57.4
FieldSize,Burnie,2500,Stand,PACERS,6,B/LEAD,1,0,40.0,-40.0,0.0,-100.0
FieldSize,Burnie,2500,Stand,PACERS,8,B/LEAD,1,0,16.67,-16.67,0.0,-100.0
FieldSize,Burnie,2500,Stand,PACERS,9,B/LEAD,1,0,4.76,-4.76,0.0,-100.0
FieldSize,Burnie,2500,Stand,PACERS,10,DEATH,12,0,158.23,-158.23,0.0,-100.0
FieldSize,Burnie,2500,Stand,PACERS,8,DEATH,1,0,13.33,-13.33,0.0,-100.0
FieldSize,Burnie,2500,Stand,PACERS,9,DEATH,1,0,25.0,-25.0,0.0,-100.0
FieldSize,Burnie,2500,Stand,PACERS,10,LEAD,12,8,289.47,510.53,66.7,176.4
FieldSize,Burnie,2500,Stand,PACERS,6,LEAD,1,0,22.73,-22.73,0.0,-100.0
FieldSize,Burnie,2500,Stand,PACERS,8,LEAD,1,1,16.67,83.33,100.0,499.9
FieldSize,Burnie,2500,Stand,PACERS,9,LEAD,1,1,20.83,79.17,100.0,380.1
FieldSize,Burnie,2789,Stand,PACERS,10,B/LEAD,6,1,108.65,-8.65,16.7,-8.0
FieldSize,Burnie,2789,Stand,PACERS,9,B/LEAD,1,0,3.85,-3.85,0.0,-100.0
FieldSize,Burnie,2789,Stand,PACERS,10,DEATH,6,0,93.71,-93.71,0.0,-100.0
FieldSize,Burnie,2789,Stand,PACERS,9,DEATH,1,0,10.0,-10.0,0.0,-100.0
FieldSize,Burnie,2789,Stand,PACERS,10,LEAD,6,3,115.85,184.15,50.0,159.0
FieldSize,Burnie,2789,Stand,PACERS,9,LEAD,1,1,37.04,62.96,100.0,170.0
FieldSize,Busselton,2030,Stand,PACERS,10,B/LEAD,6,0,82.86,-82.86,0.0,-100.0
FieldSize,Busselton,2030,Stand,PACERS,6,B/LEAD,5,0,38.47,-38.47,0.0,-100.0
FieldSize,Busselton,2030,Stand,PACERS,7,B/LEAD,20,1,278.92,-178.92,5.0,-64.1
FieldSize,Busselton,2030,Stand,PACERS,8,B/LEAD,30,4,513.16,-113.16,13.3,-22.1
FieldSize,Busselton,2030,Stand,PACERS,9,B/LEAD,3,0,66.91,-66.91,0.0,-100.0
FieldSize,Busselton,2030,Stand,PACERS,10,DEATH,6,3,123.67,176.33,50.0,142.6
FieldSize,Busselton,2030,Stand,PACERS,6,DEATH,5,1,162.96,-62.96,20.0,-38.6
FieldSize,Busselton,2030,Stand,PACERS,7,DEATH,20,3,412.95,-112.95,15.0,-27.4
FieldSize,Busselton,2030,Stand,PACERS,8,DEATH,29,4,720.97,-320.97,13.8,-44.5
FieldSize,Busselton,2030,Stand,PACERS,9,DEATH,3,0,11.93,-11.93,0.0,-100.0
FieldSize,Busselton,2030,Stand,PACERS,10,LEAD,6,2,131.27,68.73,33.3,52.4
FieldSize,Busselton,2030,Stand,PACERS,6,LEAD,5,3,120.19,179.81,60.0,149.6
FieldSize,Busselton,2030,Stand,PACERS,7,LEAD,20,12,668.38,531.62,60.0,79.5
FieldSize,Busselton,2030,Stand,PACERS,8,LEAD,30,13,751.98,548.02,43.3,72.9
FieldSize,Busselton,2030,Stand,PACERS,9,LEAD,3,3,105.57,194.43,100.0,184.2
FieldSize,Busselton,2400,Stand,PACERS,5,B/LEAD,3,0,42.52,-42.52,0.0,-100.0
FieldSize,Busselton,2400,Stand,PACERS,6,B/LEAD,10,1,181.24,-81.24,10.0,-44.8
FieldSize,Busselton,2400,Stand,PACERS,7,B/LEAD,16,2,279.03,-79.03,12.5,-28.3
FieldSize,Busselton,2400,Stand,PACERS,8,B/LEAD,22,4,254.2,145.8,18.2,57.4
FieldSize,Busselton,2400,Stand,PACERS,9,B/LEAD,2,0,5.34,-5.34,0.0,-100.0
FieldSize,Busselton,2400,Stand,PACERS,5,DEATH,3,0,139.5,-139.5,0.0,-100.0
FieldSize,Busselton,2400,Stand,PACERS,6,DEATH,11,1,252.63,-152.63,9.1,-60.4
FieldSize,Busselton,2400,Stand,PACERS,7,DEATH,16,2,413.69,-213.69,12.5,-51.7
FieldSize,Busselton,2400,Stand,PACERS,8,DEATH,21,1,369.36,-269.36,4.8,-72.9
FieldSize,Busselton,2400,Stand,PACERS,9,DEATH,2,0,16.11,-16.11,0.0,-100.0
FieldSize,Busselton,2400,Stand,PACERS,5,LEAD,3,2,104.3,95.7,66.7,91.8
FieldSize,Busselton,2400,Stand,PACERS,6,LEAD,10,4,293.47,106.53,40.0,36.3
FieldSize,Busselton,2400,Stand,PACERS,7,LEAD,16,10,450.9,549.1,62.5,121.8
FieldSize,Busselton,2400,Stand,PACERS,8,LEAD,22,10,646.79,353.21,45.5,54.6
FieldSize,Busselton,2400,Stand,PACERS,9,LEAD,2,2,132.35,67.65,100.0,51.1
FieldSize,Busselton,2680,Stand,PACERS,8,B/LEAD,5,0,113.79,-113.79,0.0,-100.0
FieldSize,Busselton,2680,Stand,PACERS,8,DEATH,5,1,68.46,31.54,20.0,46.1
FieldSize,Busselton,2680,Stand,PACERS,8,LEAD,5,3,161.88,138.12,60.0,85.3
FieldSize,Canberra,1770,Mobile,PACERS,10,B/LEAD,160,19,2257.38,-357.38,11.9,-15.8
FieldSize,Canberra,1770,Mobile,PACERS,6,B/LEAD,18,2,223.02,-23.02,11.1,-10.3
FieldSize,Canberra,1770,Mobile,PACERS,7,B/LEAD,52,1,837.97,-737.97,1.9,-88.1
FieldSize,Canberra,1770,Mobile,PACERS,8,B/LEAD,97,6,1355.2,-755.2,6.2,-55.7
FieldSize,Canberra,1770,Mobile,PACERS,9,B/LEAD,128,11,1620.74,-520.74,8.6,-32.1
FieldSize,Canberra,1770,Mobile,PACERS,10,DEATH,159,15,2980.96,-1480.96,9.4,-49.7
FieldSize,Canberra,1770,Mobile,PACERS,6,DEATH,16,3,533.74,-233.74,18.8,-43.8
FieldSize,Canberra,1770,Mobile,PACERS,7,DEATH,52,15,1264.7,235.3,28.8,18.6
FieldSize,Canberra,1770,Mobile,PACERS,8,DEATH,95,15,1882.71,-382.71,15.8,-20.3
FieldSize,Canberra,1770,Mobile,PACERS,9,DEATH,126,19,2267.78,-367.78,15.1,-16.2
FieldSize,Canberra,1770,Mobile,PACERS,10,LEAD,160,68,4321.06,2378.94,42.5,55.1
FieldSize,Canberra,1770,Mobile,PACERS,6,LEAD,18,8,711.56,88.44,44.4,12.4
FieldSize,Canberra,1770,Mobile,PACERS,7,LEAD,51,24,1733.87,666.13,47.1,38.4
FieldSize,Canberra,1770,Mobile,PACERS,8,LEAD,97,51,3110.04,1889.96,52.6,60.8
FieldSize,Canberra,1770,Mobile,PACERS,9,LEAD,127,51,3682.9,1317.1,40.2,35.8
FieldSize,Canberra,1770,Mobile,TROTTERS,10,B/LEAD,4,1,26.33,73.67,25.0,279.8
FieldSize,Canberra,1770,Mobile,TROTTERS,5,B/LEAD,2,0,75.74,-75.74,0.0,-100.0
FieldSize,Canberra,1770,Mobile,TROTTERS,6,B/LEAD,6,1,150.44,-50.44,16.7,-33.5
FieldSize,Canberra,1770,Mobile,TROTTERS,7,B/LEAD,14,0,212.21,-212.21,0.0,-100.0
FieldSize,Canberra,1770,Mobile,TROTTERS,8,B/LEAD,15,2,193.01,6.99,13.3,3.6
FieldSize,Canberra,1770,Mobile,TROTTERS,9,B/LEAD,8,1,98.7,1.3,12.5,1.3
FieldSize,Canberra,1770,Mobile,TROTTERS,10,DEATH,2,1,45.88,54.12,50.0,118.0
FieldSize,Canberra,1770,Mobile,TROTTERS,5,DEATH,2,0,18.06,-18.06,0.0,-100.0
FieldSize,Canberra,1770,Mobile,TROTTERS,6,DEATH,7,5,186.94,313.06,71.4,167.5
FieldSize,Canberra,1770,Mobile,TROTTERS,7,DEATH,13,5,328.2,171.8,38.5,52.3
FieldSize,Canberra,1770,Mobile,TROTTERS,8,DEATH,15,2,261.03,-61.03,13.3,-23.4
FieldSize,Canberra,1770,Mobile,TROTTERS,9,DEATH,8,2,122.76,77.24,25.0,62.9
FieldSize,Canberra,1770,Mobile,TROTTERS,10,LEAD,4,1,68.85,31.15,25.0,45.2
FieldSize,Canberra,1770,Mobile,TROTTERS,5,LEAD,2,2,70.32,129.68,100.0,184.4
FieldSize,Canberra,1770,Mobile,TROTTERS,6,LEAD,7,1,212.79,-112.79,14.3,-53.0
FieldSize,Canberra,1770,Mobile,TROTTERS,7,LEAD,14,6,368.87,231.13,42.9,62.7
FieldSize,Canberra,1770,Mobile,TROTTERS,8,LEAD,15,6,457.81,142.19,40.0,31.1
FieldSize,Canberra,1770,Mobile,TROTTERS,9,LEAD,8,3,254.99,45.01,37.5,17.7
FieldSize,Canberra,2170,Mobile,PACERS,10,B/LEAD,23,1,318.52,-218.52,4.3,-68.6
FieldSize,Canberra,2170,Mobile,PACERS,6,B/LEAD,6,1,92.68,-92.68,16.7,-100.0
FieldSize,Canberra,2170,Mobile,PACERS,7,B/LEAD,14,2,229.36,-29.36,14.3,-12.8
FieldSize,Canberra,2170,Mobile,PACERS,8,B/LEAD,15,1,221.43,-121.43,6.7,-54.8
FieldSize,Canberra,2170,Mobile,PACERS,9,B/LEAD,33,4,602.35,-202.35,12.1,-33.6
FieldSize,Canberra,2170,Mobile,PACERS,10,DEATH,23,7,492.59,207.41,30.4,42.1
FieldSize,Canberra,2170,Mobile,PACERS,6,DEATH,6,2,112.35,87.65,33.3,78.0
FieldSize,Canberra,2170,Mobile,PACERS,7,DEATH,14,3,275.45,24.55,21.4,8.9
FieldSize,Canberra,2170,Mobile,PACERS,8,DEATH,13,0,388.61,-388.61,0.0,-100.0
FieldSize,Canberra,2170,Mobile,PACERS,9,DEATH,33,4,578.77,-178.77,12.1,-30.9
FieldSize,Canberra,2170,Mobile,PACERS,10,LEAD,23,6,463.47,136.53,26.1,29.5
FieldSize,Canberra,2170,Mobile,PACERS,6,LEAD,6,3,186.4,113.6,50.0,60.9
FieldSize,Canberra,2170,Mobile,PACERS,7,LEAD,14,5,447.2,52.8,35.7,11.8
FieldSize,Canberra,2170,Mobile,PACERS,8,LEAD,14,7,332.69,367.31,50.0,110.4
FieldSize,Canberra,2170,Mobile,PACERS,9,LEAD,32,13,728.32,571.68,40.6,78.5
FieldSize,Canberra,2170,Mobile,TROTTERS,5,B/LEAD,1,1,10.0,90.0,100.0,900.0
FieldSize,Canberra,2170,Mobile,TROTTERS,6,B/LEAD,4,0,59.72,-59.72,0.0,-100.0
FieldSize,Canberra,2170,Mobile,TROTTERS,7,B/LEAD,2,1,60.15,39.85,50.0,66.3
FieldSize,Canberra,2170,Mobile,TROTTERS,8,B/LEAD,2,0,23.81,-23.81,0.0,-100.0
FieldSize,Canberra,2170,Mobile,TROTTERS,9,B/LEAD,2,0,7.7,-7.7,0.0,-100.0
FieldSize,Canberra,2170,Mobile,TROTTERS,6,DEATH,2,1,38.14,61.86,50.0,162.2
FieldSize,Canberra,2170,Mobile,TROTTERS,8,DEATH,2,0,25.45,-25.45,0.0,-100.0
FieldSize,Canberra,2170,Mobile,TROTTERS,9,DEATH,2,0,74.02,-74.02,0.0,-100.0
FieldSize,Canberra,2170,Mobile,TROTTERS,5,LEAD,1,0,64.52,-64.52,0.0,-100.0
FieldSize,Canberra,2170,Mobile,TROTTERS,6,LEAD,4,1,101.47,-1.47,25.0,-1.4
FieldSize,Canberra,2170,Mobile,TROTTERS,7,LEAD,2,1,83.62,16.38,50.0,19.6
FieldSize,Canberra,2170,Mobile,TROTTERS,8,LEAD,2,2,102.56,97.44,100.0,95.0
FieldSize,Canberra,2170,Mobile,TROTTERS,9,LEAD,2,2,59.29,140.71,100.0,237.3
FieldSize,Canberra,2570,Mobile,PACERS,10,B/LEAD,3,1,20.04,79.96,33.3,399.0
FieldSize,Canberra,2570,Mobile,PACERS,7,B/LEAD,1,0,1.96,-1.96,0.0,-100.0
FieldSize,Canberra,2570,Mobile,PACERS,9,B/LEAD,1,1,20.0,80.0,100.0,400.0
FieldSize,Canberra,2570,Mobile,PACERS,10,DEATH,3,0,35.54,-35.54,0.0,-100.0
FieldSize,Canberra,2570,Mobile,PACERS,7,DEATH,1,0,2.94,-2.94,0.0,-100.0
FieldSize,Canberra,2570,Mobile,PACERS,9,DEATH,1,0,1.41,-1.41,0.0,-100.0
FieldSize,Canberra,2570,Mobile,PACERS,10,LEAD,3,0,153.73,-153.73,0.0,-100.0
FieldSize,Canberra,2570,Mobile,PACERS,7,LEAD,1,0,71.43,-71.43,0.0,-100.0
FieldSize,Canberra,2570,Mobile,PACERS,9,LEAD,1,0,30.3,-30.3,0.0,-100.0
FieldSize,Canberra,2570,Mobile,TROTTERS,10,B/LEAD,1,0,0.99,-0.99,0.0,-100.0
FieldSize,Canberra,2570,Mobile,TROTTERS,7,B/LEAD,2,0,17.69,-17.69,0.0,-100.0
FieldSize,Canberra,2570,Mobile,TROTTERS,10,DEATH,1,0,20.0,-20.0,0.0,-100.0
FieldSize,Canberra,2570,Mobile,TROTTERS,7,DEATH,2,0,8.78,-8.78,0.0,-100.0
FieldSize,Canberra,2570,Mobile,TROTTERS,10,LEAD,1,1,76.92,23.08,100.0,30.0
FieldSize,Canberra,2570,Mobile,TROTTERS,7,LEAD,2,2,144.52,55.48,100.0,38.4
FieldSize,Carrick,1670,Mobile,PACERS,10,B/LEAD,30,4,237.65,62.35,13.3,26.2
FieldSize,Carrick,1670,Mobile,PACERS,7,B/LEAD,4,0,28.62,-28.62,0.0,-100.0
FieldSize,Carrick,1670,Mobile,PACERS,8,B/LEAD,2,0,6.29,-6.29,0.0,-100.0
FieldSize,Carrick,1670,Mobile,PACERS,9,B/LEAD,4,2,76.41,123.59,50.0,161.7
FieldSize,Carrick,1670,Mobile,PACERS,10,DEATH,30,4,555.15,-155.15,13.3,-27.9
FieldSize,Carrick,1670,Mobile,PACERS,7,DEATH,2,0,41.7,-41.7,0.0,-100.0
FieldSize,Carrick,1670,Mobile,PACERS,8,DEATH,2,0,25.96,-25.96,0.0,-100.0
FieldSize,Carrick,1670,Mobile,PACERS,9,DEATH,4,0,38.76,-38.76,0.0,-100.0
FieldSize,Carrick,1670,Mobile,PACERS,10,LEAD,28,7,528.53,171.47,25.0,32.4
FieldSize,Carrick,1670,Mobile,PACERS,7,LEAD,2,0,27.88,-27.88,0.0,-100.0
FieldSize,Carrick,1670,Mobile,PACERS,8,LEAD,2,1,128.54,-28.54,50.0,-22.2
FieldSize,Carrick,1670,Mobile,PACERS,9,LEAD,2,0,93.84,-93.84,0.0,-100.0
FieldSize,Carrick,2150,Mobile,PACERS,10,B/LEAD,70,7,671.71,-71.71,10.0,-10.7
FieldSize,Carrick,2150,Mobile,PACERS,6,B/LEAD,7,0,71.5,-71.5,0.0,-100.0
FieldSize,Carrick,2150,Mobile,PACERS,7,B/LEAD,4,0,43.89,-43.89,0.0,-100.0
FieldSize,Carrick,2150,Mobile,PACERS,8,B/LEAD,13,1,150.54,-50.54,7.7,-33.6
FieldSize,Carrick,2150,Mobile,PACERS,9,B/LEAD,22,1,235.36,-135.36,4.5,-57.5
FieldSize,Carrick,2150,Mobile,PACERS,10,DEATH,59,6,1021.38,-421.38,10.2,-41.3
FieldSize,Carrick,2150,Mobile,PACERS,6,DEATH,6,1,97.54,2.46,16.7,2.5
FieldSize,Carrick,2150,Mobile,PACERS,7,DEATH,4,0,91.62,-91.62,0.0,-100.0
FieldSize,Carrick,2150,Mobile,PACERS,8,DEATH,13,1,280.52,-180.52,7.7,-64.4
FieldSize,Carrick,2150,Mobile,PACERS,9,DEATH,19,2,504.7,-304.7,10.5,-60.4
FieldSize,Carrick,2150,Mobile,PACERS,10,LEAD,51,16,1278.24,321.76,31.4,25.2
FieldSize,Carrick,2150,Mobile,PACERS,6,LEAD,7,2,193.24,6.76,28.6,3.5
FieldSize,Carrick,2150,Mobile,PACERS,7,LEAD,4,2,159.03,40.97,50.0,25.8
FieldSize,Carrick,2150,Mobile,PACERS,8,LEAD,12,6,445.89,154.11,50.0,34.6
FieldSize,Carrick,2150,Mobile,PACERS,9,LEAD,18,4,547.65,-147.65,22.2,-27.0
FieldSize,Carrick,2150,Stand,PACERS,10,B/LEAD,1,0,3.85,-3.85,0.0,-100.0
FieldSize,Carrick,2150,Stand,PACERS,11,B/LEAD,2,0,24.8,-24.8,0.0,-100.0
FieldSize,Carrick,2150,Stand,PACERS,5,B/LEAD,1,0,11.11,-11.11,0.0,-100.0
FieldSize,Carrick,2150,Stand,PACERS,10,DEATH,1,0,15.38,-15.38,0.0,-100.0
FieldSize,Carrick,2150,Stand,PACERS,11,DEATH,3,0,76.54,-76.54,0.0,-100.0
FieldSize,Carrick,2150,Stand,PACERS,5,DEATH,1,0,18.18,-18.18,0.0,-100.0
FieldSize,Carrick,2150,Stand,PACERS,10,LEAD,1,0,3.85,-3.85,0.0,-100.0
FieldSize,Carrick,2150,Stand,PACERS,11,LEAD,2,2,21.66,178.34,100.0,823.4
FieldSize,Carrick,2650,Mobile,PACERS,10,B/LEAD,2,0,67.97,-67.97,0.0,-100.0
FieldSize,Carrick,2650,Mobile,PACERS,10,DEATH,2,0,23.71,-23.71,0.0,-100.0
FieldSize,Carrick,2650,Mobile,PACERS,10,LEAD,1,0,41.67,-41.67,0.0,-100.0
FieldSize,Carrick,2650,Stand,PACERS,11,B/LEAD,2,0,54.31,-54.31,0.0,-100.0
FieldSize,Carrick,2650,Stand,PACERS,12,B/LEAD,8,0,44.01,-44.01,0.0,-100.0
FieldSize,Carrick,2650,Stand,PACERS,8,B/LEAD,1,0,4.76,-4.76,0.0,-100.0
FieldSize,Carrick,2650,Stand,PACERS,11,DEATH,2,0,53.18,-53.18,0.0,-100.0
FieldSize,Carrick,2650,Stand,PACERS,12,DEATH,8,1,91.14,8.86,12.5,9.7
FieldSize,Carrick,2650,Stand,PACERS,8,DEATH,1,0,38.46,-38.46,0.0,-100.0
FieldSize,Carrick,2650,Stand,PACERS,11,LEAD,2,0,13.02,-13.02,0.0,-100.0
FieldSize,Carrick,2650,Stand,PACERS,12,LEAD,7,3,147.17,152.83,42.9,103.8
FieldSize,Carrick,2650,Stand,PACERS,8,LEAD,1,1,20.83,79.17,100.0,380.1
FieldSize,Central Wheatbelt,1730,Mobile,PACERS,10,B/LEAD,39,3,307.67,-7.67,7.7,-2.5
FieldSize,Central Wheatbelt,1730,Mobile,PACERS,5,B/LEAD,2,0,10.99,-10.99,0.0,-100.0
FieldSize,Central Wheatbelt,1730,Mobile,PACERS,6,B/LEAD,6,0,151.09,-151.09,0.0,-100.0
FieldSize,Central Wheatbelt,1730,Mobile,PACERS,7,B/LEAD,12,0,134.23,-134.23,0.0,-100.0
FieldSize,Central Wheatbelt,1730,Mobile,PACERS,8,B/LEAD,18,5,310.04,189.96,27.8,61.3
FieldSize,Central Wheatbelt,1730,Mobile,PACERS,9,B/LEAD,17,1,297.75,-197.75,5.9,-66.4
FieldSize,Central Wheatbelt,1730,Mobile,PACERS,10,DEATH,39,4,624.2,-224.2,10.3,-35.9
FieldSize,Central Wheatbelt,1730,Mobile,PACERS,5,DEATH,1,0,9.09,-9.09,0.0,-100.0
FieldSize,Central Wheatbelt,1730,Mobile,PACERS,6,DEATH,6,2,160.29,39.71,33.3,24.8
FieldSize,Central Wheatbelt,1730,Mobile,PACERS,7,DEATH,13,3,291.22,8.78,23.1,3.0
FieldSize,Central Wheatbelt,1730,Mobile,PACERS,8,DEATH,18,1,370.57,-270.57,5.6,-73.0
FieldSize,Central Wheatbelt,1730,Mobile,PACERS,9,DEATH,17,1,270.13,-170.13,5.9,-63.0
FieldSize,Central Wheatbelt,1730,Mobile,PACERS,10,LEAD,39,13,907.99,392.01,33.3,43.2
FieldSize,Central Wheatbelt,1730,Mobile,PACERS,5,LEAD,2,1,162.82,-62.82,50.0,-38.6
FieldSize,Central Wheatbelt,1730,Mobile,PACERS,6,LEAD,8,3,351.86,-51.86,37.5,-14.7
FieldSize,Central Wheatbelt,1730,Mobile,PACERS,7,LEAD,12,7,455.17,244.83,58.3,53.8
FieldSize,Central Wheatbelt,1730,Mobile,PACERS,8,LEAD,17,6,441.88,158.12,35.3,35.8
FieldSize,Central Wheatbelt,1730,Mobile,PACERS,9,LEAD,17,6,449.05,50.95,35.3,11.3
FieldSize,Central Wheatbelt,2100,Stand,PACERS,10,B/LEAD,2,0,3.31,-3.31,0.0,-100.0
FieldSize,Central Wheatbelt,2100,Stand,PACERS,12,B/LEAD,1,0,12.5,-12.5,0.0,-100.0
FieldSize,Central Wheatbelt,2100,Stand,PACERS,5,B/LEAD,1,0,16.67,-16.67,0.0,-100.0
FieldSize,Central Wheatbelt,2100,Stand,PACERS,7,B/LEAD,1,0,23.81,-23.81,0.0,-100.0
FieldSize,Central Wheatbelt,2100,Stand,PACERS,8,B/LEAD,1,0,11.11,-11.11,0.0,-100.0
FieldSize,Central Wheatbelt,2100,Stand,PACERS,9,B/LEAD,5,0,48.37,-48.37,0.0,-100.0
FieldSize,Central Wheatbelt,2100,Stand,PACERS,10,DEATH,2,0,38.71,-38.71,0.0,-100.0
FieldSize,Central Wheatbelt,2100,Stand,PACERS,12,DEATH,1,0,14.29,-14.29,0.0,-100.0
FieldSize,Central Wheatbelt,2100,Stand,PACERS,7,DEATH,1,0,25.0,-25.0,0.0,-100.0
FieldSize,Central Wheatbelt,2100,Stand,PACERS,8,DEATH,1,0,9.09,-9.09,0.0,-100.0
FieldSize,Central Wheatbelt,2100,Stand,PACERS,9,DEATH,5,1,112.93,-12.93,20.0,-11.4
FieldSize,Central Wheatbelt,2100,Stand,PACERS,10,LEAD,2,1,11.49,-11.49,50.0,-100.0
FieldSize,Central Wheatbelt,2100,Stand,PACERS,12,LEAD,1,1,11.11,88.89,100.0,800.1
FieldSize,Central Wheatbelt,2100,Stand,PACERS,5,LEAD,1,0,31.25,-31.25,0.0,-100.0
FieldSize,Central Wheatbelt,2100,Stand,PACERS,7,LEAD,1,1,47.62,52.38,100.0,110.0
FieldSize,Central Wheatbelt,2100,Stand,PACERS,8,LEAD,1,0,25.64,-25.64,0.0,-100.0
FieldSize,Central Wheatbelt,2100,Stand,PACERS,9,LEAD,5,3,179.79,120.21,60.0,66.9
FieldSize,Central Wheatbelt,2130,Mobile,PACERS,10,B/LEAD,62,4,752.09,-352.09,6.5,-46.8
FieldSize,Central Wheatbelt,2130,Mobile,PACERS,5,B/LEAD,5,0,93.04,-93.04,0.0,-100.0
FieldSize,Central Wheatbelt,2130,Mobile,PACERS,6,B/LEAD,9,0,70.36,-70.36,0.0,-100.0
FieldSize,Central Wheatbelt,2130,Mobile,PACERS,7,B/LEAD,28,5,417.63,82.37,17.9,19.7
FieldSize,Central Wheatbelt,2130,Mobile,PACERS,8,B/LEAD,31,4,404.74,-4.74,12.9,-1.2
FieldSize,Central Wheatbelt,2130,Mobile,PACERS,9,B/LEAD,29,2,356.27,-256.27,6.9,-71.9
FieldSize,Central Wheatbelt,2130,Mobile,PACERS,10,DEATH,63,8,1268.77,-468.77,12.7,-36.9
FieldSize,Central Wheatbelt,2130,Mobile,PACERS,5,DEATH,5,2,84.94,115.06,40.0,135.5
FieldSize,Central Wheatbelt,2130,Mobile,PACERS,6,DEATH,8,1,146.14,-46.14,12.5,-31.6
FieldSize,Central Wheatbelt,2130,Mobile,PACERS,7,DEATH,28,2,574.9,-374.9,7.1,-65.2
FieldSize,Central Wheatbelt,2130,Mobile,PACERS,8,DEATH,32,6,783.91,-183.91,18.8,-23.5
FieldSize,Central Wheatbelt,2130,Mobile,PACERS,9,DEATH,29,2,675.05,-475.05,6.9,-70.4
FieldSize,Central Wheatbelt,2130,Mobile,PACERS,10,LEAD,63,28,2312.1,487.9,44.4,21.1
FieldSize,Central Wheatbelt,2130,Mobile,PACERS,5,LEAD,5,0,125.08,-125.08,0.0,-100.0
FieldSize,Central Wheatbelt,2130,Mobile,PACERS,6,LEAD,9,6,508.34,91.66,66.7,18.0
FieldSize,Central Wheatbelt,2130,Mobile,PACERS,7,LEAD,28,10,1204.51,-204.51,35.7,-17.0
FieldSize,Central Wheatbelt,2130,Mobile,PACERS,8,LEAD,32,14,1216.03,183.97,43.8,15.1
FieldSize,Central Wheatbelt,2130,Mobile,PACERS,9,LEAD,29,13,841.02,458.98,44.8,54.6
FieldSize,Central Wheatbelt,2500,Stand,PACERS,11,B/LEAD,1,0,0.99,-0.99,0.0,-100.0
FieldSize,Central Wheatbelt,2500,Stand,PACERS,12,B/LEAD,1,0,2.94,-2.94,0.0,-100.0
FieldSize,Central Wheatbelt,2500,Stand,PACERS,7,B/LEAD,1,0,10.0,-10.0,0.0,-100.0
FieldSize,Central Wheatbelt,2500,Stand,PACERS,8,B/LEAD,1,0,5.26,-5.26,0.0,-100.0
FieldSize,Central Wheatbelt,2500,Stand,PACERS,11,DEATH,1,1,9.09,90.91,100.0,1000.1
FieldSize,Central Wheatbelt,2500,Stand,PACERS,12,DEATH,1,0,1.41,-1.41,0.0,-100.0
FieldSize,Central Wheatbelt,2500,Stand,PACERS,7,DEATH,1,0,36.36,-36.36,0.0,-100.0
FieldSize,Central Wheatbelt,2500,Stand,PACERS,8,DEATH,1,0,28.57,-28.57,0.0,-100.0
FieldSize,Central Wheatbelt,2500,Stand,PACERS,11,LEAD,1,0,0.0,0.0,0.0,
FieldSize,Central Wheatbelt,2500,Stand,PACERS,12,LEAD,1,0,4.35,-4.35,0.0,-100.0
FieldSize,Central Wheatbelt,2500,Stand,PACERS,7,LEAD,1,1,30.3,69.7,100.0,230.0
FieldSize,Central Wheatbelt,2500,Stand,PACERS,8,LEAD,1,1,57.47,42.53,100.0,74.0
FieldSize,Central Wheatbelt,2530,Mobile,PACERS,10,B/LEAD,1,0,25.64,-25.64,0.0,-100.0
FieldSize,Central Wheatbelt,2530,Mobile,PACERS,8,B/LEAD,1,0,12.5,-12.5,0.0,-100.0
FieldSize,Central Wheatbelt,2530,Mobile,PACERS,10,DEATH,1,0,22.73,-22.73,0.0,-100.0
FieldSize,Central Wheatbelt,2530,Mobile,PACERS,8,DEATH,1,0,23.81,-23.81,0.0,-100.0
FieldSize,Central Wheatbelt,2530,Mobile,PACERS,10,LEAD,1,1,36.36,63.64,100.0,175.0
FieldSize,Central Wheatbelt,2530,Mobile,PACERS,8,LEAD,1,0,18.18,-18.18,0.0,-100.0
FieldSize,Charlton,1609,Mobile,PACERS,10,B/LEAD,81,10,1047.55,-47.55,12.3,-4.5
FieldSize,Charlton,1609,Mobile,PACERS,11,B/LEAD,7,1,90.04,9.96,14.3,11.1
FieldSize,Charlton,1609,Mobile,PACERS,12,B/LEAD,7,1,66.79,33.21,14.3,49.7
FieldSize,Charlton,1609,Mobile,PACERS,5,B/LEAD,2,1,23.38,76.62,50.0,327.7
FieldSize,Charlton,1609,Mobile,PACERS,6,B/LEAD,5,2,69.46,130.54,40.0,187.9
FieldSize,Charlton,1609,Mobile,PACERS,7,B/LEAD,28,3,475.71,-175.71,10.7,-36.9
FieldSize,Charlton,1609,Mobile,PACERS,8,B/LEAD,46,5,690.04,-190.04,10.9,-27.5
FieldSize,Charlton,1609,Mobile,PACERS,9,B/LEAD,52,9,837.23,62.77,17.3,7.5
FieldSize,Charlton,1609,Mobile,PACERS,10,DEATH,81,12,1245.57,-45.57,14.8,-3.7
FieldSize,Charlton,1609,Mobile,PACERS,11,DEATH,7,2,121.69,78.31,28.6,64.4
FieldSize,Charlton,1609,Mobile,PACERS,12,DEATH,7,1,155.32,-55.32,14.3,-35.6
FieldSize,Charlton,1609,Mobile,PACERS,5,DEATH,1,0,20.0,-20.0,0.0,-100.0
FieldSize,Charlton,1609,Mobile,PACERS,6,DEATH,5,1,164.42,-64.42,20.0,-39.2
FieldSize,Charlton,1609,Mobile,PACERS,7,DEATH,25,3,653.91,-353.91,12.0,-54.1
FieldSize,Charlton,1609,Mobile,PACERS,8,DEATH,46,4,886.22,-486.22,8.7,-54.9
FieldSize,Charlton,1609,Mobile,PACERS,9,DEATH,50,6,885.75,-285.75,12.0,-32.3
FieldSize,Charlton,1609,Mobile,PACERS,10,LEAD,81,26,2077.01,522.99,32.1,25.2
FieldSize,Charlton,1609,Mobile,PACERS,11,LEAD,7,2,107.01,92.99,28.6,86.9
FieldSize,Charlton,1609,Mobile,PACERS,12,LEAD,7,1,147.75,-47.75,14.3,-32.3
FieldSize,Charlton,1609,Mobile,PACERS,4,LEAD,1,0,33.33,-33.33,0.0,-100.0
FieldSize,Charlton,1609,Mobile,PACERS,5,LEAD,2,1,126.96,-26.96,50.0,-21.2
FieldSize,Charlton,1609,Mobile,PACERS,6,LEAD,6,2,183.51,16.49,33.3,9.0
FieldSize,Charlton,1609,Mobile,PACERS,7,LEAD,28,14,856.19,543.81,50.0,63.5
FieldSize,Charlton,1609,Mobile,PACERS,8,LEAD,46,21,1314.37,785.63,45.7,59.8
FieldSize,Charlton,1609,Mobile,PACERS,9,LEAD,51,14,1181.49,218.51,27.5,18.5
FieldSize,Charlton,1609,Mobile,TROTTERS,10,B/LEAD,6,0,77.56,-77.56,0.0,-100.0
FieldSize,Charlton,1609,Mobile,TROTTERS,12,B/LEAD,1,1,16.67,83.33,100.0,499.9
FieldSize,Charlton,1609,Mobile,TROTTERS,6,B/LEAD,1,0,4.35,-4.35,0.0,-100.0
FieldSize,Charlton,1609,Mobile,TROTTERS,7,B/LEAD,1,0,10.0,-10.0,0.0,-100.0
FieldSize,Charlton,1609,Mobile,TROTTERS,8,B/LEAD,4,0,36.75,-36.75,0.0,-100.0
FieldSize,Charlton,1609,Mobile,TROTTERS,9,B/LEAD,7,1,97.64,2.36,14.3,2.4
FieldSize,Charlton,1609,Mobile,TROTTERS,10,DEATH,6,1,96.27,3.73,16.7,3.9
FieldSize,Charlton,1609,Mobile,TROTTERS,12,DEATH,1,0,41.67,-41.67,0.0,-100.0
FieldSize,Charlton,1609,Mobile,TROTTERS,7,DEATH,1,1,18.18,81.82,100.0,450.1
FieldSize,Charlton,1609,Mobile,TROTTERS,8,DEATH,4,0,136.08,-136.08,0.0,-100.0
FieldSize,Charlton,1609,Mobile,TROTTERS,9,DEATH,7,1,130.86,-30.86,14.3,-23.6
FieldSize,Charlton,1609,Mobile,TROTTERS,10,LEAD,6,2,231.32,-31.32,33.3,-13.5
FieldSize,Charlton,1609,Mobile,TROTTERS,12,LEAD,1,0,18.18,-18.18,0.0,-100.0
FieldSize,Charlton,1609,Mobile,TROTTERS,6,LEAD,1,1,37.04,62.96,100.0,170.0
FieldSize,Charlton,1609,Mobile,TROTTERS,7,LEAD,1,0,23.81,-23.81,0.0,-100.0
FieldSize,Charlton,1609,Mobile,TROTTERS,8,LEAD,4,1,75.95,24.05,25.0,31.7
FieldSize,Charlton,1609,Mobile,TROTTERS,9,LEAD,7,0,82.34,-82.34,0.0,-100.0
FieldSize,Charlton,2100,Mobile,PACERS,10,B/LEAD,49,5,443.2,56.8,10.2,12.8
FieldSize,Charlton,2100,Mobile,PACERS,11,B/LEAD,25,6,262.78,337.22,24.0,128.3
FieldSize,Charlton,2100,Mobile,PACERS,12,B/LEAD,23,1,277.89,-177.89,4.3,-64.0
FieldSize,Charlton,2100,Mobile,PACERS,4,B/LEAD,2,0,31.1,-31.1,0.0,-100.0
FieldSize,Charlton,2100,Mobile,PACERS,5,B/LEAD,1,0,54.05,-54.05,0.0,-100.0
FieldSize,Charlton,2100,Mobile,PACERS,6,B/LEAD,17,3,365.87,-65.87,17.6,-18.0
FieldSize,Charlton,2100,Mobile,PACERS,7,B/LEAD,36,4,439.56,-39.56,11.1,-9.0
FieldSize,Charlton,2100,Mobile,PACERS,8,B/LEAD,49,9,681.57,218.43,18.4,32.0
FieldSize,Charlton,2100,Mobile,PACERS,9,B/LEAD,42,2,497.28,-297.28,4.8,-59.8
FieldSize,Charlton,2100,Mobile,PACERS,10,DEATH,49,9,838.11,61.89,18.4,7.4
FieldSize,Charlton,2100,Mobile,PACERS,11,DEATH,25,1,461.4,-361.4,4.0,-78.3
FieldSize,Charlton,2100,Mobile,PACERS,12,DEATH,23,2,381.42,-181.42,8.7,-47.6
FieldSize,Charlton,2100,Mobile,PACERS,6,DEATH,15,3,408.41,-108.41,20.0,-26.5
FieldSize,Charlton,2100,Mobile,PACERS,7,DEATH,37,6,1035.59,-435.59,16.2,-42.1
FieldSize,Charlton,2100,Mobile,PACERS,8,DEATH,50,2,973.15,-773.15,4.0,-79.4
FieldSize,Charlton,2100,Mobile,PACERS,9,DEATH,45,8,1035.14,-235.14,17.8,-22.7
FieldSize,Charlton,2100,Mobile,PACERS,10,LEAD,49,16,1284.73,315.27,32.7,24.5
FieldSize,Charlton,2100,Mobile,PACERS,11,LEAD,25,13,846.79,453.21,52.0,53.5
FieldSize,Charlton,2100,Mobile,PACERS,12,LEAD,23,8,604.22,195.78,34.8,32.4
FieldSize,Charlton,2100,Mobile,PACERS,4,LEAD,1,1,68.97,31.03,100.0,45.0
FieldSize,Charlton,2100,Mobile,PACERS,6,LEAD,18,9,597.9,302.1,50.0,50.5
FieldSize,Charlton,2100,Mobile,PACERS,7,LEAD,36,12,988.87,211.13,33.3,21.4
FieldSize,Charlton,2100,Mobile,PACERS,8,LEAD,52,28,1744.59,1055.41,53.8,60.5
FieldSize,Charlton,2100,Mobile,PACERS,9,LEAD,43,19,1391.49,508.51,44.2,36.5
FieldSize,Charlton,2100,Mobile,TROTTERS,10,B/LEAD,15,0,129.16,-129.16,0.0,-100.0
FieldSize,Charlton,2100,Mobile,TROTTERS,11,B/LEAD,18,2,176.01,23.99,11.1,13.6
FieldSize,Charlton,2100,Mobile,TROTTERS,12,B/LEAD,13,0,106.81,-106.81,0.0,-100.0
FieldSize,Charlton,2100,Mobile,TROTTERS,6,B/LEAD,3,1,27.31,72.69,33.3,266.2
FieldSize,Charlton,2100,Mobile,TROTTERS,7,B/LEAD,7,1,122.72,-22.72,14.3,-18.5
FieldSize,Charlton,2100,Mobile,TROTTERS,8,B/LEAD,24,4,382.82,17.18,16.7,4.5
FieldSize,Charlton,2100,Mobile,TROTTERS,9,B/LEAD,16,2,231.59,-31.59,12.5,-13.6
FieldSize,Charlton,2100,Mobile,TROTTERS,10,DEATH,15,2,253.18,-53.18,13.3,-21.0
FieldSize,Charlton,2100,Mobile,TROTTERS,11,DEATH,19,4,402.94,-2.94,21.1,-0.7
FieldSize,Charlton,2100,Mobile,TROTTERS,12,DEATH,13,1,202.14,-102.14,7.7,-50.5
FieldSize,Charlton,2100,Mobile,TROTTERS,6,DEATH,3,0,49.58,-49.58,0.0,-100.0
FieldSize,Charlton,2100,Mobile,TROTTERS,7,DEATH,7,1,145.33,-45.33,14.3,-31.2
FieldSize,Charlton,2100,Mobile,TROTTERS,8,DEATH,23,5,421.21,78.79,21.7,18.7
FieldSize,Charlton,2100,Mobile,TROTTERS,9,DEATH,16,3,401.45,-101.45,18.8,-25.3
FieldSize,Charlton,2100,Mobile,TROTTERS,10,LEAD,15,9,248.45,651.55,60.0,262.2
FieldSize,Charlton,2100,Mobile,TROTTERS,11,LEAD,18,8,502.27,297.73,44.4,59.3
FieldSize,Charlton,2100,Mobile,TROTTERS,12,LEAD,12,9,334.91,565.09,75.0,168.7
FieldSize,Charlton,2100,Mobile,TROTTERS,6,LEAD,3,1,69.82,30.18,33.3,43.2
FieldSize,Charlton,2100,Mobile,TROTTERS,7,LEAD,7,3,174.07,125.93,42.9,72.3
FieldSize,Charlton,2100,Mobile,TROTTERS,8,LEAD,24,10,651.01,348.99,41.7,53.6
FieldSize,Charlton,2100,Mobile,TROTTERS,9,LEAD,16,6,429.7,170.3,37.5,39.6
FieldSize,Charlton,2100,Stand,TROTTERS,10,B/LEAD,7,0,54.07,-54.07,0.0,-100.0
FieldSize,Charlton,2100,Stand,TROTTERS,11,B/LEAD,1,1,16.67,83.33,100.0,499.9
FieldSize,Charlton,2100,Stand,TROTTERS,12,B/LEAD,1,0,1.41,-1.41,0.0,-100.0
FieldSize,Charlton,2100,Stand,TROTTERS,6,B/LEAD,4,0,50.19,-50.19,0.0,-100.0
FieldSize,Charlton,2100,Stand,TROTTERS,7,B/LEAD,3,1,48.47,51.53,33.3,106.3
FieldSize,Charlton,2100,Stand,TROTTERS,8,B/LEAD,7,0,61.78,-61.78,0.0,-100.0
FieldSize,Charlton,2100,Stand,TROTTERS,9,B/LEAD,6,1,48.29,51.71,16.7,107.1
FieldSize,Charlton,2100,Stand,TROTTERS,10,DEATH,7,1,83.27,16.73,14.3,20.1
FieldSize,Charlton,2100,Stand,TROTTERS,11,DEATH,1,0,21.74,-21.74,0.0,-100.0
FieldSize,Charlton,2100,Stand,TROTTERS,12,DEATH,1,0,27.78,-27.78,0.0,-100.0
FieldSize,Charlton,2100,Stand,TROTTERS,6,DEATH,3,0,64.11,-64.11,0.0,-100.0
FieldSize,Charlton,2100,Stand,TROTTERS,7,DEATH,2,0,19.29,-19.29,0.0,-100.0
FieldSize,Charlton,2100,Stand,TROTTERS,8,DEATH,5,0,142.51,-142.51,0.0,-100.0
FieldSize,Charlton,2100,Stand,TROTTERS,9,DEATH,5,0,176.28,-176.28,0.0,-100.0
FieldSize,Charlton,2100,Stand,TROTTERS,10,LEAD,7,1,123.81,-23.81,14.3,-19.2
FieldSize,Charlton,2100,Stand,TROTTERS,11,LEAD,1,0,25.0,-25.0,0.0,-100.0
FieldSize,Charlton,2100,Stand,TROTTERS,12,LEAD,1,1,22.73,77.27,100.0,339.9
FieldSize,Charlton,2100,Stand,TROTTERS,6,LEAD,4,1,107.43,-7.43,25.0,-6.9
FieldSize,Charlton,2100,Stand,TROTTERS,7,LEAD,3,1,61.71,38.29,33.3,62.0
FieldSize,Charlton,2100,Stand,TROTTERS,8,LEAD,7,5,103.44,396.56,71.4,383.4
FieldSize,Charlton,2100,Stand,TROTTERS,9,LEAD,6,3,107.55,192.45,50.0,178.9
FieldSize,Charlton,2570,Mobile,PACERS,10,B/LEAD,1,0,0.66,-0.66,0.0,-100.0
FieldSize,Charlton,2570,Mobile,PACERS,12,B/LEAD,1,0,4.0,-4.0,0.0,-100.0
FieldSize,Charlton,2570,Mobile,PACERS,8,B/LEAD,3,1,66.28,33.72,33.3,50.9
FieldSize,Charlton,2570,Mobile,PACERS,9,B/LEAD,1,0,6.67,-6.67,0.0,-100.0
FieldSize,Charlton,2570,Mobile,PACERS,10,DEATH,1,1,27.03,72.97,100.0,270.0
FieldSize,Charlton,2570,Mobile,PACERS,12,DEATH,1,0,11.36,-11.36,0.0,-100.0
FieldSize,Charlton,2570,Mobile,PACERS,8,DEATH,3,1,126.03,-26.03,33.3,-20.7
FieldSize,Charlton,2570,Mobile,PACERS,9,DEATH,1,0,29.41,-29.41,0.0,-100.0
FieldSize,Charlton,2570,Mobile,PACERS,10,LEAD,1,0,25.0,-25.0,0.0,-100.0
FieldSize,Charlton,2570,Mobile,PACERS,12,LEAD,1,0,34.48,-34.48,0.0,-100.0
FieldSize,Charlton,2570,Mobile,PACERS,8,LEAD,3,1,60.15,39.85,33.3,66.3
FieldSize,Charlton,2570,Mobile,PACERS,9,LEAD,1,1,41.67,58.33,100.0,140.0
FieldSize,Charlton,2570,Mobile,TROTTERS,10,B/LEAD,1,0,25.64,-25.64,0.0,-100.0
FieldSize,Charlton,2570,Mobile,TROTTERS,10,DEATH,1,0,21.74,-21.74,0.0,-100.0
FieldSize,Charlton,2570,Mobile,TROTTERS,6,DEATH,1,0,6.62,-6.62,0.0,-100.0
FieldSize,Charlton,2570,Mobile,TROTTERS,10,LEAD,1,1,3.85,96.15,100.0,2497.4
FieldSize,Charlton,2570,Mobile,TROTTERS,6,LEAD,2,1,79.74,20.26,50.0,25.4
FieldSize,Charlton,2570,Stand,TROTTERS,10,B/LEAD,2,0,21.98,-21.98,0.0,-100.0
FieldSize,Charlton,2570,Stand,TROTTERS,12,B/LEAD,1,0,0.99,-0.99,0.0,-100.0
FieldSize,Charlton,2570,Stand,TROTTERS,5,B/LEAD,1,0,45.45,-45.45,0.0,-100.0
FieldSize,Charlton,2570,Stand,TROTTERS,8,B/LEAD,1,0,15.38,-15.38,0.0,-100.0
FieldSize,Charlton,2570,Stand,TROTTERS,9,B/LEAD,3,1,24.82,75.18,33.3,302.9
FieldSize,Charlton,2570,Stand,TROTTERS,10,DEATH,2,0,14.99,-14.99,0.0,-100.0
FieldSize,Charlton,2570,Stand,TROTTERS,12,DEATH,1,0,7.14,-7.14,0.0,-100.0
FieldSize,Charlton,2570,Stand,TROTTERS,5,DEATH,1,0,22.22,-22.22,0.0,-100.0
FieldSize,Charlton,2570,Stand,TROTTERS,8,DEATH,1,1,50.0,50.0,100.0,100.0
FieldSize,Charlton,2570,Stand,TROTTERS,9,DEATH,3,0,78.52,-78.52,0.0,-100.0
FieldSize,Charlton,2570,Stand,TROTTERS,10,LEAD,2,1,9.19,90.81,50.0,988.1
FieldSize,Charlton,2570,Stand,TROTTERS,12,LEAD,1,1,22.73,77.27,100.0,339.9
FieldSize,Charlton,2570,Stand,TROTTERS,5,LEAD,1,1,30.3,69.7,100.0,230.0
FieldSize,Charlton,2570,Stand,TROTTERS,8,LEAD,1,0,13.33,-13.33,0.0,-100.0
FieldSize,Charlton,2570,Stand,TROTTERS,9,LEAD,2,2,84.76,115.24,100.0,136.0
FieldSize,Cobram,1670,Mobile,PACERS,10,B/LEAD,64,2,781.07,-581.07,3.1,-74.4
FieldSize,Cobram,1670,Mobile,PACERS,11,B/LEAD,1,0,1.96,-1.96,0.0,-100.0
FieldSize,Cobram,1670,Mobile,PACERS,4,B/LEAD,1,0,20.83,-20.83,0.0,-100.0
FieldSize,Cobram,1670,Mobile,PACERS,5,B/LEAD,4,0,85.91,-85.91,0.0,-100.0
FieldSize,Cobram,1670,Mobile,PACERS,6,B/LEAD,12,3,291.35,8.65,25.0,3.0
FieldSize,Cobram,1670,Mobile,PACERS,7,B/LEAD,20,2,222.5,-22.5,10.0,-10.1
FieldSize,Cobram,1670,Mobile,PACERS,8,B/LEAD,34,2,578.62,-378.62,5.9,-65.4
FieldSize,Cobram,1670,Mobile,PACERS,9,B/LEAD,35,5,483.79,16.21,14.3,3.4
FieldSize,Cobram,1670,Mobile,PACERS,10,DEATH,65,15,1286.15,213.85,23.1,16.6
FieldSize,Cobram,1670,Mobile,PACERS,11,DEATH,1,0,8.33,-8.33,0.0,-100.0
FieldSize,Cobram,1670,Mobile,PACERS,5,DEATH,4,0,73.94,-73.94,0.0,-100.0
FieldSize,Cobram,1670,Mobile,PACERS,6,DEATH,12,1,259.19,-159.19,8.3,-61.4
FieldSize,Cobram,1670,Mobile,PACERS,7,DEATH,19,2,499.45,-299.45,10.5,-60.0
FieldSize,Cobram,1670,Mobile,PACERS,8,DEATH,33,4,648.51,-248.51,12.1,-38.3
FieldSize,Cobram,1670,Mobile,PACERS,9,DEATH,35,1,642.36,-542.36,2.9,-84.4
FieldSize,Cobram,1670,Mobile,PACERS,10,LEAD,64,19,1443.53,456.47,29.7,31.6
FieldSize,Cobram,1670,Mobile,PACERS,11,LEAD,1,0,58.82,-58.82,0.0,-100.0
FieldSize,Cobram,1670,Mobile,PACERS,4,LEAD,1,1,68.97,31.03,100.0,45.0
FieldSize,Cobram,1670,Mobile,PACERS,5,LEAD,4,2,220.83,-20.83,50.0,-9.4
FieldSize,Cobram,1670,Mobile,PACERS,6,LEAD,11,6,458.6,141.4,54.5,30.8
FieldSize,Cobram,1670,Mobile,PACERS,7,LEAD,20,13,755.28,544.72,65.0,72.1
FieldSize,Cobram,1670,Mobile,PACERS,8,LEAD,34,17,1010.05,689.95,50.0,68.3
FieldSize,Cobram,1670,Mobile,PACERS,9,LEAD,35,12,998.7,201.3,34.3,20.2
FieldSize,Cobram,1670,Mobile,TROTTERS,10,B/LEAD,1,0,5.26,-5.26,0.0,-100.0
FieldSize,Cobram,1670,Mobile,TROTTERS,5,B/LEAD,2,0,6.31,-6.31,0.0,-100.0
FieldSize,Cobram,1670,Mobile,TROTTERS,8,B/LEAD,1,0,3.85,-3.85,0.0,-100.0
FieldSize,Cobram,1670,Mobile,TROTTERS,9,B/LEAD,1,0,1.23,-1.23,0.0,-100.0
FieldSize,Cobram,1670,Mobile,TROTTERS,10,DEATH,1,0,9.09,-9.09,0.0,-100.0
FieldSize,Cobram,1670,Mobile,TROTTERS,8,DEATH,1,0,13.33,-13.33,0.0,-100.0
FieldSize,Cobram,1670,Mobile,TROTTERS,9,DEATH,1,0,7.69,-7.69,0.0,-100.0
FieldSize,Cobram,1670,Mobile,TROTTERS,10,LEAD,1,1,33.33,66.67,100.0,200.0
FieldSize,Cobram,1670,Mobile,TROTTERS,5,LEAD,2,2,181.82,18.18,100.0,10.0
FieldSize,Cobram,1670,Mobile,TROTTERS,8,LEAD,1,1,22.73,77.27,100.0,339.9
FieldSize,Cobram,1670,Mobile,TROTTERS,9,LEAD,1,0,6.67,-6.67,0.0,-100.0
FieldSize,Cobram,2170,Mobile,PACERS,10,B/LEAD,23,1,270.25,-170.25,4.3,-63.0
FieldSize,Cobram,2170,Mobile,PACERS,11,B/LEAD,15,0,131.33,-131.33,0.0,-100.0
FieldSize,Cobram,2170,Mobile,PACERS,12,B/LEAD,9,1,124.82,-24.82,11.1,-19.9
FieldSize,Cobram,2170,Mobile,PACERS,5,B/LEAD,1,0,5.56,-5.56,0.0,-100.0
FieldSize,Cobram,2170,Mobile,PACERS,6,B/LEAD,12,5,195.47,304.53,41.7,155.8
FieldSize,Cobram,2170,Mobile,PACERS,7,B/LEAD,25,3,391.49,-91.49,12.0,-23.4
FieldSize,Cobram,2170,Mobile,PACERS,8,B/LEAD,23,1,283.53,-183.53,4.3,-64.7
FieldSize,Cobram,2170,Mobile,PACERS,9,B/LEAD,28,2,395.41,-195.41,7.1,-49.4
FieldSize,Cobram,2170,Mobile,PACERS,10,DEATH,22,3,431.75,-131.75,13.6,-30.5
FieldSize,Cobram,2170,Mobile,PACERS,11,DEATH,15,4,390.9,9.1,26.7,2.3
FieldSize,Cobram,2170,Mobile,PACERS,12,DEATH,9,1,115.81,-15.81,11.1,-13.7
FieldSize,Cobram,2170,Mobile,PACERS,5,DEATH,1,0,4.35,-4.35,0.0,-100.0
FieldSize,Cobram,2170,Mobile,PACERS,6,DEATH,10,2,380.29,-180.29,20.0,-47.4
FieldSize,Cobram,2170,Mobile,PACERS,7,DEATH,25,2,529.24,-329.24,8.0,-62.2
FieldSize,Cobram,2170,Mobile,PACERS,8,DEATH,22,2,428.4,-228.4,9.1,-53.3
FieldSize,Cobram,2170,Mobile,PACERS,9,DEATH,29,2,672.52,-472.52,6.9,-70.3
FieldSize,Cobram,2170,Mobile,PACERS,10,LEAD,23,7,529.73,170.27,30.4,32.1
FieldSize,Cobram,2170,Mobile,PACERS,11,LEAD,15,4,394.5,5.5,26.7,1.4
FieldSize,Cobram,2170,Mobile,PACERS,12,LEAD,9,3,184.82,115.18,33.3,62.3
FieldSize,Cobram,2170,Mobile,PACERS,5,LEAD,1,0,74.07,-74.07,0.0,-100.0
FieldSize,Cobram,2170,Mobile,PACERS,6,LEAD,12,3,367.77,-67.77,25.0,-18.4
FieldSize,Cobram,2170,Mobile,PACERS,7,LEAD,25,8,719.33,80.67,32.0,11.2
FieldSize,Cobram,2170,Mobile,PACERS,8,LEAD,22,8,730.8,69.2,36.4,9.5
FieldSize,Cobram,2170,Mobile,PACERS,9,LEAD,29,12,681.53,518.47,41.4,76.1
FieldSize,Cobram,2170,Mobile,TROTTERS,10,B/LEAD,4,0,39.68,-39.68,0.0,-100.0
FieldSize,Cobram,2170,Mobile,TROTTERS,11,B/LEAD,5,0,31.24,-31.24,0.0,-100.0
FieldSize,Cobram,2170,Mobile,TROTTERS,12,B/LEAD,3,0,6.65,-6.65,0.0,-100.0
FieldSize,Cobram,2170,Mobile,TROTTERS,5,B/LEAD,1,0,8.33,-8.33,0.0,-100.0
FieldSize,Cobram,2170,Mobile,TROTTERS,6,B/LEAD,1,0,7.14,-7.14,0.0,-100.0
FieldSize,Cobram,2170,Mobile,TROTTERS,7,B/LEAD,4,1,70.45,29.55,25.0,41.9
FieldSize,Cobram,2170,Mobile,TROTTERS,8,B/LEAD,5,0,72.78,-72.78,0.0,-100.0
FieldSize,Cobram,2170,Mobile,TROTTERS,9,B/LEAD,3,0,34.65,-34.65,0.0,-100.0
FieldSize,Cobram,2170,Mobile,TROTTERS,10,DEATH,4,2,174.14,25.86,50.0,14.9
FieldSize,Cobram,2170,Mobile,TROTTERS,11,DEATH,5,1,65.46,34.54,20.0,52.8
FieldSize,Cobram,2170,Mobile,TROTTERS,12,DEATH,3,0,53.05,-53.05,0.0,-100.0
FieldSize,Cobram,2170,Mobile,TROTTERS,5,DEATH,1,0,15.38,-15.38,0.0,-100.0
FieldSize,Cobram,2170,Mobile,TROTTERS,6,DEATH,1,1,18.18,81.82,100.0,450.1
FieldSize,Cobram,2170,Mobile,TROTTERS,7,DEATH,3,0,71.76,-71.76,0.0,-100.0
FieldSize,Cobram,2170,Mobile,TROTTERS,8,DEATH,4,0,53.07,-53.07,0.0,-100.0
FieldSize,Cobram,2170,Mobile,TROTTERS,9,DEATH,3,0,74.01,-74.01,0.0,-100.0
FieldSize,Cobram,2170,Mobile,TROTTERS,10,LEAD,4,0,46.0,-46.0,0.0,-100.0
FieldSize,Cobram,2170,Mobile,TROTTERS,11,LEAD,5,2,128.77,71.23,40.0,55.3
FieldSize,Cobram,2170,Mobile,TROTTERS,12,LEAD,3,0,43.91,-43.91,0.0,-100.0
FieldSize,Cobram,2170,Mobile,TROTTERS,5,LEAD,1,1,29.41,70.59,100.0,240.0
FieldSize,Cobram,2170,Mobile,TROTTERS,6,LEAD,1,0,76.92,-76.92,0.0,-100.0
FieldSize,Cobram,2170,Mobile,TROTTERS,7,LEAD,3,0,62.04,-62.04,0.0,-100.0
FieldSize,Cobram,2170,Mobile,TROTTERS,8,LEAD,5,0,55.02,-55.02,0.0,-100.0
FieldSize,Cobram,2170,Mobile,TROTTERS,9,LEAD,3,0,42.76,-42.76,0.0,-100.0
FieldSize,Cobram,2170,Stand,TROTTERS,10,B/LEAD,2,0,25.12,-25.12,0.0,-100.0
FieldSize,Cobram,2170,Stand,TROTTERS,12,B/LEAD,1,0,3.23,-3.23,0.0,-100.0
FieldSize,Cobram,2170,Stand,TROTTERS,5,B/LEAD,1,0,10.0,-10.0,0.0,-100.0
FieldSize,Cobram,2170,Stand,TROTTERS,6,B/LEAD,1,0,8.33,-8.33,0.0,-100.0
FieldSize,Cobram,2170,Stand,TROTTERS,7,B/LEAD,7,2,186.02,13.98,28.6,7.5
FieldSize,Cobram,2170,Stand,TROTTERS,8,B/LEAD,1,0,9.09,-9.09,0.0,-100.0
FieldSize,Cobram,2170,Stand,TROTTERS,9,B/LEAD,3,0,21.39,-21.39,0.0,-100.0
FieldSize,Cobram,2170,Stand,TROTTERS,10,DEATH,2,0,26.98,-26.98,0.0,-100.0
FieldSize,Cobram,2170,Stand,TROTTERS,12,DEATH,1,0,5.26,-5.26,0.0,-100.0
FieldSize,Cobram,2170,Stand,TROTTERS,7,DEATH,2,0,34.61,-34.61,0.0,-100.0
FieldSize,Cobram,2170,Stand,TROTTERS,8,DEATH,1,1,27.78,72.22,100.0,260.0
FieldSize,Cobram,2170,Stand,TROTTERS,9,DEATH,1,0,7.69,-7.69,0.0,-100.0
FieldSize,Cobram,2170,Stand,TROTTERS,10,LEAD,2,0,24.76,-24.76,0.0,-100.0
FieldSize,Cobram,2170,Stand,TROTTERS,12,LEAD,1,0,11.11,-11.11,0.0,-100.0
FieldSize,Cobram,2170,Stand,TROTTERS,5,LEAD,1,0,27.78,-27.78,0.0,-100.0
FieldSize,Cobram,2170,Stand,TROTTERS,6,LEAD,1,0,11.11,-11.11,0.0,-100.0
FieldSize,Cobram,2170,Stand,TROTTERS,7,LEAD,8,4,166.45,233.55,50.0,140.3
FieldSize,Cobram,2170,Stand,TROTTERS,8,LEAD,1,0,31.25,-31.25,0.0,-100.0
FieldSize,Cobram,2170,Stand,TROTTERS,9,LEAD,3,0,40.31,-40.31,0.0,-100.0
FieldSize,Cobram,2678,Mobile,PACERS,10,B/LEAD,2,0,21.96,-21.96,0.0,-100.0
FieldSize,Cobram,2678,Mobile,PACERS,11,B/LEAD,1,0,1.64,-1.64,0.0,-100.0
FieldSize,Cobram,2678,Mobile,PACERS,12,B/LEAD,1,1,4.35,95.65,100.0,2198.9
FieldSize,Cobram,2678,Mobile,PACERS,9,B/LEAD,1,0,27.03,-27.03,0.0,-100.0
FieldSize,Cobram,2678,Mobile,PACERS,10,DEATH,1,0,43.48,-43.48,0.0,-100.0
FieldSize,Cobram,2678,Mobile,PACERS,11,DEATH,1,0,12.5,-12.5,0.0,-100.0
FieldSize,Cobram,2678,Mobile,PACERS,12,DEATH,1,0,20.83,-20.83,0.0,-100.0
FieldSize,Cobram,2678,Mobile,PACERS,9,DEATH,1,0,10.53,-10.53,0.0,-100.0
FieldSize,Cobram,2678,Mobile,PACERS,10,LEAD,2,1,79.17,20.83,50.0,26.3
FieldSize,Cobram,2678,Mobile,PACERS,11,LEAD,1,1,11.11,88.89,100.0,800.1
FieldSize,Cobram,2678,Mobile,PACERS,12,LEAD,1,0,55.56,-55.56,0.0,-100.0
FieldSize,Cobram,2678,Mobile,PACERS,9,LEAD,1,1,43.48,56.52,100.0,130.0
FieldSize,Cobram,2678,Stand,TROTTERS,12,B/LEAD,1,0,11.11,-11.11,0.0,-100.0
FieldSize,Cobram,2678,Stand,TROTTERS,6,B/LEAD,1,0,33.33,-33.33,0.0,-100.0
FieldSize,Cobram,2678,Stand,TROTTERS,7,B/LEAD,1,0,14.71,-14.71,0.0,-100.0
FieldSize,Cobram,2678,Stand,TROTTERS,8,B/LEAD,2,0,38.94,-38.94,0.0,-100.0
FieldSize,Cobram,2678,Stand,TROTTERS,9,B/LEAD,1,0,1.41,-1.41,0.0,-100.0
FieldSize,Cobram,2678,Stand,TROTTERS,12,DEATH,1,0,9.09,-9.09,0.0,-100.0
FieldSize,Cobram,2678,Stand,TROTTERS,6,DEATH,1,0,30.3,-30.3,0.0,-100.0
FieldSize,Cobram,2678,Stand,TROTTERS,7,DEATH,1,0,17.86,-17.86,0.0,-100.0
FieldSize,Cobram,2678,Stand,TROTTERS,8,DEATH,2,1,63.81,36.19,50.0,56.7
FieldSize,Cobram,2678,Stand,TROTTERS,9,DEATH,1,0,11.11,-11.11,0.0,-100.0
FieldSize,Cobram,2678,Stand,TROTTERS,12,LEAD,1,1,26.32,73.68,100.0,279.9
FieldSize,Cobram,2678,Stand,TROTTERS,6,LEAD,1,1,35.71,64.29,100.0,180.0
FieldSize,Cobram,2678,Stand,TROTTERS,7,LEAD,1,1,66.67,33.33,100.0,50.0
FieldSize,Cobram,2678,Stand,TROTTERS,8,LEAD,2,1,45.96,54.04,50.0,117.6
FieldSize,Cobram,2678,Stand,TROTTERS,9,LEAD,1,1,23.81,76.19,100.0,320.0
FieldSize,Collie,2050,Mobile,PACERS,10,B/LEAD,7,2,70.3,129.7,28.6,184.5
FieldSize,Collie,2050,Mobile,PACERS,4,B/LEAD,1,0,21.74,-21.74,0.0,-100.0
FieldSize,Collie,2050,Mobile,PACERS,5,B/LEAD,2,0,19.9,-19.9,0.0,-100.0
FieldSize,Collie,2050,Mobile,PACERS,6,B/LEAD,5,1,66.46,33.54,20.0,50.5
FieldSize,Collie,2050,Mobile,PACERS,7,B/LEAD,13,1,93.26,6.74,7.7,7.2
FieldSize,Collie,2050,Mobile,PACERS,8,B/LEAD,36,1,543.63,-443.63,2.8,-81.6
FieldSize,Collie,2050,Mobile,PACERS,9,B/LEAD,3,0,42.62,-42.62,0.0,-100.0
FieldSize,Collie,2050,Mobile,PACERS,10,DEATH,7,0,159.49,-159.49,0.0,-100.0
FieldSize,Collie,2050,Mobile,PACERS,4,DEATH,1,0,25.64,-25.64,0.0,-100.0
FieldSize,Collie,2050,Mobile,PACERS,5,DEATH,1,0,12.5,-12.5,0.0,-100.0
FieldSize,Collie,2050,Mobile,PACERS,6,DEATH,4,0,83.69,-83.69,0.0,-100.0
FieldSize,Collie,2050,Mobile,PACERS,7,DEATH,13,1,299.24,-199.24,7.7,-66.6
FieldSize,Collie,2050,Mobile,PACERS,8,DEATH,36,4,651.77,-251.77,11.1,-38.6
FieldSize,Collie,2050,Mobile,PACERS,9,DEATH,3,0,97.11,-97.11,0.0,-100.0
FieldSize,Collie,2050,Mobile,PACERS,10,LEAD,7,5,201.1,298.9,71.4,148.6
FieldSize,Collie,2050,Mobile,PACERS,4,LEAD,1,1,58.82,41.18,100.0,70.0
FieldSize,Collie,2050,Mobile,PACERS,5,LEAD,2,1,111.63,-11.63,50.0,-10.4
FieldSize,Collie,2050,Mobile,PACERS,6,LEAD,6,4,305.5,94.5,66.7,30.9
FieldSize,Collie,2050,Mobile,PACERS,7,LEAD,13,8,579.34,220.66,61.5,38.1
FieldSize,Collie,2050,Mobile,PACERS,8,LEAD,36,21,1293.13,806.87,58.3,62.4
FieldSize,Collie,2050,Mobile,PACERS,9,LEAD,3,2,81.11,118.89,66.7,146.6
FieldSize,Collie,2050,Stand,PACERS,10,B/LEAD,1,0,6.67,-6.67,0.0,-100.0
FieldSize,Collie,2050,Stand,PACERS,8,B/LEAD,1,0,2.44,-2.44,0.0,-100.0
FieldSize,Collie,2050,Stand,PACERS,9,B/LEAD,1,0,11.11,-11.11,0.0,-100.0
FieldSize,Collie,2050,Stand,PACERS,10,DEATH,1,0,9.09,-9.09,0.0,-100.0
FieldSize,Collie,2050,Stand,PACERS,8,DEATH,1,0,22.73,-22.73,0.0,-100.0
FieldSize,Collie,2050,Stand,PACERS,9,DEATH,1,0,35.71,-35.71,0.0,-100.0
FieldSize,Collie,2050,Stand,PACERS,10,LEAD,1,1,68.97,31.03,100.0,45.0
FieldSize,Collie,2050,Stand,PACERS,8,LEAD,1,1,22.73,77.27,100.0,339.9
FieldSize,Collie,2050,Stand,PACERS,9,LEAD,1,1,34.48,65.52,100.0,190.0
FieldSize,Collie,2670,Stand,PACERS,10,B/LEAD,1,0,0.99,-0.99,0.0,-100.0
FieldSize,Collie,2670,Stand,PACERS,7,B/LEAD,1,0,7.69,-7.69,0.0,-100.0
FieldSize,Collie,2670,Stand,PACERS,8,B/LEAD,1,0,3.85,-3.85,0.0,-100.0
FieldSize,Collie,2670,Stand,PACERS,9,B/LEAD,1,0,5.0,-5.0,0.0,-100.0
FieldSize,Collie,2670,Stand,PACERS,10,DEATH,1,0,31.25,-31.25,0.0,-100.0
FieldSize,Collie,2670,Stand,PACERS,7,DEATH,1,0,21.74,-21.74,0.0,-100.0
FieldSize,Collie,2670,Stand,PACERS,8,DEATH,1,0,11.11,-11.11,0.0,-100.0
FieldSize,Collie,2670,Stand,PACERS,9,DEATH,1,0,11.76,-11.76,0.0,-100.0
FieldSize,Collie,2670,Stand,PACERS,10,LEAD,1,0,2.44,-2.44,0.0,-100.0
FieldSize,Collie,2670,Stand,PACERS,7,LEAD,1,0,4.76,-4.76,0.0,-100.0
FieldSize,Collie,2670,Stand,PACERS,8,LEAD,1,0,2.44,-2.44,0.0,-100.0
FieldSize,Collie,2670,Stand,PACERS,9,LEAD,1,0,20.83,-20.83,0.0,-100.0
FieldSize,Collie,2700,Stand,PACERS,10,B/LEAD,1,0,2.44,-2.44,0.0,-100.0
FieldSize,Collie,2700,Stand,PACERS,6,B/LEAD,1,0,0.99,-0.99,0.0,-100.0
FieldSize,Collie,2700,Stand,PACERS,7,B/LEAD,2,0,40.36,-40.36,0.0,-100.0
FieldSize,Collie,2700,Stand,PACERS,9,B/LEAD,1,0,5.26,-5.26,0.0,-100.0
FieldSize,Collie,2700,Stand,PACERS,10,DEATH,1,0,40.82,-40.82,0.0,-100.0
FieldSize,Collie,2700,Stand,PACERS,6,DEATH,1,0,60.61,-60.61,0.0,-100.0
FieldSize,Collie,2700,Stand,PACERS,7,DEATH,2,1,52.94,47.06,50.0,88.9
FieldSize,Collie,2700,Stand,PACERS,9,DEATH,1,0,20.0,-20.0,0.0,-100.0
FieldSize,Collie,2700,Stand,PACERS,10,LEAD,1,0,0.99,-0.99,0.0,-100.0
FieldSize,Collie,2700,Stand,PACERS,6,LEAD,1,1,22.73,77.27,100.0,339.9
FieldSize,Collie,2700,Stand,PACERS,7,LEAD,2,1,80.95,19.05,50.0,23.5
FieldSize,Collie,2700,Stand,PACERS,9,LEAD,1,0,16.67,-16.67,0.0,-100.0
FieldSize,Coolamon,1760,Mobile,PACERS,10,B/LEAD,49,1,689.7,-589.7,2.0,-85.5
FieldSize,Coolamon,1760,Mobile,PACERS,7,B/LEAD,1,0,41.67,-41.67,0.0,-100.0
FieldSize,Coolamon,1760,Mobile,PACERS,8,B/LEAD,7,0,83.24,-83.24,0.0,-100.0
FieldSize,Coolamon,1760,Mobile,PACERS,9,B/LEAD,21,0,227.06,-227.06,0.0,-100.0
FieldSize,Coolamon,1760,Mobile,PACERS,10,DEATH,47,9,778.62,121.38,19.1,15.6
FieldSize,Coolamon,1760,Mobile,PACERS,7,DEATH,1,0,13.33,-13.33,0.0,-100.0
FieldSize,Coolamon,1760,Mobile,PACERS,8,DEATH,7,1,142.42,-42.42,14.3,-29.8
FieldSize,Coolamon,1760,Mobile,PACERS,9,DEATH,21,3,415.51,-115.51,14.3,-27.8
FieldSize,Coolamon,1760,Mobile,PACERS,10,LEAD,46,16,1150.89,449.11,34.8,39.0
FieldSize,Coolamon,1760,Mobile,PACERS,7,LEAD,1,0,35.71,-35.71,0.0,-100.0
FieldSize,Coolamon,1760,Mobile,PACERS,8,LEAD,7,4,263.1,136.9,57.1,52.0
FieldSize,Coolamon,1760,Mobile,PACERS,9,LEAD,21,7,496.81,203.19,33.3,40.9
FieldSize,Coolamon,2210,Mobile,PACERS,10,B/LEAD,6,0,92.54,-92.54,0.0,-100.0
FieldSize,Coolamon,2210,Mobile,PACERS,6,B/LEAD,1,0,5.26,-5.26,0.0,-100.0
FieldSize,Coolamon,2210,Mobile,PACERS,9,B/LEAD,2,0,10.77,-10.77,0.0,-100.0
FieldSize,Coolamon,2210,Mobile,PACERS,10,DEATH,6,1,75.62,24.38,16.7,32.2
FieldSize,Coolamon,2210,Mobile,PACERS,6,DEATH,1,0,8.33,-8.33,0.0,-100.0
FieldSize,Coolamon,2210,Mobile,PACERS,9,DEATH,2,0,38.57,-38.57,0.0,-100.0
FieldSize,Coolamon,2210,Mobile,PACERS,10,LEAD,6,2,134.23,65.77,33.3,49.0
FieldSize,Coolamon,2210,Mobile,PACERS,6,LEAD,1,0,40.0,-40.0,0.0,-100.0
FieldSize,Coolamon,2210,Mobile,PACERS,9,LEAD,2,2,64.07,135.93,100.0,212.2
FieldSize,Cowra,1700,Mobile,PACERS,10,B/LEAD,53,6,603.58,-3.58,11.3,-0.6
FieldSize,Cowra,1700,Mobile,PACERS,7,B/LEAD,1,0,2.94,-2.94,0.0,-100.0
FieldSize,Cowra,1700,Mobile,PACERS,8,B/LEAD,11,0,143.59,-143.59,0.0,-100.0
FieldSize,Cowra,1700,Mobile,PACERS,9,B/LEAD,13,2,268.36,-68.36,15.4,-25.5
FieldSize,Cowra,1700,Mobile,PACERS,10,DEATH,53,7,1054.92,-354.92,13.2,-33.6
FieldSize,Cowra,1700,Mobile,PACERS,7,DEATH,1,0,1.64,-1.64,0.0,-100.0
FieldSize,Cowra,1700,Mobile,PACERS,8,DEATH,10,3,288.23,11.77,30.0,4.1
FieldSize,Cowra,1700,Mobile,PACERS,9,DEATH,13,2,323.62,-123.62,15.4,-38.2
FieldSize,Cowra,1700,Mobile,PACERS,10,LEAD,53,17,1452.51,247.49,32.1,17.0
FieldSize,Cowra,1700,Mobile,PACERS,7,LEAD,1,1,31.25,68.75,100.0,220.0
FieldSize,Cowra,1700,Mobile,PACERS,8,LEAD,10,4,307.96,92.04,40.0,29.9
FieldSize,Cowra,1700,Mobile,PACERS,9,LEAD,13,3,285.34,14.66,23.1,5.1
FieldSize,Cowra,2160,Mobile,PACERS,10,B/LEAD,14,2,188.15,11.85,14.3,6.3
FieldSize,Cowra,2160,Mobile,PACERS,8,B/LEAD,2,0,7.29,-7.29,0.0,-100.0
FieldSize,Cowra,2160,Mobile,PACERS,9,B/LEAD,3,0,73.88,-73.88,0.0,-100.0
FieldSize,Cowra,2160,Mobile,PACERS,10,DEATH,14,2,273.18,-73.18,14.3,-26.8
FieldSize,Cowra,2160,Mobile,PACERS,8,DEATH,2,0,33.33,-33.33,0.0,-100.0
FieldSize,Cowra,2160,Mobile,PACERS,9,DEATH,2,0,27.66,-27.66,0.0,-100.0
FieldSize,Cowra,2160,Mobile,PACERS,10,LEAD,14,4,333.06,66.94,28.6,20.1
FieldSize,Cowra,2160,Mobile,PACERS,8,LEAD,2,1,96.43,3.57,50.0,3.7
FieldSize,Cowra,2160,Mobile,PACERS,9,LEAD,3,3,46.19,253.81,100.0,549.5
FieldSize,Cowra,2520,Mobile,PACERS,10,B/LEAD,1,0,3.85,-3.85,0.0,-100.0
FieldSize,Cowra,2520,Mobile,PACERS,10,DEATH,1,0,15.38,-15.38,0.0,-100.0
FieldSize,Cowra,2520,Mobile,PACERS,10,LEAD,1,1,34.48,65.52,100.0,190.0
FieldSize,Cranbourne,1145,Mobile,PACERS,6,B/LEAD,1,1,14.29,85.71,100.0,599.8
FieldSize,Cranbourne,1145,Mobile,PACERS,7,B/LEAD,4,3,80.41,219.59,75.0,273.1
FieldSize,Cranbourne,1145,Mobile,PACERS,6,DEATH,1,0,38.46,-38.46,0.0,-100.0
FieldSize,Cranbourne,1145,Mobile,PACERS,7,DEATH,4,0,55.05,-55.05,0.0,-100.0
FieldSize,Cranbourne,1145,Mobile,PACERS,6,LEAD,1,0,5.88,-5.88,0.0,-100.0
FieldSize,Cranbourne,1145,Mobile,PACERS,7,LEAD,4,0,91.1,-91.1,0.0,-100.0
FieldSize,Cranbourne,1609,Mobile,PACERS,10,B/LEAD,79,14,985.28,414.72,17.7,42.1
FieldSize,Cranbourne,1609,Mobile,PACERS,11,B/LEAD,2,0,31.01,-31.01,0.0,-100.0
FieldSize,Cranbourne,1609,Mobile,PACERS,12,B/LEAD,5,1,42.49,57.51,20.0,135.3
FieldSize,Cranbourne,1609,Mobile,PACERS,4,B/LEAD,1,0,33.33,-33.33,0.0,-100.0
FieldSize,Cranbourne,1609,Mobile,PACERS,5,B/LEAD,6,0,76.21,-76.21,0.0,-100.0
FieldSize,Cranbourne,1609,Mobile,PACERS,6,B/LEAD,33,4,493.86,-93.86,12.1,-19.0
FieldSize,Cranbourne,1609,Mobile,PACERS,7,B/LEAD,53,7,771.13,-71.13,13.2,-9.2
FieldSize,Cranbourne,1609,Mobile,PACERS,8,B/LEAD,84,19,1272.04,627.96,22.6,49.4
FieldSize,Cranbourne,1609,Mobile,PACERS,9,B/LEAD,76,10,994.33,5.67,13.2,0.6
FieldSize,Cranbourne,1609,Mobile,PACERS,10,DEATH,79,13,1292.74,7.26,16.5,0.6
FieldSize,Cranbourne,1609,Mobile,PACERS,11,DEATH,2,0,16.35,-16.35,0.0,-100.0
FieldSize,Cranbourne,1609,Mobile,PACERS,12,DEATH,5,0,64.42,-64.42,0.0,-100.0
FieldSize,Cranbourne,1609,Mobile,PACERS,4,DEATH,1,0,21.74,-21.74,0.0,-100.0
FieldSize,Cranbourne,1609,Mobile,PACERS,5,DEATH,5,1,230.83,-130.83,20.0,-56.7
FieldSize,Cranbourne,1609,Mobile,PACERS,6,DEATH,25,2,623.76,-423.76,8.0,-67.9
FieldSize,Cranbourne,1609,Mobile,PACERS,7,DEATH,49,3,862.81,-562.81,6.1,-65.2
FieldSize,Cranbourne,1609,Mobile,PACERS,8,DEATH,82,7,1425.84,-725.84,8.5,-50.9
FieldSize,Cranbourne,1609,Mobile,PACERS,9,DEATH,73,8,1189.76,-389.76,11.0,-32.8
FieldSize,Cranbourne,1609,Mobile,PACERS,10,LEAD,79,25,1590.95,909.05,31.6,57.1
FieldSize,Cranbourne,1609,Mobile,PACERS,11,LEAD,2,2,68.01,131.99,100.0,194.1
FieldSize,Cranbourne,1609,Mobile,PACERS,12,LEAD,5,4,145.54,254.46,80.0,174.8
FieldSize,Cranbourne,1609,Mobile,PACERS,4,LEAD,1,1,16.67,83.33,100.0,499.9
FieldSize,Cranbourne,1609,Mobile,PACERS,5,LEAD,6,4,183.63,216.37,66.7,117.8
FieldSize,Cranbourne,1609,Mobile,PACERS,6,LEAD,33,20,1373.34,626.66,60.6,45.6
FieldSize,Cranbourne,1609,Mobile,PACERS,7,LEAD,53,23,2037.85,262.15,43.4,12.9
FieldSize,Cranbourne,1609,Mobile,PACERS,8,LEAD,83,34,2476.16,923.84,41.0,37.3
FieldSize,Cranbourne,1609,Mobile,PACERS,9,LEAD,76,36,1951.44,1648.56,47.4,84.5
FieldSize,Cranbourne,1609,Mobile,TROTTERS,10,B/LEAD,8,0,136.99,-136.99,0.0,-100.0
FieldSize,Cranbourne,1609,Mobile,TROTTERS,12,B/LEAD,2,1,16.35,83.65,50.0,511.6
FieldSize,Cranbourne,1609,Mobile,TROTTERS,5,B/LEAD,7,3,148.07,151.93,42.9,102.6
FieldSize,Cranbourne,1609,Mobile,TROTTERS,6,B/LEAD,9,1,179.92,-79.92,11.1,-44.4
FieldSize,Cranbourne,1609,Mobile,TROTTERS,7,B/LEAD,9,2,149.12,50.88,22.2,34.1
FieldSize,Cranbourne,1609,Mobile,TROTTERS,8,B/LEAD,14,0,117.55,-117.55,0.0,-100.0
FieldSize,Cranbourne,1609,Mobile,TROTTERS,9,B/LEAD,5,0,32.77,-32.77,0.0,-100.0
FieldSize,Cranbourne,1609,Mobile,TROTTERS,10,DEATH,8,1,182.49,-82.49,12.5,-45.2
FieldSize,Cranbourne,1609,Mobile,TROTTERS,12,DEATH,2,0,56.67,-56.67,0.0,-100.0
FieldSize,Cranbourne,1609,Mobile,TROTTERS,5,DEATH,3,1,123.32,-23.32,33.3,-18.9
FieldSize,Cranbourne,1609,Mobile,TROTTERS,6,DEATH,6,0,88.45,-88.45,0.0,-100.0
FieldSize,Cranbourne,1609,Mobile,TROTTERS,7,DEATH,8,0,129.96,-129.96,0.0,-100.0
FieldSize,Cranbourne,1609,Mobile,TROTTERS,8,DEATH,12,4,194.27,205.73,33.3,105.9
FieldSize,Cranbourne,1609,Mobile,TROTTERS,9,DEATH,5,0,89.98,-89.98,0.0,-100.0
FieldSize,Cranbourne,1609,Mobile,TROTTERS,10,LEAD,8,4,103.37,296.63,50.0,287.0
FieldSize,Cranbourne,1609,Mobile,TROTTERS,12,LEAD,2,0,40.42,-40.42,0.0,-100.0
FieldSize,Cranbourne,1609,Mobile,TROTTERS,5,LEAD,8,3,259.15,40.85,37.5,15.8
FieldSize,Cranbourne,1609,Mobile,TROTTERS,6,LEAD,8,6,183.82,416.18,75.0,226.4
FieldSize,Cranbourne,1609,Mobile,TROTTERS,7,LEAD,9,5,226.06,273.94,55.6,121.2
FieldSize,Cranbourne,1609,Mobile,TROTTERS,8,LEAD,14,7,387.49,312.51,50.0,80.6
FieldSize,Cranbourne,1609,Mobile,TROTTERS,9,LEAD,5,1,108.88,-8.88,20.0,-8.2
FieldSize,Cranbourne,2080,Mobile,PACERS,10,B/LEAD,55,12,722.83,477.17,21.8,66.0
FieldSize,Cranbourne,2080,Mobile,PACERS,11,B/LEAD,41,1,345.17,-245.17,2.4,-71.0
FieldSize,Cranbourne,2080,Mobile,PACERS,12,B/LEAD,25,2,265.31,-65.31,8.0,-24.6
FieldSize,Cranbourne,2080,Mobile,PACERS,5,B/LEAD,13,2,190.92,9.08,15.4,4.8
FieldSize,Cranbourne,2080,Mobile,PACERS,6,B/LEAD,58,9,1045.38,-145.38,15.5,-13.9
FieldSize,Cranbourne,2080,Mobile,PACERS,7,B/LEAD,68,12,1024.3,175.7,17.6,17.2
FieldSize,Cranbourne,2080,Mobile,PACERS,8,B/LEAD,105,15,1613.37,-113.37,14.3,-7.0
FieldSize,Cranbourne,2080,Mobile,PACERS,9,B/LEAD,72,12,1239.49,-39.49,16.7,-3.2
FieldSize,Cranbourne,2080,Mobile,PACERS,10,DEATH,54,4,979.49,-579.49,7.4,-59.2
FieldSize,Cranbourne,2080,Mobile,PACERS,11,DEATH,41,8,877.68,-77.68,19.5,-8.9
FieldSize,Cranbourne,2080,Mobile,PACERS,12,DEATH,24,4,408.94,-8.94,16.7,-2.2
FieldSize,Cranbourne,2080,Mobile,PACERS,5,DEATH,8,2,224.81,-24.81,25.0,-11.0
FieldSize,Cranbourne,2080,Mobile,PACERS,6,DEATH,50,6,1388.06,-788.06,12.0,-56.8
FieldSize,Cranbourne,2080,Mobile,PACERS,7,DEATH,67,9,1833.64,-933.64,13.4,-50.9
FieldSize,Cranbourne,2080,Mobile,PACERS,8,DEATH,104,13,2080.06,-780.06,12.5,-37.5
FieldSize,Cranbourne,2080,Mobile,PACERS,9,DEATH,71,6,959.6,-359.6,8.5,-37.5
FieldSize,Cranbourne,2080,Mobile,PACERS,10,LEAD,54,16,1308.07,291.93,29.6,22.3
FieldSize,Cranbourne,2080,Mobile,PACERS,11,LEAD,41,21,1057.86,1042.14,51.2,98.5
FieldSize,Cranbourne,2080,Mobile,PACERS,12,LEAD,25,11,626.68,473.32,44.0,75.5
FieldSize,Cranbourne,2080,Mobile,PACERS,5,LEAD,13,7,631.44,68.56,53.8,10.9
FieldSize,Cranbourne,2080,Mobile,PACERS,6,LEAD,59,30,2072.65,927.35,50.8,44.7
FieldSize,Cranbourne,2080,Mobile,PACERS,7,LEAD,66,22,2101.48,98.52,33.3,4.7
FieldSize,Cranbourne,2080,Mobile,PACERS,8,LEAD,105,47,2894.27,1805.73,44.8,62.4
FieldSize,Cranbourne,2080,Mobile,PACERS,9,LEAD,71,21,1904.42,195.58,29.6,10.3
FieldSize,Cranbourne,2080,Mobile,TROTTERS,10,B/LEAD,13,1,135.08,-35.08,7.7,-26.0
FieldSize,Cranbourne,2080,Mobile,TROTTERS,11,B/LEAD,8,1,74.71,25.29,12.5,33.9
FieldSize,Cranbourne,2080,Mobile,TROTTERS,12,B/LEAD,5,0,56.97,-56.97,0.0,-100.0
FieldSize,Cranbourne,2080,Mobile,TROTTERS,4,B/LEAD,2,0,74.2,-74.2,0.0,-100.0
FieldSize,Cranbourne,2080,Mobile,TROTTERS,5,B/LEAD,8,0,147.85,-147.85,0.0,-100.0
FieldSize,Cranbourne,2080,Mobile,TROTTERS,6,B/LEAD,27,4,427.8,-27.8,14.8,-6.5
FieldSize,Cranbourne,2080,Mobile,TROTTERS,7,B/LEAD,42,8,721.3,78.7,19.0,10.9
FieldSize,Cranbourne,2080,Mobile,TROTTERS,8,B/LEAD,45,6,753.29,-153.29,13.3,-20.3
FieldSize,Cranbourne,2080,Mobile,TROTTERS,9,B/LEAD,28,7,404.19,295.81,25.0,73.2
FieldSize,Cranbourne,2080,Mobile,TROTTERS,10,DEATH,13,1,212.6,-112.6,7.7,-53.0
FieldSize,Cranbourne,2080,Mobile,TROTTERS,11,DEATH,8,1,193.82,-93.82,12.5,-48.4
FieldSize,Cranbourne,2080,Mobile,TROTTERS,12,DEATH,5,0,100.89,-100.89,0.0,-100.0
FieldSize,Cranbourne,2080,Mobile,TROTTERS,5,DEATH,6,1,126.57,-26.57,16.7,-21.0
FieldSize,Cranbourne,2080,Mobile,TROTTERS,6,DEATH,17,2,407.0,-207.0,11.8,-50.9
FieldSize,Cranbourne,2080,Mobile,TROTTERS,7,DEATH,34,6,783.16,-183.16,17.6,-23.4
FieldSize,Cranbourne,2080,Mobile,TROTTERS,8,DEATH,39,6,733.37,-133.37,15.4,-18.2
FieldSize,Cranbourne,2080,Mobile,TROTTERS,9,DEATH,26,3,484.66,-184.66,11.5,-38.1
FieldSize,Cranbourne,2080,Mobile,TROTTERS,10,LEAD,13,4,341.06,58.94,30.8,17.3
FieldSize,Cranbourne,2080,Mobile,TROTTERS,11,LEAD,8,3,116.64,183.36,37.5,157.2
FieldSize,Cranbourne,2080,Mobile,TROTTERS,12,LEAD,5,4,174.74,225.26,80.0,128.9
FieldSize,Cranbourne,2080,Mobile,TROTTERS,4,LEAD,2,2,97.65,102.35,100.0,104.8
FieldSize,Cranbourne,2080,Mobile,TROTTERS,5,LEAD,8,5,234.57,265.43,62.5,113.2
FieldSize,Cranbourne,2080,Mobile,TROTTERS,6,LEAD,27,13,1065.9,234.1,48.1,22.0
FieldSize,Cranbourne,2080,Mobile,TROTTERS,7,LEAD,42,16,1210.84,389.16,38.1,32.1
FieldSize,Cranbourne,2080,Mobile,TROTTERS,8,LEAD,43,20,1326.99,673.01,46.5,50.7
FieldSize,Cranbourne,2080,Mobile,TROTTERS,9,LEAD,28,9,710.36,189.64,32.1,26.7
FieldSize,Cranbourne,2080,Stand,TROTTERS,8,B/LEAD,1,0,1.64,-1.64,0.0,-100.0
FieldSize,Cranbourne,2080,Stand,TROTTERS,8,DEATH,1,0,11.76,-11.76,0.0,-100.0
FieldSize,Cranbourne,2080,Stand,TROTTERS,8,LEAD,1,0,33.33,-33.33,0.0,-100.0
FieldSize,Cranbourne,2110,Stand,TROTTERS,10,B/LEAD,4,1,20.01,79.99,25.0,399.8
FieldSize,Cranbourne,2110,Stand,TROTTERS,12,B/LEAD,1,0,1.47,-1.47,0.0,-100.0
FieldSize,Cranbourne,2110,Stand,TROTTERS,5,B/LEAD,1,0,23.81,-23.81,0.0,-100.0
FieldSize,Cranbourne,2110,Stand,TROTTERS,6,B/LEAD,3,0,26.3,-26.3,0.0,-100.0
FieldSize,Cranbourne,2110,Stand,TROTTERS,7,B/LEAD,2,1,28.12,71.88,50.0,255.6
FieldSize,Cranbourne,2110,Stand,TROTTERS,8,B/LEAD,9,1,87.52,12.48,11.1,14.3
FieldSize,Cranbourne,2110,Stand,TROTTERS,9,B/LEAD,3,1,25.21,74.79,33.3,296.7
FieldSize,Cranbourne,2110,Stand,TROTTERS,10,DEATH,4,1,69.44,30.56,25.0,44.0
FieldSize,Cranbourne,2110,Stand,TROTTERS,12,DEATH,1,0,8.2,-8.2,0.0,-100.0
FieldSize,Cranbourne,2110,Stand,TROTTERS,5,DEATH,1,0,21.74,-21.74,0.0,-100.0
FieldSize,Cranbourne,2110,Stand,TROTTERS,6,DEATH,3,0,105.52,-105.52,0.0,-100.0
FieldSize,Cranbourne,2110,Stand,TROTTERS,7,DEATH,2,0,59.61,-59.61,0.0,-100.0
FieldSize,Cranbourne,2110,Stand,TROTTERS,8,DEATH,9,0,121.78,-121.78,0.0,-100.0
FieldSize,Cranbourne,2110,Stand,TROTTERS,9,DEATH,3,2,49.28,150.72,66.7,305.8
FieldSize,Cranbourne,2110,Stand,TROTTERS,10,LEAD,4,1,103.35,-3.35,25.0,-3.2
FieldSize,Cranbourne,2110,Stand,TROTTERS,12,LEAD,1,1,58.82,41.18,100.0,70.0
FieldSize,Cranbourne,2110,Stand,TROTTERS,5,LEAD,1,1,25.0,75.0,100.0,300.0
FieldSize,Cranbourne,2110,Stand,TROTTERS,6,LEAD,3,2,57.92,142.08,66.7,245.3
FieldSize,Cranbourne,2110,Stand,TROTTERS,7,LEAD,2,1,22.47,77.53,50.0,345.0
FieldSize,Cranbourne,2110,Stand,TROTTERS,8,LEAD,9,6,247.14,352.86,66.7,142.8
FieldSize,Cranbourne,2110,Stand,TROTTERS,9,LEAD,3,0,37.88,-37.88,0.0,-100.0
FieldSize,Cranbourne,2555,Mobile,PACERS,10,B/LEAD,1,0,2.94,-2.94,0.0,-100.0
FieldSize,Cranbourne,2555,Mobile,PACERS,11,B/LEAD,1,1,8.33,91.67,100.0,1100.5
FieldSize,Cranbourne,2555,Mobile,PACERS,12,B/LEAD,1,0,3.85,-3.85,0.0,-100.0
FieldSize,Cranbourne,2555,Mobile,PACERS,7,B/LEAD,1,0,8.33,-8.33,0.0,-100.0
FieldSize,Cranbourne,2555,Mobile,PACERS,8,B/LEAD,1,0,2.44,-2.44,0.0,-100.0
FieldSize,Cranbourne,2555,Mobile,PACERS,9,B/LEAD,1,0,3.85,-3.85,0.0,-100.0
FieldSize,Cranbourne,2555,Mobile,PACERS,10,DEATH,1,0,5.26,-5.26,0.0,-100.0
FieldSize,Cranbourne,2555,Mobile,PACERS,11,DEATH,1,0,41.67,-41.67,0.0,-100.0
FieldSize,Cranbourne,2555,Mobile,PACERS,12,DEATH,1,0,32.26,-32.26,0.0,-100.0
FieldSize,Cranbourne,2555,Mobile,PACERS,7,DEATH,1,1,50.0,50.0,100.0,100.0
FieldSize,Cranbourne,2555,Mobile,PACERS,8,DEATH,1,0,35.71,-35.71,0.0,-100.0
FieldSize,Cranbourne,2555,Mobile,PACERS,9,DEATH,1,0,5.56,-5.56,0.0,-100.0
FieldSize,Cranbourne,2555,Mobile,PACERS,10,LEAD,1,0,5.26,-5.26,0.0,-100.0
FieldSize,Cranbourne,2555,Mobile,PACERS,11,LEAD,1,0,18.18,-18.18,0.0,-100.0
FieldSize,Cranbourne,2555,Mobile,PACERS,12,LEAD,1,1,29.41,70.59,100.0,240.0
FieldSize,Cranbourne,2555,Mobile,PACERS,7,LEAD,1,0,41.67,-41.67,0.0,-100.0
FieldSize,Cranbourne,2555,Mobile,PACERS,8,LEAD,1,1,26.32,73.68,100.0,279.9
FieldSize,Cranbourne,2555,Mobile,PACERS,9,LEAD,1,1,94.34,5.66,100.0,6.0
FieldSize,Cranbourne,2555,Mobile,TROTTERS,11,B/LEAD,2,0,7.7,-7.7,0.0,-100.0
FieldSize,Cranbourne,2555,Mobile,TROTTERS,9,B/LEAD,2,0,22.05,-22.05,0.0,-100.0
FieldSize,Cranbourne,2555,Mobile,TROTTERS,11,DEATH,2,1,78.82,21.18,50.0,26.9
FieldSize,Cranbourne,2555,Mobile,TROTTERS,9,DEATH,2,1,34.74,65.26,50.0,187.9
FieldSize,Cranbourne,2555,Mobile,TROTTERS,11,LEAD,2,0,39.01,-39.01,0.0,-100.0
FieldSize,Cranbourne,2555,Mobile,TROTTERS,9,LEAD,2,1,81.55,18.45,50.0,22.6
FieldSize,Cranbourne,2575,Stand,TROTTERS,6,B/LEAD,1,0,29.41,-29.41,0.0,-100.0
FieldSize,Cranbourne,2575,Stand,TROTTERS,8,B/LEAD,2,0,59.85,-59.85,0.0,-100.0
FieldSize,Cranbourne,2575,Stand,TROTTERS,8,DEATH,2,0,20.62,-20.62,0.0,-100.0
FieldSize,Cranbourne,2575,Stand,TROTTERS,6,LEAD,1,0,9.09,-9.09,0.0,-100.0
FieldSize,Cranbourne,2575,Stand,TROTTERS,8,LEAD,2,0,13.23,-13.23,0.0,-100.0
FieldSize,Devonport,1930,Mobile,PACERS,10,B/LEAD,16,3,220.02,79.98,18.8,36.4
FieldSize,Devonport,1930,Mobile,PACERS,4,B/LEAD,1,0,11.9,-11.9,0.0,-100.0
FieldSize,Devonport,1930,Mobile,PACERS,5,B/LEAD,1,1,29.41,70.59,100.0,240.0
FieldSize,Devonport,1930,Mobile,PACERS,6,B/LEAD,2,0,15.72,-15.72,0.0,-100.0
FieldSize,Devonport,1930,Mobile,PACERS,7,B/LEAD,2,0,17.16,-17.16,0.0,-100.0
FieldSize,Devonport,1930,Mobile,PACERS,8,B/LEAD,5,0,82.91,-82.91,0.0,-100.0
FieldSize,Devonport,1930,Mobile,PACERS,9,B/LEAD,3,0,49.97,-49.97,0.0,-100.0
FieldSize,Devonport,1930,Mobile,PACERS,10,DEATH,13,2,172.18,27.82,15.4,16.2
FieldSize,Devonport,1930,Mobile,PACERS,4,DEATH,1,0,25.64,-25.64,0.0,-100.0
FieldSize,Devonport,1930,Mobile,PACERS,5,DEATH,1,0,45.45,-45.45,0.0,-100.0
FieldSize,Devonport,1930,Mobile,PACERS,6,DEATH,1,1,16.13,83.87,100.0,520.0
FieldSize,Devonport,1930,Mobile,PACERS,7,DEATH,1,0,22.73,-22.73,0.0,-100.0
FieldSize,Devonport,1930,Mobile,PACERS,8,DEATH,5,0,82.93,-82.93,0.0,-100.0
FieldSize,Devonport,1930,Mobile,PACERS,9,DEATH,3,1,24.51,75.49,33.3,308.0
FieldSize,Devonport,1930,Mobile,PACERS,10,LEAD,12,2,317.43,-117.43,16.7,-37.0
FieldSize,Devonport,1930,Mobile,PACERS,5,LEAD,1,0,35.71,-35.71,0.0,-100.0
FieldSize,Devonport,1930,Mobile,PACERS,6,LEAD,1,0,6.25,-6.25,0.0,-100.0
FieldSize,Devonport,1930,Mobile,PACERS,7,LEAD,1,0,13.33,-13.33,0.0,-100.0
FieldSize,Devonport,1930,Mobile,PACERS,8,LEAD,5,5,128.56,371.44,100.0,288.9
FieldSize,Devonport,1930,Mobile,PACERS,9,LEAD,2,2,52.04,147.96,100.0,284.3
FieldSize,Devonport,2286,Stand,PACERS,12,B/LEAD,8,1,80.93,19.07,12.5,23.6
FieldSize,Devonport,2286,Stand,PACERS,5,B/LEAD,1,1,28.57,71.43,100.0,250.0
FieldSize,Devonport,2286,Stand,PACERS,6,B/LEAD,1,0,4.76,-4.76,0.0,-100.0
FieldSize,Devonport,2286,Stand,PACERS,7,B/LEAD,3,0,37.7,-37.7,0.0,-100.0
FieldSize,Devonport,2286,Stand,PACERS,8,B/LEAD,1,0,3.17,-3.17,0.0,-100.0
FieldSize,Devonport,2286,Stand,PACERS,9,B/LEAD,1,0,4.31,-4.31,0.0,-100.0
FieldSize,Devonport,2286,Stand,PACERS,12,DEATH,8,1,215.98,-115.98,12.5,-53.7
FieldSize,Devonport,2286,Stand,PACERS,5,DEATH,1,0,27.78,-27.78,0.0,-100.0
FieldSize,Devonport,2286,Stand,PACERS,6,DEATH,1,0,71.43,-71.43,0.0,-100.0
FieldSize,Devonport,2286,Stand,PACERS,7,DEATH,3,0,38.09,-38.09,0.0,-100.0
FieldSize,Devonport,2286,Stand,PACERS,8,DEATH,1,0,29.41,-29.41,0.0,-100.0
FieldSize,Devonport,2286,Stand,PACERS,9,DEATH,1,0,20.83,-20.83,0.0,-100.0
FieldSize,Devonport,2286,Stand,PACERS,12,LEAD,7,0,94.07,-94.07,0.0,-100.0
FieldSize,Devonport,2286,Stand,PACERS,5,LEAD,1,0,27.03,-27.03,0.0,-100.0
FieldSize,Devonport,2286,Stand,PACERS,6,LEAD,1,1,10.0,90.0,100.0,900.0
FieldSize,Devonport,2286,Stand,PACERS,7,LEAD,3,3,75.3,224.7,100.0,298.4
FieldSize,Devonport,2286,Stand,PACERS,8,LEAD,1,1,40.0,60.0,100.0,150.0
FieldSize,Devonport,2286,Stand,PACERS,9,LEAD,1,0,18.52,-18.52,0.0,-100.0
FieldSize,Devonport,2297,Mobile,PACERS,10,B/LEAD,62,8,819.8,-19.8,12.9,-2.4
FieldSize,Devonport,2297,Mobile,PACERS,5,B/LEAD,1,0,16.95,-16.95,0.0,-100.0
FieldSize,Devonport,2297,Mobile,PACERS,6,B/LEAD,3,0,29.29,-29.29,0.0,-100.0
FieldSize,Devonport,2297,Mobile,PACERS,7,B/LEAD,2,0,7.22,-7.22,0.0,-100.0
FieldSize,Devonport,2297,Mobile,PACERS,8,B/LEAD,4,0,56.2,-56.2,0.0,-100.0
FieldSize,Devonport,2297,Mobile,PACERS,9,B/LEAD,10,0,104.65,-104.65,0.0,-100.0
FieldSize,Devonport,2297,Mobile,PACERS,10,DEATH,53,7,962.29,-262.29,13.2,-27.3
FieldSize,Devonport,2297,Mobile,PACERS,5,DEATH,1,0,31.25,-31.25,0.0,-100.0
FieldSize,Devonport,2297,Mobile,PACERS,6,DEATH,2,0,67.87,-67.87,0.0,-100.0
FieldSize,Devonport,2297,Mobile,PACERS,7,DEATH,1,0,31.25,-31.25,0.0,-100.0
FieldSize,Devonport,2297,Mobile,PACERS,8,DEATH,2,1,8.9,91.1,50.0,1023.6
FieldSize,Devonport,2297,Mobile,PACERS,9,DEATH,9,1,188.39,-88.39,11.1,-46.9
FieldSize,Devonport,2297,Mobile,PACERS,10,LEAD,44,11,981.9,118.1,25.0,12.0
FieldSize,Devonport,2297,Mobile,PACERS,5,LEAD,1,1,34.48,65.52,100.0,190.0
FieldSize,Devonport,2297,Mobile,PACERS,6,LEAD,2,1,37.04,62.96,50.0,170.0
FieldSize,Devonport,2297,Mobile,PACERS,7,LEAD,1,0,10.53,-10.53,0.0,-100.0
FieldSize,Devonport,2297,Mobile,PACERS,8,LEAD,2,1,111.4,-11.4,50.0,-10.2
FieldSize,Devonport,2297,Mobile,PACERS,9,LEAD,8,5,190.01,309.99,62.5,163.1
FieldSize,Devonport,2645,Stand,PACERS,11,B/LEAD,1,0,2.96,-2.96,0.0,-100.0
FieldSize,Devonport,2645,Stand,PACERS,12,B/LEAD,3,1,39.54,60.46,33.3,152.9
FieldSize,Devonport,2645,Stand,PACERS,7,B/LEAD,1,0,3.09,-3.09,0.0,-100.0
FieldSize,Devonport,2645,Stand,PACERS,11,DEATH,1,1,23.26,76.74,100.0,329.9
FieldSize,Devonport,2645,Stand,PACERS,12,DEATH,3,0,22.81,-22.81,0.0,-100.0
FieldSize,Devonport,2645,Stand,PACERS,11,LEAD,1,0,8.06,-8.06,0.0,-100.0
FieldSize,Devonport,2645,Stand,PACERS,12,LEAD,3,0,19.01,-19.01,0.0,-100.0
FieldSize,Devonport,2645,Stand,PACERS,7,LEAD,1,0,10.99,-10.99,0.0,-100.0
FieldSize,Devonport,2665,Mobile,PACERS,10,B/LEAD,4,0,27.71,-27.71,0.0,-100.0
FieldSize,Devonport,2665,Mobile,PACERS,10,DEATH,5,2,54.05,145.95,40.0,270.0
FieldSize,Devonport,2665,Mobile,PACERS,10,LEAD,4,1,127.06,-27.06,25.0,-21.3
FieldSize,Devonport,3020,Stand,PACERS,12,B/LEAD,1,0,0.65,-0.65,0.0,-100.0
FieldSize,Dubbo,1720,Mobile,PACERS,10,B/LEAD,302,25,3964.78,-1464.78,8.3,-36.9
FieldSize,Dubbo,1720,Mobile,PACERS,6,B/LEAD,4,0,99.66,-99.66,0.0,-100.0
FieldSize,Dubbo,1720,Mobile,PACERS,7,B/LEAD,15,2,199.83,0.17,13.3,0.1
FieldSize,Dubbo,1720,Mobile,PACERS,8,B/LEAD,66,13,1139.03,160.97,19.7,14.1
FieldSize,Dubbo,1720,Mobile,PACERS,9,B/LEAD,126,12,1844.85,-644.85,9.5,-35.0
FieldSize,Dubbo,1720,Mobile,PACERS,10,DEATH,288,52,5173.89,26.11,18.1,0.5
FieldSize,Dubbo,1720,Mobile,PACERS,6,DEATH,3,0,41.02,-41.02,0.0,-100.0
FieldSize,Dubbo,1720,Mobile,PACERS,7,DEATH,16,2,268.54,-68.54,12.5,-25.5
FieldSize,Dubbo,1720,Mobile,PACERS,8,DEATH,70,7,1024.2,-324.2,10.0,-31.7
FieldSize,Dubbo,1720,Mobile,PACERS,9,DEATH,125,20,2053.52,-53.52,16.0,-2.6
FieldSize,Dubbo,1720,Mobile,PACERS,10,LEAD,302,133,8756.53,4543.47,44.0,51.9
FieldSize,Dubbo,1720,Mobile,PACERS,6,LEAD,4,3,92.82,107.18,75.0,115.5
FieldSize,Dubbo,1720,Mobile,PACERS,7,LEAD,16,7,727.69,-27.69,43.8,-3.8
FieldSize,Dubbo,1720,Mobile,PACERS,8,LEAD,69,26,2195.47,404.53,37.7,18.4
FieldSize,Dubbo,1720,Mobile,PACERS,9,LEAD,128,58,4180.89,1619.11,45.3,38.7
FieldSize,Dubbo,2120,Mobile,PACERS,10,B/LEAD,102,11,1286.58,-186.58,10.8,-14.5
FieldSize,Dubbo,2120,Mobile,PACERS,6,B/LEAD,3,0,16.81,-16.81,0.0,-100.0
FieldSize,Dubbo,2120,Mobile,PACERS,7,B/LEAD,8,2,123.94,76.06,25.0,61.4
FieldSize,Dubbo,2120,Mobile,PACERS,8,B/LEAD,32,2,360.98,-160.98,6.2,-44.6
FieldSize,Dubbo,2120,Mobile,PACERS,9,B/LEAD,47,6,596.93,3.07,12.8,0.5
FieldSize,Dubbo,2120,Mobile,PACERS,10,DEATH,99,8,1546.95,-746.95,8.1,-48.3
FieldSize,Dubbo,2120,Mobile,PACERS,6,DEATH,3,1,100.73,-0.73,33.3,-0.7
FieldSize,Dubbo,2120,Mobile,PACERS,7,DEATH,9,0,195.15,-195.15,0.0,-100.0
FieldSize,Dubbo,2120,Mobile,PACERS,8,DEATH,32,5,598.18,-98.18,15.6,-16.4
FieldSize,Dubbo,2120,Mobile,PACERS,9,DEATH,44,4,853.09,-453.09,9.1,-53.1
FieldSize,Dubbo,2120,Mobile,PACERS,10,LEAD,101,40,2840.97,1159.03,39.6,40.8
FieldSize,Dubbo,2120,Mobile,PACERS,6,LEAD,3,2,111.55,88.45,66.7,79.3
FieldSize,Dubbo,2120,Mobile,PACERS,7,LEAD,9,3,186.83,113.17,33.3,60.6
FieldSize,Dubbo,2120,Mobile,PACERS,8,LEAD,32,12,983.22,216.78,37.5,22.0
FieldSize,Dubbo,2120,Mobile,PACERS,9,LEAD,49,21,1341.91,758.09,42.9,56.5
FieldSize,Dubbo,2525,Mobile,PACERS,10,B/LEAD,4,0,28.57,-28.57,0.0,-100.0
FieldSize,Dubbo,2525,Mobile,PACERS,8,B/LEAD,1,0,4.35,-4.35,0.0,-100.0
FieldSize,Dubbo,2525,Mobile,PACERS,10,DEATH,4,1,104.34,-4.34,25.0,-4.2
FieldSize,Dubbo,2525,Mobile,PACERS,8,DEATH,1,0,30.3,-30.3,0.0,-100.0
FieldSize,Dubbo,2525,Mobile,PACERS,10,LEAD,5,2,75.41,124.59,40.0,165.2
FieldSize,Dubbo,2525,Mobile,PACERS,8,LEAD,1,0,13.33,-13.33,0.0,-100.0
FieldSize,Echuca,1755,Mobile,PACERS,10,B/LEAD,66,12,1085.34,114.66,18.2,10.6
FieldSize,Echuca,1755,Mobile,PACERS,11,B/LEAD,10,1,144.82,-44.82,10.0,-30.9
FieldSize,Echuca,1755,Mobile,PACERS,5,B/LEAD,4,0,41.22,-41.22,0.0,-100.0
FieldSize,Echuca,1755,Mobile,PACERS,6,B/LEAD,6,0,46.07,-46.07,0.0,-100.0
FieldSize,Echuca,1755,Mobile,PACERS,7,B/LEAD,18,5,213.83,286.17,27.8,133.8
FieldSize,Echuca,1755,Mobile,PACERS,8,B/LEAD,40,6,478.58,121.42,15.0,25.4
FieldSize,Echuca,1755,Mobile,PACERS,9,B/LEAD,46,10,764.57,235.43,21.7,30.8
FieldSize,Echuca,1755,Mobile,PACERS,10,DEATH,64,10,914.02,85.98,15.6,9.4
FieldSize,Echuca,1755,Mobile,PACERS,11,DEATH,10,1,154.85,-54.85,10.0,-35.4
FieldSize,Echuca,1755,Mobile,PACERS,5,DEATH,1,0,16.67,-16.67,0.0,-100.0
FieldSize,Echuca,1755,Mobile,PACERS,6,DEATH,6,0,130.14,-130.14,0.0,-100.0
FieldSize,Echuca,1755,Mobile,PACERS,7,DEATH,16,2,470.86,-270.86,12.5,-57.5
FieldSize,Echuca,1755,Mobile,PACERS,8,DEATH,39,5,742.29,-242.29,12.8,-32.6
FieldSize,Echuca,1755,Mobile,PACERS,9,DEATH,47,10,1105.15,-105.15,21.3,-9.5
FieldSize,Echuca,1755,Mobile,PACERS,10,LEAD,67,29,1732.36,1167.64,43.3,67.4
FieldSize,Echuca,1755,Mobile,PACERS,11,LEAD,11,6,270.95,329.05,54.5,121.4
FieldSize,Echuca,1755,Mobile,PACERS,5,LEAD,4,4,260.01,139.99,100.0,53.8
FieldSize,Echuca,1755,Mobile,PACERS,6,LEAD,6,4,154.47,245.53,66.7,158.9
FieldSize,Echuca,1755,Mobile,PACERS,7,LEAD,17,6,481.03,118.97,35.3,24.7
FieldSize,Echuca,1755,Mobile,PACERS,8,LEAD,39,26,1118.64,1481.36,66.7,132.4
FieldSize,Echuca,1755,Mobile,PACERS,9,LEAD,46,13,1035.25,264.75,28.3,25.6
FieldSize,Echuca,1755,Mobile,TROTTERS,10,B/LEAD,2,0,6.91,-6.91,0.0,-100.0
FieldSize,Echuca,1755,Mobile,TROTTERS,11,B/LEAD,1,0,2.94,-2.94,0.0,-100.0
FieldSize,Echuca,1755,Mobile,TROTTERS,7,B/LEAD,1,0,26.32,-26.32,0.0,-100.0
FieldSize,Echuca,1755,Mobile,TROTTERS,9,B/LEAD,2,1,14.14,85.86,50.0,607.2
FieldSize,Echuca,1755,Mobile,TROTTERS,10,DEATH,2,0,5.58,-5.58,0.0,-100.0
FieldSize,Echuca,1755,Mobile,TROTTERS,11,DEATH,1,0,23.81,-23.81,0.0,-100.0
FieldSize,Echuca,1755,Mobile,TROTTERS,7,DEATH,1,0,16.67,-16.67,0.0,-100.0
FieldSize,Echuca,1755,Mobile,TROTTERS,9,DEATH,2,0,34.24,-34.24,0.0,-100.0
FieldSize,Echuca,1755,Mobile,TROTTERS,10,LEAD,2,1,60.04,39.96,50.0,66.6
FieldSize,Echuca,1755,Mobile,TROTTERS,11,LEAD,1,1,35.71,64.29,100.0,180.0
FieldSize,Echuca,1755,Mobile,TROTTERS,7,LEAD,1,0,7.69,-7.69,0.0,-100.0
FieldSize,Echuca,1755,Mobile,TROTTERS,9,LEAD,2,0,31.51,-31.51,0.0,-100.0
FieldSize,Echuca,2130,Stand,TROTTERS,10,B/LEAD,3,1,20.87,79.13,33.3,379.2
FieldSize,Echuca,2130,Stand,TROTTERS,11,B/LEAD,6,0,69.11,-69.11,0.0,-100.0
FieldSize,Echuca,2130,Stand,TROTTERS,5,B/LEAD,1,0,31.25,-31.25,0.0,-100.0
FieldSize,Echuca,2130,Stand,TROTTERS,6,B/LEAD,1,0,6.58,-6.58,0.0,-100.0
FieldSize,Echuca,2130,Stand,TROTTERS,7,B/LEAD,3,0,23.29,-23.29,0.0,-100.0
FieldSize,Echuca,2130,Stand,TROTTERS,8,B/LEAD,6,0,73.46,-73.46,0.0,-100.0
FieldSize,Echuca,2130,Stand,TROTTERS,9,B/LEAD,6,3,146.16,153.84,50.0,105.3
FieldSize,Echuca,2130,Stand,TROTTERS,10,DEATH,3,1,71.3,28.7,33.3,40.3
FieldSize,Echuca,2130,Stand,TROTTERS,11,DEATH,6,0,95.34,-95.34,0.0,-100.0
FieldSize,Echuca,2130,Stand,TROTTERS,7,DEATH,3,1,70.78,29.22,33.3,41.3
FieldSize,Echuca,2130,Stand,TROTTERS,8,DEATH,5,0,33.36,-33.36,0.0,-100.0
FieldSize,Echuca,2130,Stand,TROTTERS,9,DEATH,4,1,48.99,51.01,25.0,104.1
FieldSize,Echuca,2130,Stand,TROTTERS,10,LEAD,3,0,23.99,-23.99,0.0,-100.0
FieldSize,Echuca,2130,Stand,TROTTERS,11,LEAD,5,4,70.25,329.75,80.0,469.4
FieldSize,Echuca,2130,Stand,TROTTERS,5,LEAD,1,0,25.64,-25.64,0.0,-100.0
FieldSize,Echuca,2130,Stand,TROTTERS,6,LEAD,1,1,50.0,50.0,100.0,100.0
FieldSize,Echuca,2130,Stand,TROTTERS,7,LEAD,3,1,45.6,54.4,33.3,119.3
FieldSize,Echuca,2130,Stand,TROTTERS,8,LEAD,6,5,116.57,383.43,83.3,328.9
FieldSize,Echuca,2130,Stand,TROTTERS,9,LEAD,7,1,125.43,-25.43,14.3,-20.3
FieldSize,Echuca,2160,Mobile,PACERS,10,B/LEAD,49,9,767.53,132.47,18.4,17.3
FieldSize,Echuca,2160,Mobile,PACERS,11,B/LEAD,3,0,43.65,-43.65,0.0,-100.0
FieldSize,Echuca,2160,Mobile,PACERS,5,B/LEAD,2,0,35.38,-35.38,0.0,-100.0
FieldSize,Echuca,2160,Mobile,PACERS,6,B/LEAD,19,2,322.57,-122.57,10.5,-38.0
FieldSize,Echuca,2160,Mobile,PACERS,7,B/LEAD,31,4,451.43,-51.43,12.9,-11.4
FieldSize,Echuca,2160,Mobile,PACERS,8,B/LEAD,38,3,622.27,-322.27,7.9,-51.8
FieldSize,Echuca,2160,Mobile,PACERS,9,B/LEAD,49,7,786.02,-86.02,14.3,-10.9
FieldSize,Echuca,2160,Mobile,PACERS,10,DEATH,49,5,935.02,-435.02,10.2,-46.5
FieldSize,Echuca,2160,Mobile,PACERS,11,DEATH,3,0,38.65,-38.65,0.0,-100.0
FieldSize,Echuca,2160,Mobile,PACERS,5,DEATH,2,0,56.56,-56.56,0.0,-100.0
FieldSize,Echuca,2160,Mobile,PACERS,6,DEATH,16,2,282.91,-82.91,12.5,-29.3
FieldSize,Echuca,2160,Mobile,PACERS,7,DEATH,32,2,731.21,-531.21,6.2,-72.6
FieldSize,Echuca,2160,Mobile,PACERS,8,DEATH,38,5,864.47,-364.47,13.2,-42.2
FieldSize,Echuca,2160,Mobile,PACERS,9,DEATH,48,7,968.28,-268.28,14.6,-27.7
FieldSize,Echuca,2160,Mobile,PACERS,10,LEAD,48,18,1265.29,534.71,37.5,42.3
FieldSize,Echuca,2160,Mobile,PACERS,11,LEAD,3,2,33.55,166.45,66.7,496.1
FieldSize,Echuca,2160,Mobile,PACERS,5,LEAD,2,2,104.76,95.24,100.0,90.9
FieldSize,Echuca,2160,Mobile,PACERS,6,LEAD,18,12,664.51,535.49,66.7,80.6
FieldSize,Echuca,2160,Mobile,PACERS,7,LEAD,31,17,984.37,715.63,54.8,72.7
FieldSize,Echuca,2160,Mobile,PACERS,8,LEAD,38,22,860.45,1339.55,57.9,155.7
FieldSize,Echuca,2160,Mobile,PACERS,9,LEAD,49,24,1310.18,1089.82,49.0,83.2
FieldSize,Echuca,2160,Mobile,TROTTERS,10,B/LEAD,8,0,104.77,-104.77,0.0,-100.0
FieldSize,Echuca,2160,Mobile,TROTTERS,5,B/LEAD,1,0,25.0,-25.0,0.0,-100.0
FieldSize,Echuca,2160,Mobile,TROTTERS,6,B/LEAD,6,1,106.96,-6.96,16.7,-6.5
FieldSize,Echuca,2160,Mobile,TROTTERS,7,B/LEAD,5,0,27.54,-27.54,0.0,-100.0
FieldSize,Echuca,2160,Mobile,TROTTERS,8,B/LEAD,2,1,26.02,73.98,50.0,284.3
FieldSize,Echuca,2160,Mobile,TROTTERS,9,B/LEAD,6,0,66.18,-66.18,0.0,-100.0
FieldSize,Echuca,2160,Mobile,TROTTERS,10,DEATH,8,1,74.49,25.51,12.5,34.2
FieldSize,Echuca,2160,Mobile,TROTTERS,6,DEATH,6,0,114.5,-114.5,0.0,-100.0
FieldSize,Echuca,2160,Mobile,TROTTERS,7,DEATH,4,2,171.93,28.07,50.0,16.3
FieldSize,Echuca,2160,Mobile,TROTTERS,8,DEATH,2,0,9.97,-9.97,0.0,-100.0
FieldSize,Echuca,2160,Mobile,TROTTERS,9,DEATH,6,0,110.1,-110.1,0.0,-100.0
FieldSize,Echuca,2160,Mobile,TROTTERS,10,LEAD,8,5,162.74,337.26,62.5,207.2
FieldSize,Echuca,2160,Mobile,TROTTERS,5,LEAD,1,0,30.3,-30.3,0.0,-100.0
FieldSize,Echuca,2160,Mobile,TROTTERS,6,LEAD,6,1,187.14,-87.14,16.7,-46.6
FieldSize,Echuca,2160,Mobile,TROTTERS,7,LEAD,5,1,131.39,-31.39,20.0,-23.9
FieldSize,Echuca,2160,Mobile,TROTTERS,8,LEAD,2,1,68.72,31.28,50.0,45.5
FieldSize,Echuca,2160,Mobile,TROTTERS,9,LEAD,6,5,263.33,236.67,83.3,89.9
FieldSize,Echuca,2160,Stand,TROTTERS,9,B/LEAD,1,1,22.73,77.27,100.0,339.9
FieldSize,Echuca,2160,Stand,TROTTERS,9,DEATH,1,0,10.0,-10.0,0.0,-100.0
FieldSize,Echuca,2160,Stand,TROTTERS,9,LEAD,1,0,3.85,-3.85,0.0,-100.0
FieldSize,Echuca,2530,Stand,TROTTERS,10,B/LEAD,1,0,23.81,-23.81,0.0,-100.0
FieldSize,Echuca,2530,Stand,TROTTERS,11,B/LEAD,2,0,7.29,-7.29,0.0,-100.0
FieldSize,Echuca,2530,Stand,TROTTERS,6,B/LEAD,2,0,10.52,-10.52,0.0,-100.0
FieldSize,Echuca,2530,Stand,TROTTERS,8,B/LEAD,1,0,15.38,-15.38,0.0,-100.0
FieldSize,Echuca,2530,Stand,TROTTERS,9,B/LEAD,1,0,6.62,-6.62,0.0,-100.0
FieldSize,Echuca,2530,Stand,TROTTERS,11,DEATH,2,0,29.94,-29.94,0.0,-100.0
FieldSize,Echuca,2530,Stand,TROTTERS,6,DEATH,2,0,45.55,-45.55,0.0,-100.0
FieldSize,Echuca,2530,Stand,TROTTERS,8,DEATH,1,0,14.29,-14.29,0.0,-100.0
FieldSize,Echuca,2530,Stand,TROTTERS,9,DEATH,1,1,20.83,79.17,100.0,380.1
FieldSize,Echuca,2530,Stand,TROTTERS,10,LEAD,1,0,62.5,-62.5,0.0,-100.0
FieldSize,Echuca,2530,Stand,TROTTERS,11,LEAD,2,1,51.96,48.04,50.0,92.5
FieldSize,Echuca,2530,Stand,TROTTERS,6,LEAD,2,2,57.87,142.13,100.0,245.6
FieldSize,Echuca,2530,Stand,TROTTERS,8,LEAD,1,1,30.3,69.7,100.0,230.0
FieldSize,Echuca,2530,Stand,TROTTERS,9,LEAD,1,0,28.57,-28.57,0.0,-100.0
FieldSize,Echuca,2560,Mobile,PACERS,10,B/LEAD,4,0,18.99,-18.99,0.0,-100.0
FieldSize,Echuca,2560,Mobile,PACERS,6,B/LEAD,1,0,2.94,-2.94,0.0,-100.0
FieldSize,Echuca,2560,Mobile,PACERS,8,B/LEAD,1,0,2.44,-2.44,0.0,-100.0
FieldSize,Echuca,2560,Mobile,PACERS,10,DEATH,4,0,128.98,-128.98,0.0,-100.0
FieldSize,Echuca,2560,Mobile,PACERS,6,DEATH,1,0,45.45,-45.45,0.0,-100.0
FieldSize,Echuca,2560,Mobile,PACERS,8,DEATH,1,1,54.05,45.95,100.0,85.0
FieldSize,Echuca,2560,Mobile,PACERS,10,LEAD,4,2,69.9,130.1,50.0,186.1
FieldSize,Echuca,2560,Mobile,PACERS,6,LEAD,1,1,35.71,64.29,100.0,180.0
FieldSize,Echuca,2560,Mobile,PACERS,8,LEAD,1,0,3.23,-3.23,0.0,-100.0
FieldSize,Echuca,2560,Mobile,TROTTERS,6,B/LEAD,1,0,3.85,-3.85,0.0,-100.0
FieldSize,Echuca,2560,Mobile,TROTTERS,6,DEATH,1,0,35.71,-35.71,0.0,-100.0
FieldSize,Echuca,2560,Mobile,TROTTERS,6,LEAD,1,1,37.04,62.96,100.0,170.0
FieldSize,Eugowra,1700,Mobile,PACERS,10,B/LEAD,18,3,194.62,105.38,16.7,54.1
FieldSize,Eugowra,1700,Mobile,PACERS,9,B/LEAD,3,2,53.69,146.31,66.7,272.5
FieldSize,Eugowra,1700,Mobile,PACERS,10,DEATH,18,3,375.88,-75.88,16.7,-20.2
FieldSize,Eugowra,1700,Mobile,PACERS,9,DEATH,3,0,72.02,-72.02,0.0,-100.0
FieldSize,Eugowra,1700,Mobile,PACERS,10,LEAD,18,6,312.6,287.4,33.3,91.9
FieldSize,Eugowra,1700,Mobile,PACERS,9,LEAD,3,1,58.5,41.5,33.3,70.9
FieldSize,Eugowra,2100,Mobile,PACERS,10,B/LEAD,10,1,113.11,-13.11,10.0,-11.6
FieldSize,Eugowra,2100,Mobile,PACERS,8,B/LEAD,1,1,41.67,58.33,100.0,140.0
FieldSize,Eugowra,2100,Mobile,PACERS,9,B/LEAD,12,1,170.41,-70.41,8.3,-41.3
FieldSize,Eugowra,2100,Mobile,PACERS,10,DEATH,9,1,228.13,-128.13,11.1,-56.2
FieldSize,Eugowra,2100,Mobile,PACERS,8,DEATH,1,0,29.41,-29.41,0.0,-100.0
FieldSize,Eugowra,2100,Mobile,PACERS,9,DEATH,12,3,275.97,24.03,25.0,8.7
FieldSize,Eugowra,2100,Mobile,PACERS,10,LEAD,9,4,277.31,122.69,44.4,44.2
FieldSize,Eugowra,2100,Mobile,PACERS,8,LEAD,1,0,12.5,-12.5,0.0,-100.0
FieldSize,Eugowra,2100,Mobile,PACERS,9,LEAD,12,5,439.56,60.44,41.7,13.8
FieldSize,Forbes,1680,Mobile,PACERS,10,B/LEAD,20,1,262.86,-162.86,5.0,-62.0
FieldSize,Forbes,1680,Mobile,PACERS,19,B/LEAD,2,0,9.19,-9.19,0.0,-100.0
FieldSize,Forbes,1680,Mobile,PACERS,20,B/LEAD,2,0,7.29,-7.29,0.0,-100.0
FieldSize,Forbes,1680,Mobile,PACERS,8,B/LEAD,2,0,30.83,-30.83,0.0,-100.0
FieldSize,Forbes,1680,Mobile,PACERS,9,B/LEAD,6,0,104.66,-104.66,0.0,-100.0
FieldSize,Forbes,1680,Mobile,PACERS,10,DEATH,22,5,341.62,158.38,22.7,46.4
FieldSize,Forbes,1680,Mobile,PACERS,19,DEATH,2,1,55.24,44.76,50.0,81.0
FieldSize,Forbes,1680,Mobile,PACERS,20,DEATH,2,0,17.32,-17.32,0.0,-100.0
FieldSize,Forbes,1680,Mobile,PACERS,8,DEATH,2,0,9.12,-9.12,0.0,-100.0
FieldSize,Forbes,1680,Mobile,PACERS,9,DEATH,6,1,39.8,60.2,16.7,151.3
FieldSize,Forbes,1680,Mobile,PACERS,10,LEAD,23,7,732.63,-32.63,30.4,-4.5
FieldSize,Forbes,1680,Mobile,PACERS,19,LEAD,2,1,41.74,58.26,50.0,139.6
FieldSize,Forbes,1680,Mobile,PACERS,20,LEAD,2,2,91.43,108.57,100.0,118.7
FieldSize,Forbes,1680,Mobile,PACERS,8,LEAD,2,0,52.75,-52.75,0.0,-100.0
FieldSize,Forbes,1680,Mobile,PACERS,9,LEAD,6,2,175.59,24.41,33.3,13.9
FieldSize,Forbes,2060,Mobile,PACERS,10,B/LEAD,12,0,81.71,-81.71,0.0,-100.0
FieldSize,Forbes,2060,Mobile,PACERS,20,B/LEAD,4,0,55.2,-55.2,0.0,-100.0
FieldSize,Forbes,2060,Mobile,PACERS,8,B/LEAD,1,0,23.81,-23.81,0.0,-100.0
FieldSize,Forbes,2060,Mobile,PACERS,9,B/LEAD,8,3,162.03,137.97,37.5,85.2
FieldSize,Forbes,2060,Mobile,PACERS,10,DEATH,12,4,207.08,192.92,33.3,93.2
FieldSize,Forbes,2060,Mobile,PACERS,20,DEATH,4,1,72.24,27.76,25.0,38.4
FieldSize,Forbes,2060,Mobile,PACERS,8,DEATH,1,1,52.63,47.37,100.0,90.0
FieldSize,Forbes,2060,Mobile,PACERS,9,DEATH,8,0,162.44,-162.44,0.0,-100.0
FieldSize,Forbes,2060,Mobile,PACERS,10,LEAD,11,5,450.54,49.46,45.5,11.0
FieldSize,Forbes,2060,Mobile,PACERS,20,LEAD,4,1,154.13,-54.13,25.0,-35.1
FieldSize,Forbes,2060,Mobile,PACERS,8,LEAD,1,0,8.33,-8.33,0.0,-100.0
FieldSize,Forbes,2060,Mobile,PACERS,9,LEAD,8,3,213.61,86.39,37.5,40.4
FieldSize,Forbes,2470,Mobile,PACERS,7,B/LEAD,1,0,20.83,-20.83,0.0,-100.0
FieldSize,Forbes,2470,Mobile,PACERS,10,DEATH,1,0,5.52,-5.52,0.0,-100.0
FieldSize,Forbes,2470,Mobile,PACERS,7,DEATH,1,0,6.67,-6.67,0.0,-100.0
FieldSize,Forbes,2470,Mobile,PACERS,10,LEAD,1,1,76.92,23.08,100.0,30.0
FieldSize,Forbes,2470,Mobile,PACERS,7,LEAD,1,1,43.48,56.52,100.0,130.0
FieldSize,Gawler,1609,Mobile,PACERS,10,B/LEAD,31,3,337.44,-37.44,9.7,-11.1
FieldSize,Gawler,1609,Mobile,PACERS,5,B/LEAD,1,0,35.71,-35.71,0.0,-100.0
FieldSize,Gawler,1609,Mobile,PACERS,6,B/LEAD,15,3,316.49,-16.49,20.0,-5.2
FieldSize,Gawler,1609,Mobile,PACERS,7,B/LEAD,18,0,173.94,-173.94,0.0,-100.0
FieldSize,Gawler,1609,Mobile,PACERS,8,B/LEAD,18,3,324.43,-24.43,16.7,-7.5
FieldSize,Gawler,1609,Mobile,PACERS,9,B/LEAD,25,3,250.62,49.38,12.0,19.7
FieldSize,Gawler,1609,Mobile,PACERS,10,DEATH,31,6,551.05,48.95,19.4,8.9
FieldSize,Gawler,1609,Mobile,PACERS,5,DEATH,1,0,50.0,-50.0,0.0,-100.0
FieldSize,Gawler,1609,Mobile,PACERS,6,DEATH,15,3,283.07,16.93,20.0,6.0
FieldSize,Gawler,1609,Mobile,PACERS,7,DEATH,18,5,496.43,3.57,27.8,0.7
FieldSize,Gawler,1609,Mobile,PACERS,8,DEATH,18,3,466.64,-166.64,16.7,-35.7
FieldSize,Gawler,1609,Mobile,PACERS,9,DEATH,25,3,479.78,-179.78,12.0,-37.5
FieldSize,Gawler,1609,Mobile,PACERS,10,LEAD,31,8,797.01,2.99,25.8,0.4
FieldSize,Gawler,1609,Mobile,PACERS,5,LEAD,1,1,20.83,79.17,100.0,380.1
FieldSize,Gawler,1609,Mobile,PACERS,6,LEAD,15,9,651.95,248.05,60.0,38.0
FieldSize,Gawler,1609,Mobile,PACERS,7,LEAD,18,8,641.3,158.7,44.4,24.7
FieldSize,Gawler,1609,Mobile,PACERS,8,LEAD,18,6,465.03,134.97,33.3,29.0
FieldSize,Gawler,1609,Mobile,PACERS,9,LEAD,25,9,527.98,372.02,36.0,70.5
FieldSize,Gawler,1609,Mobile,TROTTERS,6,B/LEAD,1,0,20.83,-20.83,0.0,-100.0
FieldSize,Gawler,1609,Mobile,TROTTERS,8,B/LEAD,3,0,27.52,-27.52,0.0,-100.0
FieldSize,Gawler,1609,Mobile,TROTTERS,6,DEATH,1,0,14.29,-14.29,0.0,-100.0
FieldSize,Gawler,1609,Mobile,TROTTERS,8,DEATH,3,1,89.24,10.76,33.3,12.1
FieldSize,Gawler,1609,Mobile,TROTTERS,6,LEAD,1,1,52.63,47.37,100.0,90.0
FieldSize,Gawler,1609,Mobile,TROTTERS,8,LEAD,3,2,117.75,82.25,66.7,69.9
FieldSize,Gawler,1609,Stand,TROTTERS,6,B/LEAD,1,0,13.33,-13.33,0.0,-100.0
FieldSize,Gawler,1609,Stand,TROTTERS,8,B/LEAD,1,0,15.38,-15.38,0.0,-100.0
FieldSize,Gawler,1609,Stand,TROTTERS,6,LEAD,1,1,51.28,48.72,100.0,95.0
FieldSize,Gawler,1609,Stand,TROTTERS,8,LEAD,1,1,29.41,70.59,100.0,240.0
FieldSize,Gawler,2070,Mobile,PACERS,10,B/LEAD,25,3,284.23,15.77,12.0,5.5
FieldSize,Gawler,2070,Mobile,PACERS,5,B/LEAD,4,1,49.11,50.89,25.0,103.6
FieldSize,Gawler,2070,Mobile,PACERS,6,B/LEAD,12,3,222.31,77.69,25.0,34.9
FieldSize,Gawler,2070,Mobile,PACERS,7,B/LEAD,11,0,74.67,-74.67,0.0,-100.0
FieldSize,Gawler,2070,Mobile,PACERS,8,B/LEAD,12,0,175.91,-175.91,0.0,-100.0
FieldSize,Gawler,2070,Mobile,PACERS,9,B/LEAD,9,2,82.83,117.17,22.2,141.5
FieldSize,Gawler,2070,Mobile,PACERS,10,DEATH,25,4,452.76,-52.76,16.0,-11.7
FieldSize,Gawler,2070,Mobile,PACERS,5,DEATH,2,0,81.06,-81.06,0.0,-100.0
FieldSize,Gawler,2070,Mobile,PACERS,6,DEATH,11,2,335.51,-135.51,18.2,-40.4
FieldSize,Gawler,2070,Mobile,PACERS,7,DEATH,11,1,241.89,-141.89,9.1,-58.7
FieldSize,Gawler,2070,Mobile,PACERS,8,DEATH,12,1,160.37,-60.37,8.3,-37.6
FieldSize,Gawler,2070,Mobile,PACERS,9,DEATH,9,3,281.21,18.79,33.3,6.7
FieldSize,Gawler,2070,Mobile,PACERS,10,LEAD,25,4,643.4,-243.4,16.0,-37.8
FieldSize,Gawler,2070,Mobile,PACERS,5,LEAD,4,2,171.68,28.32,50.0,16.5
FieldSize,Gawler,2070,Mobile,PACERS,6,LEAD,12,5,428.68,71.32,41.7,16.6
FieldSize,Gawler,2070,Mobile,PACERS,7,LEAD,11,5,365.86,134.14,45.5,36.7
FieldSize,Gawler,2070,Mobile,PACERS,8,LEAD,12,5,249.74,250.26,41.7,100.2
FieldSize,Gawler,2070,Mobile,PACERS,9,LEAD,9,2,266.67,-66.67,22.2,-25.0
FieldSize,Gawler,2070,Mobile,TROTTERS,10,B/LEAD,10,0,90.15,-90.15,0.0,-100.0
FieldSize,Gawler,2070,Mobile,TROTTERS,5,B/LEAD,2,0,34.29,-34.29,0.0,-100.0
FieldSize,Gawler,2070,Mobile,TROTTERS,6,B/LEAD,3,0,27.41,-27.41,0.0,-100.0
FieldSize,Gawler,2070,Mobile,TROTTERS,7,B/LEAD,2,0,35.72,-35.72,0.0,-100.0
FieldSize,Gawler,2070,Mobile,TROTTERS,8,B/LEAD,3,1,39.9,60.1,33.3,150.6
FieldSize,Gawler,2070,Mobile,TROTTERS,9,B/LEAD,4,1,73.23,26.77,25.0,36.6
FieldSize,Gawler,2070,Mobile,TROTTERS,10,DEATH,10,2,205.77,-5.77,20.0,-2.8
FieldSize,Gawler,2070,Mobile,TROTTERS,6,DEATH,3,2,138.72,61.28,66.7,44.2
FieldSize,Gawler,2070,Mobile,TROTTERS,7,DEATH,2,0,76.19,-76.19,0.0,-100.0
FieldSize,Gawler,2070,Mobile,TROTTERS,8,DEATH,3,1,100.78,-0.78,33.3,-0.8
FieldSize,Gawler,2070,Mobile,TROTTERS,9,DEATH,4,1,79.78,20.22,25.0,25.3
FieldSize,Gawler,2070,Mobile,TROTTERS,10,LEAD,10,3,231.47,68.53,30.0,29.6
FieldSize,Gawler,2070,Mobile,TROTTERS,5,LEAD,2,1,88.33,11.67,50.0,13.2
FieldSize,Gawler,2070,Mobile,TROTTERS,6,LEAD,3,1,94.01,5.99,33.3,6.4
FieldSize,Gawler,2070,Mobile,TROTTERS,7,LEAD,2,1,58.78,41.22,50.0,70.1
FieldSize,Gawler,2070,Mobile,TROTTERS,8,LEAD,3,0,18.2,-18.2,0.0,-100.0
FieldSize,Gawler,2070,Mobile,TROTTERS,9,LEAD,4,1,81.59,18.41,25.0,22.6
FieldSize,Gawler,2070,Stand,PACERS,7,B/LEAD,1,0,7.69,-7.69,0.0,-100.0
FieldSize,Gawler,2070,Stand,PACERS,7,DEATH,1,0,8.33,-8.33,0.0,-100.0
FieldSize,Gawler,2070,Stand,PACERS,7,LEAD,1,0,18.18,-18.18,0.0,-100.0
FieldSize,Gawler,2070,Stand,TROTTERS,10,B/LEAD,4,0,46.52,-46.52,0.0,-100.0
FieldSize,Gawler,2070,Stand,TROTTERS,11,B/LEAD,2,0,14.38,-14.38,0.0,-100.0
FieldSize,Gawler,2070,Stand,TROTTERS,12,B/LEAD,2,0,20.14,-20.14,0.0,-100.0
FieldSize,Gawler,2070,Stand,TROTTERS,5,B/LEAD,1,0,20.0,-20.0,0.0,-100.0
FieldSize,Gawler,2070,Stand,TROTTERS,6,B/LEAD,4,0,48.13,-48.13,0.0,-100.0
FieldSize,Gawler,2070,Stand,TROTTERS,7,B/LEAD,6,1,101.17,-1.17,16.7,-1.2
FieldSize,Gawler,2070,Stand,TROTTERS,8,B/LEAD,11,1,128.54,-28.54,9.1,-22.2
FieldSize,Gawler,2070,Stand,TROTTERS,9,B/LEAD,4,0,27.19,-27.19,0.0,-100.0
FieldSize,Gawler,2070,Stand,TROTTERS,10,DEATH,4,0,51.81,-51.81,0.0,-100.0
FieldSize,Gawler,2070,Stand,TROTTERS,11,DEATH,2,1,54.17,45.83,50.0,84.6
FieldSize,Gawler,2070,Stand,TROTTERS,12,DEATH,2,0,5.08,-5.08,0.0,-100.0
FieldSize,Gawler,2070,Stand,TROTTERS,5,DEATH,1,0,14.29,-14.29,0.0,-100.0
FieldSize,Gawler,2070,Stand,TROTTERS,6,DEATH,4,2,179.13,20.87,50.0,11.7
FieldSize,Gawler,2070,Stand,TROTTERS,7,DEATH,5,1,91.07,8.93,20.0,9.8
FieldSize,Gawler,2070,Stand,TROTTERS,8,DEATH,11,1,184.17,-84.17,9.1,-45.7
FieldSize,Gawler,2070,Stand,TROTTERS,9,DEATH,4,1,88.07,11.93,25.0,13.5
FieldSize,Gawler,2070,Stand,TROTTERS,10,LEAD,4,3,111.63,188.37,75.0,168.7
FieldSize,Gawler,2070,Stand,TROTTERS,11,LEAD,2,0,29.99,-29.99,0.0,-100.0
FieldSize,Gawler,2070,Stand,TROTTERS,12,LEAD,2,1,37.5,62.5,50.0,166.7
FieldSize,Gawler,2070,Stand,TROTTERS,5,LEAD,1,0,13.33,-13.33,0.0,-100.0
FieldSize,Gawler,2070,Stand,TROTTERS,6,LEAD,4,1,92.4,7.6,25.0,8.2
FieldSize,Gawler,2070,Stand,TROTTERS,7,LEAD,7,2,136.71,63.29,28.6,46.3
FieldSize,Gawler,2070,Stand,TROTTERS,8,LEAD,11,7,314.5,385.5,63.6,122.6
FieldSize,Gawler,2070,Stand,TROTTERS,9,LEAD,4,0,46.09,-46.09,0.0,-100.0
FieldSize,Gawler,2550,Mobile,PACERS,10,B/LEAD,1,0,4.76,-4.76,0.0,-100.0
FieldSize,Gawler,2550,Mobile,PACERS,9,B/LEAD,1,0,6.25,-6.25,0.0,-100.0
FieldSize,Gawler,2550,Mobile,PACERS,10,DEATH,1,0,1.23,-1.23,0.0,-100.0
FieldSize,Gawler,2550,Mobile,PACERS,9,DEATH,1,0,29.41,-29.41,0.0,-100.0
FieldSize,Gawler,2550,Mobile,PACERS,10,LEAD,1,1,83.33,16.67,100.0,20.0
FieldSize,Gawler,2550,Mobile,PACERS,9,LEAD,1,1,54.05,45.95,100.0,85.0
FieldSize,Gawler,2550,Stand,PACERS,11,B/LEAD,1,1,11.76,88.24,100.0,750.3
FieldSize,Gawler,2550,Stand,PACERS,12,B/LEAD,2,0,3.43,-3.43,0.0,-100.0
FieldSize,Gawler,2550,Stand,PACERS,9,B/LEAD,1,0,2.44,-2.44,0.0,-100.0
FieldSize,Gawler,2550,Stand,PACERS,11,DEATH,1,0,13.33,-13.33,0.0,-100.0
FieldSize,Gawler,2550,Stand,PACERS,12,DEATH,3,0,58.6,-58.6,0.0,-100.0
FieldSize,Gawler,2550,Stand,PACERS,9,DEATH,1,1,14.29,85.71,100.0,599.8
FieldSize,Gawler,2550,Stand,PACERS,11,LEAD,1,0,16.67,-16.67,0.0,-100.0
FieldSize,Gawler,2550,Stand,PACERS,12,LEAD,3,1,34.1,65.9,33.3,193.3
FieldSize,Gawler,2550,Stand,PACERS,9,LEAD,1,0,9.09,-9.09,0.0,-100.0
FieldSize,Gawler,2550,Stand,TROTTERS,10,B/LEAD,1,0,0.79,-0.79,0.0,-100.0
FieldSize,Gawler,2550,Stand,TROTTERS,12,B/LEAD,4,0,10.8,-10.8,0.0,-100.0
FieldSize,Gawler,2550,Stand,TROTTERS,7,B/LEAD,1,0,11.76,-11.76,0.0,-100.0
FieldSize,Gawler,2550,Stand,TROTTERS,8,B/LEAD,1,0,5.62,-5.62,0.0,-100.0
FieldSize,Gawler,2550,Stand,TROTTERS,9,B/LEAD,1,0,10.0,-10.0,0.0,-100.0
FieldSize,Gawler,2550,Stand,TROTTERS,10,DEATH,1,0,16.67,-16.67,0.0,-100.0
FieldSize,Gawler,2550,Stand,TROTTERS,12,DEATH,4,1,84.08,15.92,25.0,18.9
FieldSize,Gawler,2550,Stand,TROTTERS,7,DEATH,1,1,27.03,72.97,100.0,270.0
FieldSize,Gawler,2550,Stand,TROTTERS,8,DEATH,1,0,24.39,-24.39,0.0,-100.0
FieldSize,Gawler,2550,Stand,TROTTERS,9,DEATH,1,0,5.56,-5.56,0.0,-100.0
FieldSize,Gawler,2550,Stand,TROTTERS,10,LEAD,1,0,9.09,-9.09,0.0,-100.0
FieldSize,Gawler,2550,Stand,TROTTERS,12,LEAD,4,1,56.12,43.88,25.0,78.2
FieldSize,Gawler,2550,Stand,TROTTERS,7,LEAD,1,0,2.94,-2.94,0.0,-100.0
FieldSize,Gawler,2550,Stand,TROTTERS,8,LEAD,1,0,3.92,-3.92,0.0,-100.0
FieldSize,Gawler,2550,Stand,TROTTERS,9,LEAD,1,1,15.38,84.62,100.0,550.2
FieldSize,Geelong,1140,Mobile,PACERS,7,LEAD,1,1,5.26,94.74,100.0,1801.1
FieldSize,Geelong,1609,Mobile,PACERS,10,B/LEAD,106,23,1243.13,1056.87,21.7,85.0
FieldSize,Geelong,1609,Mobile,PACERS,11,B/LEAD,6,0,19.15,-19.15,0.0,-100.0
FieldSize,Geelong,1609,Mobile,PACERS,12,B/LEAD,13,0,123.43,-123.43,0.0,-100.0
FieldSize,Geelong,1609,Mobile,PACERS,4,B/LEAD,1,1,76.92,23.08,100.0,30.0
FieldSize,Geelong,1609,Mobile,PACERS,5,B/LEAD,6,0,31.63,-31.63,0.0,-100.0
FieldSize,Geelong,1609,Mobile,PACERS,6,B/LEAD,35,3,557.76,-257.76,8.6,-46.2
FieldSize,Geelong,1609,Mobile,PACERS,7,B/LEAD,35,6,351.72,248.28,17.1,70.6
FieldSize,Geelong,1609,Mobile,PACERS,8,B/LEAD,62,8,816.61,-16.61,12.9,-2.0
FieldSize,Geelong,1609,Mobile,PACERS,9,B/LEAD,90,11,1236.98,-136.98,12.2,-11.1
FieldSize,Geelong,1609,Mobile,PACERS,10,DEATH,107,8,1608.36,-808.36,7.5,-50.3
FieldSize,Geelong,1609,Mobile,PACERS,11,DEATH,6,1,99.93,0.07,16.7,0.1
FieldSize,Geelong,1609,Mobile,PACERS,12,DEATH,13,0,156.54,-156.54,0.0,-100.0
FieldSize,Geelong,1609,Mobile,PACERS,5,DEATH,3,0,110.42,-110.42,0.0,-100.0
FieldSize,Geelong,1609,Mobile,PACERS,6,DEATH,29,4,718.99,-318.99,13.8,-44.4
FieldSize,Geelong,1609,Mobile,PACERS,7,DEATH,35,5,1066.73,-566.73,14.3,-53.1
FieldSize,Geelong,1609,Mobile,PACERS,8,DEATH,62,7,1320.33,-620.33,11.3,-47.0
FieldSize,Geelong,1609,Mobile,PACERS,9,DEATH,87,8,1596.18,-796.18,9.2,-49.9
FieldSize,Geelong,1609,Mobile,PACERS,10,LEAD,106,42,2744.1,1455.9,39.6,53.1
FieldSize,Geelong,1609,Mobile,PACERS,11,LEAD,6,2,161.66,38.34,33.3,23.7
FieldSize,Geelong,1609,Mobile,PACERS,12,LEAD,13,7,380.89,319.11,53.8,83.8
FieldSize,Geelong,1609,Mobile,PACERS,4,LEAD,1,0,15.15,-15.15,0.0,-100.0
FieldSize,Geelong,1609,Mobile,PACERS,5,LEAD,5,5,325.69,174.31,100.0,53.5
FieldSize,Geelong,1609,Mobile,PACERS,6,LEAD,35,21,1480.82,619.18,60.0,41.8
FieldSize,Geelong,1609,Mobile,PACERS,7,LEAD,35,12,1130.09,69.91,34.3,6.2
FieldSize,Geelong,1609,Mobile,PACERS,8,LEAD,62,29,1725.19,1174.81,46.8,68.1
FieldSize,Geelong,1609,Mobile,PACERS,9,LEAD,90,34,2324.09,1075.91,37.8,46.3
FieldSize,Geelong,1609,Mobile,TROTTERS,10,B/LEAD,21,2,254.31,-54.31,9.5,-21.4
FieldSize,Geelong,1609,Mobile,TROTTERS,11,B/LEAD,3,2,44.26,155.74,66.7,351.9
FieldSize,Geelong,1609,Mobile,TROTTERS,12,B/LEAD,3,0,20.39,-20.39,0.0,-100.0
FieldSize,Geelong,1609,Mobile,TROTTERS,6,B/LEAD,5,1,34.39,65.61,20.0,190.8
FieldSize,Geelong,1609,Mobile,TROTTERS,7,B/LEAD,7,0,57.59,-57.59,0.0,-100.0
FieldSize,Geelong,1609,Mobile,TROTTERS,8,B/LEAD,20,2,257.03,-57.03,10.0,-22.2
FieldSize,Geelong,1609,Mobile,TROTTERS,9,B/LEAD,12,2,137.95,62.05,16.7,45.0
FieldSize,Geelong,1609,Mobile,TROTTERS,10,DEATH,21,1,285.62,-185.62,4.8,-65.0
FieldSize,Geelong,1609,Mobile,TROTTERS,11,DEATH,2,0,67.17,-67.17,0.0,-100.0
FieldSize,Geelong,1609,Mobile,TROTTERS,12,DEATH,3,0,39.61,-39.61,0.0,-100.0
FieldSize,Geelong,1609,Mobile,TROTTERS,6,DEATH,4,2,173.94,26.06,50.0,15.0
FieldSize,Geelong,1609,Mobile,TROTTERS,7,DEATH,6,1,79.42,20.58,16.7,25.9
FieldSize,Geelong,1609,Mobile,TROTTERS,8,DEATH,18,1,429.58,-329.58,5.6,-76.7
FieldSize,Geelong,1609,Mobile,TROTTERS,9,DEATH,12,2,317.9,-117.9,16.7,-37.1
FieldSize,Geelong,1609,Mobile,TROTTERS,10,LEAD,21,14,526.23,873.77,66.7,166.0
FieldSize,Geelong,1609,Mobile,TROTTERS,11,LEAD,3,1,82.82,17.18,33.3,20.7
FieldSize,Geelong,1609,Mobile,TROTTERS,12,LEAD,3,2,45.76,154.24,66.7,337.1
FieldSize,Geelong,1609,Mobile,TROTTERS,6,LEAD,5,2,125.55,74.45,40.0,59.3
FieldSize,Geelong,1609,Mobile,TROTTERS,7,LEAD,7,4,312.43,87.57,57.1,28.0
FieldSize,Geelong,1609,Mobile,TROTTERS,8,LEAD,20,11,463.86,636.14,55.0,137.1
FieldSize,Geelong,1609,Mobile,TROTTERS,9,LEAD,12,2,264.42,-64.42,16.7,-24.4
FieldSize,Geelong,2100,Mobile,PACERS,10,B/LEAD,54,12,712.57,487.43,22.2,68.4
FieldSize,Geelong,2100,Mobile,PACERS,11,B/LEAD,38,4,419.01,-19.01,10.5,-4.5
FieldSize,Geelong,2100,Mobile,PACERS,12,B/LEAD,36,7,415.71,284.29,19.4,68.4
FieldSize,Geelong,2100,Mobile,PACERS,4,B/LEAD,1,0,14.29,-14.29,0.0,-100.0
FieldSize,Geelong,2100,Mobile,PACERS,5,B/LEAD,4,0,71.65,-71.65,0.0,-100.0
FieldSize,Geelong,2100,Mobile,PACERS,6,B/LEAD,36,7,517.57,182.43,19.4,35.2
FieldSize,Geelong,2100,Mobile,PACERS,7,B/LEAD,40,5,517.81,-17.81,12.5,-3.4
FieldSize,Geelong,2100,Mobile,PACERS,8,B/LEAD,48,7,727.77,-27.77,14.6,-3.8
FieldSize,Geelong,2100,Mobile,PACERS,9,B/LEAD,43,10,488.42,511.58,23.3,104.7
FieldSize,Geelong,2100,Mobile,PACERS,10,DEATH,53,3,939.95,-639.95,5.7,-68.1
FieldSize,Geelong,2100,Mobile,PACERS,11,DEATH,36,3,700.71,-400.71,8.3,-57.2
FieldSize,Geelong,2100,Mobile,PACERS,12,DEATH,37,6,743.5,-143.5,16.2,-19.3
FieldSize,Geelong,2100,Mobile,PACERS,5,DEATH,2,0,97.23,-97.23,0.0,-100.0
FieldSize,Geelong,2100,Mobile,PACERS,6,DEATH,34,6,885.06,-285.06,17.6,-32.2
FieldSize,Geelong,2100,Mobile,PACERS,7,DEATH,40,6,666.31,-66.31,15.0,-10.0
FieldSize,Geelong,2100,Mobile,PACERS,8,DEATH,47,4,748.02,-348.02,8.5,-46.5
FieldSize,Geelong,2100,Mobile,PACERS,9,DEATH,41,6,888.13,-288.13,14.6,-32.4
FieldSize,Geelong,2100,Mobile,PACERS,10,LEAD,54,21,1326.7,773.3,38.9,58.3
FieldSize,Geelong,2100,Mobile,PACERS,11,LEAD,37,17,973.99,726.01,45.9,74.5
FieldSize,Geelong,2100,Mobile,PACERS,12,LEAD,36,10,805.66,194.34,27.8,24.1
FieldSize,Geelong,2100,Mobile,PACERS,4,LEAD,1,1,78.12,21.88,100.0,28.0
FieldSize,Geelong,2100,Mobile,PACERS,5,LEAD,4,3,168.93,131.07,75.0,77.6
FieldSize,Geelong,2100,Mobile,PACERS,6,LEAD,36,16,1173.34,426.66,44.4,36.4
FieldSize,Geelong,2100,Mobile,PACERS,7,LEAD,40,13,1357.14,-57.14,32.5,-4.2
FieldSize,Geelong,2100,Mobile,PACERS,8,LEAD,47,21,1526.48,573.52,44.7,37.6
FieldSize,Geelong,2100,Mobile,PACERS,9,LEAD,43,18,1320.33,479.67,41.9,36.3
FieldSize,Geelong,2100,Mobile,TROTTERS,10,B/LEAD,25,1,214.95,-114.95,4.0,-53.5
FieldSize,Geelong,2100,Mobile,TROTTERS,11,B/LEAD,10,4,190.15,209.85,40.0,110.4
FieldSize,Geelong,2100,Mobile,TROTTERS,12,B/LEAD,26,4,181.29,218.71,15.4,120.6
FieldSize,Geelong,2100,Mobile,TROTTERS,5,B/LEAD,7,1,128.32,-28.32,14.3,-22.1
FieldSize,Geelong,2100,Mobile,TROTTERS,6,B/LEAD,8,3,157.74,142.26,37.5,90.2
FieldSize,Geelong,2100,Mobile,TROTTERS,7,B/LEAD,33,9,526.5,373.5,27.3,70.9
FieldSize,Geelong,2100,Mobile,TROTTERS,8,B/LEAD,29,5,446.38,53.62,17.2,12.0
FieldSize,Geelong,2100,Mobile,TROTTERS,9,B/LEAD,37,8,533.2,266.8,21.6,50.0
FieldSize,Geelong,2100,Mobile,TROTTERS,10,DEATH,24,6,561.39,38.61,25.0,6.9
FieldSize,Geelong,2100,Mobile,TROTTERS,11,DEATH,9,1,116.34,-16.34,11.1,-14.0
FieldSize,Geelong,2100,Mobile,TROTTERS,12,DEATH,27,2,359.03,-159.03,7.4,-44.3
FieldSize,Geelong,2100,Mobile,TROTTERS,5,DEATH,4,1,48.52,51.48,25.0,106.1
FieldSize,Geelong,2100,Mobile,TROTTERS,6,DEATH,5,0,195.78,-195.78,0.0,-100.0
FieldSize,Geelong,2100,Mobile,TROTTERS,7,DEATH,28,7,713.93,-13.93,25.0,-2.0
FieldSize,Geelong,2100,Mobile,TROTTERS,8,DEATH,27,1,413.78,-313.78,3.7,-75.8
FieldSize,Geelong,2100,Mobile,TROTTERS,9,DEATH,37,3,735.79,-435.79,8.1,-59.2
FieldSize,Geelong,2100,Mobile,TROTTERS,10,LEAD,24,11,629.23,470.77,45.8,74.8
FieldSize,Geelong,2100,Mobile,TROTTERS,11,LEAD,10,2,189.05,10.95,20.0,5.8
FieldSize,Geelong,2100,Mobile,TROTTERS,12,LEAD,25,15,829.1,670.9,60.0,80.9
FieldSize,Geelong,2100,Mobile,TROTTERS,5,LEAD,7,5,387.71,112.29,71.4,29.0
FieldSize,Geelong,2100,Mobile,TROTTERS,6,LEAD,8,3,248.77,51.23,37.5,20.6
FieldSize,Geelong,2100,Mobile,TROTTERS,7,LEAD,33,14,847.04,552.96,42.4,65.3
FieldSize,Geelong,2100,Mobile,TROTTERS,8,LEAD,30,14,933.0,467.0,46.7,50.1
FieldSize,Geelong,2100,Mobile,TROTTERS,9,LEAD,37,14,1035.01,364.99,37.8,35.3
FieldSize,Geelong,2100,Stand,TROTTERS,10,B/LEAD,3,0,37.56,-37.56,0.0,-100.0
FieldSize,Geelong,2100,Stand,TROTTERS,11,B/LEAD,4,0,11.88,-11.88,0.0,-100.0
FieldSize,Geelong,2100,Stand,TROTTERS,12,B/LEAD,2,0,8.99,-8.99,0.0,-100.0
FieldSize,Geelong,2100,Stand,TROTTERS,6,B/LEAD,1,0,2.5,-2.5,0.0,-100.0
FieldSize,Geelong,2100,Stand,TROTTERS,7,B/LEAD,1,0,2.94,-2.94,0.0,-100.0
FieldSize,Geelong,2100,Stand,TROTTERS,8,B/LEAD,1,0,34.48,-34.48,0.0,-100.0
FieldSize,Geelong,2100,Stand,TROTTERS,9,B/LEAD,6,1,59.39,40.61,16.7,68.4
FieldSize,Geelong,2100,Stand,TROTTERS,10,DEATH,3,0,54.4,-54.4,0.0,-100.0
FieldSize,Geelong,2100,Stand,TROTTERS,11,DEATH,4,0,45.71,-45.71,0.0,-100.0
FieldSize,Geelong,2100,Stand,TROTTERS,12,DEATH,2,0,36.51,-36.51,0.0,-100.0
FieldSize,Geelong,2100,Stand,TROTTERS,6,DEATH,1,0,16.95,-16.95,0.0,-100.0
FieldSize,Geelong,2100,Stand,TROTTERS,7,DEATH,1,1,30.3,69.7,100.0,230.0
FieldSize,Geelong,2100,Stand,TROTTERS,8,DEATH,1,0,20.0,-20.0,0.0,-100.0
FieldSize,Geelong,2100,Stand,TROTTERS,9,DEATH,6,0,115.12,-115.12,0.0,-100.0
FieldSize,Geelong,2100,Stand,TROTTERS,10,LEAD,3,3,48.46,251.54,100.0,519.1
FieldSize,Geelong,2100,Stand,TROTTERS,11,LEAD,4,3,172.4,127.6,75.0,74.0
FieldSize,Geelong,2100,Stand,TROTTERS,12,LEAD,2,1,58.5,41.5,50.0,70.9
FieldSize,Geelong,2100,Stand,TROTTERS,6,LEAD,1,0,20.0,-20.0,0.0,-100.0
FieldSize,Geelong,2100,Stand,TROTTERS,7,LEAD,1,0,21.74,-21.74,0.0,-100.0
FieldSize,Geelong,2100,Stand,TROTTERS,8,LEAD,1,1,7.69,92.31,100.0,1200.4
FieldSize,Geelong,2100,Stand,TROTTERS,9,LEAD,6,4,145.2,254.8,66.7,175.5
FieldSize,Geelong,2570,Mobile,PACERS,11,B/LEAD,2,0,34.39,-34.39,0.0,-100.0
FieldSize,Geelong,2570,Mobile,PACERS,12,B/LEAD,2,0,15.88,-15.88,0.0,-100.0
FieldSize,Geelong,2570,Mobile,PACERS,6,B/LEAD,2,0,13.73,-13.73,0.0,-100.0
FieldSize,Geelong,2570,Mobile,PACERS,8,B/LEAD,1,0,5.56,-5.56,0.0,-100.0
FieldSize,Geelong,2570,Mobile,PACERS,9,B/LEAD,1,0,11.11,-11.11,0.0,-100.0
FieldSize,Geelong,2570,Mobile,PACERS,11,DEATH,2,0,26.92,-26.92,0.0,-100.0
FieldSize,Geelong,2570,Mobile,PACERS,12,DEATH,2,0,33.56,-33.56,0.0,-100.0
FieldSize,Geelong,2570,Mobile,PACERS,6,DEATH,2,0,62.04,-62.04,0.0,-100.0
FieldSize,Geelong,2570,Mobile,PACERS,8,DEATH,1,0,60.61,-60.61,0.0,-100.0
FieldSize,Geelong,2570,Mobile,PACERS,9,DEATH,1,0,26.32,-26.32,0.0,-100.0
FieldSize,Geelong,2570,Mobile,PACERS,11,LEAD,2,1,108.19,-8.19,50.0,-7.6
FieldSize,Geelong,2570,Mobile,PACERS,12,LEAD,2,2,105.98,94.02,100.0,88.7
FieldSize,Geelong,2570,Mobile,PACERS,6,LEAD,2,0,68.29,-68.29,0.0,-100.0
FieldSize,Geelong,2570,Mobile,PACERS,8,LEAD,1,1,20.0,80.0,100.0,400.0
FieldSize,Geelong,2570,Mobile,PACERS,9,LEAD,1,1,38.46,61.54,100.0,160.0
FieldSize,Geelong,2570,Mobile,TROTTERS,10,B/LEAD,1,0,64.52,-64.52,0.0,-100.0
FieldSize,Geelong,2570,Mobile,TROTTERS,11,B/LEAD,2,0,4.51,-4.51,0.0,-100.0
FieldSize,Geelong,2570,Mobile,TROTTERS,10,DEATH,1,0,0.66,-0.66,0.0,-100.0
FieldSize,Geelong,2570,Mobile,TROTTERS,11,DEATH,2,0,61.91,-61.91,0.0,-100.0
FieldSize,Geelong,2570,Mobile,TROTTERS,10,LEAD,1,1,40.0,60.0,100.0,150.0
FieldSize,Geelong,2570,Mobile,TROTTERS,11,LEAD,2,2,108.23,91.77,100.0,84.8
FieldSize,Geelong,2570,Stand,TROTTERS,10,B/LEAD,3,2,83.96,116.04,66.7,138.2
FieldSize,Geelong,2570,Stand,TROTTERS,11,B/LEAD,3,0,3.78,-3.78,0.0,-100.0
FieldSize,Geelong,2570,Stand,TROTTERS,12,B/LEAD,3,0,15.24,-15.24,0.0,-100.0
FieldSize,Geelong,2570,Stand,TROTTERS,6,B/LEAD,1,1,3.85,96.15,100.0,2497.4
FieldSize,Geelong,2570,Stand,TROTTERS,7,B/LEAD,2,0,40.33,-40.33,0.0,-100.0
FieldSize,Geelong,2570,Stand,TROTTERS,8,B/LEAD,6,1,78.15,21.85,16.7,28.0
FieldSize,Geelong,2570,Stand,TROTTERS,9,B/LEAD,4,0,32.42,-32.42,0.0,-100.0
FieldSize,Geelong,2570,Stand,TROTTERS,10,DEATH,3,0,90.37,-90.37,0.0,-100.0
FieldSize,Geelong,2570,Stand,TROTTERS,11,DEATH,3,1,61.69,38.31,33.3,62.1
FieldSize,Geelong,2570,Stand,TROTTERS,12,DEATH,3,1,90.53,9.47,33.3,10.5
FieldSize,Geelong,2570,Stand,TROTTERS,6,DEATH,1,0,60.61,-60.61,0.0,-100.0
FieldSize,Geelong,2570,Stand,TROTTERS,7,DEATH,2,1,59.48,40.52,50.0,68.1
FieldSize,Geelong,2570,Stand,TROTTERS,8,DEATH,6,1,124.7,-24.7,16.7,-19.8
FieldSize,Geelong,2570,Stand,TROTTERS,9,DEATH,4,1,86.12,13.88,25.0,16.1
FieldSize,Geelong,2570,Stand,TROTTERS,10,LEAD,3,1,49.07,50.93,33.3,103.8
FieldSize,Geelong,2570,Stand,TROTTERS,11,LEAD,3,0,12.45,-12.45,0.0,-100.0
FieldSize,Geelong,2570,Stand,TROTTERS,12,LEAD,3,0,26.19,-26.19,0.0,-100.0
FieldSize,Geelong,2570,Stand,TROTTERS,6,LEAD,1,0,10.53,-10.53,0.0,-100.0
FieldSize,Geelong,2570,Stand,TROTTERS,7,LEAD,2,1,46.43,53.57,50.0,115.4
FieldSize,Geelong,2570,Stand,TROTTERS,8,LEAD,6,3,119.13,180.87,50.0,151.8
FieldSize,Geelong,2570,Stand,TROTTERS,9,LEAD,4,1,80.37,19.63,25.0,24.4
FieldSize,Globe Derby Park,1385,Mobile,PACERS,5,B/LEAD,3,0,12.35,-12.35,0.0,-100.0
FieldSize,Globe Derby Park,1385,Mobile,PACERS,6,B/LEAD,10,1,158.36,-58.36,10.0,-36.9
FieldSize,Globe Derby Park,1385,Mobile,PACERS,5,DEATH,3,1,181.4,-81.4,33.3,-44.9
FieldSize,Globe Derby Park,1385,Mobile,PACERS,6,DEATH,10,1,261.49,-161.49,10.0,-61.8
FieldSize,Globe Derby Park,1385,Mobile,PACERS,5,LEAD,3,0,48.27,-48.27,0.0,-100.0
FieldSize,Globe Derby Park,1385,Mobile,PACERS,6,LEAD,10,2,333.85,-133.85,20.0,-40.1
FieldSize,Globe Derby Park,1800,Mobile,PACERS,10,B/LEAD,532,55,6859.34,-1359.34,10.3,-19.8
FieldSize,Globe Derby Park,1800,Mobile,PACERS,3,B/LEAD,3,2,121.26,78.74,66.7,64.9
FieldSize,Globe Derby Park,1800,Mobile,PACERS,4,B/LEAD,26,5,459.7,40.3,19.2,8.8
FieldSize,Globe Derby Park,1800,Mobile,PACERS,5,B/LEAD,114,8,1979.42,-1179.42,7.0,-59.6
FieldSize,Globe Derby Park,1800,Mobile,PACERS,6,B/LEAD,407,42,6024.23,-1824.23,10.3,-30.3
FieldSize,Globe Derby Park,1800,Mobile,PACERS,7,B/LEAD,469,37,6684.62,-2984.62,7.9,-44.6
FieldSize,Globe Derby Park,1800,Mobile,PACERS,8,B/LEAD,551,49,6750.74,-1850.74,8.9,-27.4
FieldSize,Globe Derby Park,1800,Mobile,PACERS,9,B/LEAD,486,52,5785.89,-585.89,10.7,-10.1
FieldSize,Globe Derby Park,1800,Mobile,PACERS,10,DEATH,531,79,9716.3,-1816.3,14.9,-18.7
FieldSize,Globe Derby Park,1800,Mobile,PACERS,4,DEATH,20,3,815.3,-515.3,15.0,-63.2
FieldSize,Globe Derby Park,1800,Mobile,PACERS,5,DEATH,107,24,3138.55,-738.55,22.4,-23.5
FieldSize,Globe Derby Park,1800,Mobile,PACERS,6,DEATH,395,75,10207.0,-2707.0,19.0,-26.5
FieldSize,Globe Derby Park,1800,Mobile,PACERS,7,DEATH,470,73,11294.31,-3994.31,15.5,-35.4
FieldSize,Globe Derby Park,1800,Mobile,PACERS,8,DEATH,547,73,12091.82,-4791.82,13.3,-39.6
FieldSize,Globe Derby Park,1800,Mobile,PACERS,9,DEATH,486,76,9654.79,-2054.79,15.6,-21.3
FieldSize,Globe Derby Park,1800,Mobile,PACERS,10,LEAD,533,213,14614.98,6685.02,40.0,45.7
FieldSize,Globe Derby Park,1800,Mobile,PACERS,3,LEAD,3,1,174.06,-74.06,33.3,-42.5
FieldSize,Globe Derby Park,1800,Mobile,PACERS,4,LEAD,26,14,1044.3,355.7,53.8,34.1
FieldSize,Globe Derby Park,1800,Mobile,PACERS,5,LEAD,115,55,4789.81,710.19,47.8,14.8
FieldSize,Globe Derby Park,1800,Mobile,PACERS,6,LEAD,408,181,14232.94,3867.06,44.4,27.2
FieldSize,Globe Derby Park,1800,Mobile,PACERS,7,LEAD,476,216,14849.16,6750.84,45.4,45.5
FieldSize,Globe Derby Park,1800,Mobile,PACERS,8,LEAD,552,233,16431.32,6868.68,42.2,41.8
FieldSize,Globe Derby Park,1800,Mobile,PACERS,9,LEAD,488,185,14258.12,4241.88,37.9,29.8
FieldSize,Globe Derby Park,1800,Mobile,TROTTERS,10,B/LEAD,10,2,99.31,100.69,20.0,101.4
FieldSize,Globe Derby Park,1800,Mobile,TROTTERS,2,B/LEAD,1,0,20.0,-20.0,0.0,-100.0
FieldSize,Globe Derby Park,1800,Mobile,TROTTERS,3,B/LEAD,2,0,45.68,-45.68,0.0,-100.0
FieldSize,Globe Derby Park,1800,Mobile,TROTTERS,4,B/LEAD,4,1,80.43,19.57,25.0,24.3
FieldSize,Globe Derby Park,1800,Mobile,TROTTERS,5,B/LEAD,5,1,114.19,-14.19,20.0,-12.4
FieldSize,Globe Derby Park,1800,Mobile,TROTTERS,6,B/LEAD,29,0,286.59,-286.59,0.0,-100.0
FieldSize,Globe Derby Park,1800,Mobile,TROTTERS,7,B/LEAD,27,5,491.17,8.83,18.5,1.8
FieldSize,Globe Derby Park,1800,Mobile,TROTTERS,8,B/LEAD,36,3,454.55,-154.55,8.3,-34.0
FieldSize,Globe Derby Park,1800,Mobile,TROTTERS,9,B/LEAD,21,5,319.48,180.52,23.8,56.5
FieldSize,Globe Derby Park,1800,Mobile,TROTTERS,10,DEATH,11,3,173.2,126.8,27.3,73.2
FieldSize,Globe Derby Park,1800,Mobile,TROTTERS,3,DEATH,1,0,35.71,-35.71,0.0,-100.0
FieldSize,Globe Derby Park,1800,Mobile,TROTTERS,4,DEATH,1,0,52.63,-52.63,0.0,-100.0
FieldSize,Globe Derby Park,1800,Mobile,TROTTERS,5,DEATH,4,2,158.0,42.0,50.0,26.6
FieldSize,Globe Derby Park,1800,Mobile,TROTTERS,6,DEATH,24,7,726.85,-26.85,29.2,-3.7
FieldSize,Globe Derby Park,1800,Mobile,TROTTERS,7,DEATH,25,3,483.03,-183.03,12.0,-37.9
FieldSize,Globe Derby Park,1800,Mobile,TROTTERS,8,DEATH,35,11,950.96,149.04,31.4,15.7
FieldSize,Globe Derby Park,1800,Mobile,TROTTERS,9,DEATH,21,1,341.67,-241.67,4.8,-70.7
FieldSize,Globe Derby Park,1800,Mobile,TROTTERS,10,LEAD,10,4,333.98,66.02,40.0,19.8
FieldSize,Globe Derby Park,1800,Mobile,TROTTERS,2,LEAD,1,1,86.96,13.04,100.0,15.0
FieldSize,Globe Derby Park,1800,Mobile,TROTTERS,3,LEAD,2,2,118.06,81.94,100.0,69.4
FieldSize,Globe Derby Park,1800,Mobile,TROTTERS,4,LEAD,4,3,96.74,203.26,75.0,210.1
FieldSize,Globe Derby Park,1800,Mobile,TROTTERS,5,LEAD,5,1,113.07,-13.07,20.0,-11.6
FieldSize,Globe Derby Park,1800,Mobile,TROTTERS,6,LEAD,30,15,725.97,674.03,50.0,92.8
FieldSize,Globe Derby Park,1800,Mobile,TROTTERS,7,LEAD,28,14,940.01,459.99,50.0,48.9
FieldSize,Globe Derby Park,1800,Mobile,TROTTERS,8,LEAD,36,14,1250.77,149.23,38.9,11.9
FieldSize,Globe Derby Park,1800,Mobile,TROTTERS,9,LEAD,21,9,529.89,370.11,42.9,69.8
FieldSize,Globe Derby Park,1800,Stand,TROTTERS,3,B/LEAD,1,0,50.0,-50.0,0.0,-100.0
FieldSize,Globe Derby Park,1800,Stand,TROTTERS,4,B/LEAD,4,1,108.3,-8.3,25.0,-7.7
FieldSize,Globe Derby Park,1800,Stand,TROTTERS,5,B/LEAD,1,0,51.28,-51.28,0.0,-100.0
FieldSize,Globe Derby Park,1800,Stand,TROTTERS,6,B/LEAD,2,0,14.97,-14.97,0.0,-100.0
FieldSize,Globe Derby Park,1800,Stand,TROTTERS,7,B/LEAD,1,1,41.67,58.33,100.0,140.0
FieldSize,Globe Derby Park,1800,Stand,TROTTERS,8,B/LEAD,1,0,6.67,-6.67,0.0,-100.0
FieldSize,Globe Derby Park,1800,Stand,TROTTERS,9,B/LEAD,2,0,13.59,-13.59,0.0,-100.0
FieldSize,Globe Derby Park,1800,Stand,TROTTERS,6,DEATH,1,0,22.73,-22.73,0.0,-100.0
FieldSize,Globe Derby Park,1800,Stand,TROTTERS,7,DEATH,1,0,3.85,-3.85,0.0,-100.0
FieldSize,Globe Derby Park,1800,Stand,TROTTERS,8,DEATH,1,0,38.46,-38.46,0.0,-100.0
FieldSize,Globe Derby Park,1800,Stand,TROTTERS,9,DEATH,2,0,46.88,-46.88,0.0,-100.0
FieldSize,Globe Derby Park,1800,Stand,TROTTERS,3,LEAD,1,1,47.62,52.38,100.0,110.0
FieldSize,Globe Derby Park,1800,Stand,TROTTERS,4,LEAD,4,3,226.49,73.51,75.0,32.5
FieldSize,Globe Derby Park,1800,Stand,TROTTERS,5,LEAD,2,2,114.72,85.28,100.0,74.3
FieldSize,Globe Derby Park,1800,Stand,TROTTERS,6,LEAD,2,1,73.11,26.89,50.0,36.8
FieldSize,Globe Derby Park,1800,Stand,TROTTERS,7,LEAD,2,1,58.97,41.03,50.0,69.6
FieldSize,Globe Derby Park,1800,Stand,TROTTERS,8,LEAD,1,0,0.79,-0.79,0.0,-100.0
FieldSize,Globe Derby Park,1800,Stand,TROTTERS,9,LEAD,2,1,14.35,85.65,50.0,596.9
FieldSize,Globe Derby Park,2230,Mobile,PACERS,10,B/LEAD,118,18,1475.86,324.14,15.3,22.0
FieldSize,Globe Derby Park,2230,Mobile,PACERS,3,B/LEAD,1,0,11.63,-11.63,0.0,-100.0
FieldSize,Globe Derby Park,2230,Mobile,PACERS,4,B/LEAD,3,1,48.65,51.35,33.3,105.5
FieldSize,Globe Derby Park,2230,Mobile,PACERS,5,B/LEAD,17,2,232.37,-32.37,11.8,-13.9
FieldSize,Globe Derby Park,2230,Mobile,PACERS,6,B/LEAD,90,9,1460.94,-560.94,10.0,-38.4
FieldSize,Globe Derby Park,2230,Mobile,PACERS,7,B/LEAD,88,8,1259.34,-459.34,9.1,-36.5
FieldSize,Globe Derby Park,2230,Mobile,PACERS,8,B/LEAD,104,8,1294.76,-494.76,7.7,-38.2
FieldSize,Globe Derby Park,2230,Mobile,PACERS,9,B/LEAD,88,15,1094.43,405.57,17.0,37.1
FieldSize,Globe Derby Park,2230,Mobile,PACERS,10,DEATH,117,21,2338.93,-238.93,17.9,-10.2
FieldSize,Globe Derby Park,2230,Mobile,PACERS,3,DEATH,1,0,28.57,-28.57,0.0,-100.0
FieldSize,Globe Derby Park,2230,Mobile,PACERS,4,DEATH,3,2,104.33,95.67,66.7,91.7
FieldSize,Globe Derby Park,2230,Mobile,PACERS,5,DEATH,16,4,434.51,-34.51,25.0,-7.9
FieldSize,Globe Derby Park,2230,Mobile,PACERS,6,DEATH,89,11,2157.99,-1057.99,12.4,-49.0
FieldSize,Globe Derby Park,2230,Mobile,PACERS,7,DEATH,85,12,2029.09,-829.09,14.1,-40.9
FieldSize,Globe Derby Park,2230,Mobile,PACERS,8,DEATH,104,13,2233.78,-933.78,12.5,-41.8
FieldSize,Globe Derby Park,2230,Mobile,PACERS,9,DEATH,90,14,1700.6,-300.6,15.6,-17.7
FieldSize,Globe Derby Park,2230,Mobile,PACERS,10,LEAD,119,40,3244.46,755.54,33.6,23.3
FieldSize,Globe Derby Park,2230,Mobile,PACERS,3,LEAD,1,1,83.33,16.67,100.0,20.0
FieldSize,Globe Derby Park,2230,Mobile,PACERS,4,LEAD,3,0,105.16,-105.16,0.0,-100.0
FieldSize,Globe Derby Park,2230,Mobile,PACERS,5,LEAD,17,10,921.22,78.78,58.8,8.6
FieldSize,Globe Derby Park,2230,Mobile,PACERS,6,LEAD,90,40,2843.8,1156.2,44.4,40.7
FieldSize,Globe Derby Park,2230,Mobile,PACERS,7,LEAD,88,40,3047.21,952.79,45.5,31.3
FieldSize,Globe Derby Park,2230,Mobile,PACERS,8,LEAD,103,41,3097.14,1002.86,39.8,32.4
FieldSize,Globe Derby Park,2230,Mobile,PACERS,9,LEAD,90,34,2748.71,651.29,37.8,23.7
FieldSize,Globe Derby Park,2230,Mobile,TROTTERS,10,B/LEAD,44,4,404.64,-4.64,9.1,-1.1
FieldSize,Globe Derby Park,2230,Mobile,TROTTERS,3,B/LEAD,1,1,40.0,60.0,100.0,150.0
FieldSize,Globe Derby Park,2230,Mobile,TROTTERS,4,B/LEAD,4,2,145.81,54.19,50.0,37.2
FieldSize,Globe Derby Park,2230,Mobile,TROTTERS,5,B/LEAD,15,1,239.25,-139.25,6.7,-58.2
FieldSize,Globe Derby Park,2230,Mobile,TROTTERS,6,B/LEAD,45,5,714.62,-214.62,11.1,-30.0
FieldSize,Globe Derby Park,2230,Mobile,TROTTERS,7,B/LEAD,52,7,650.16,49.84,13.5,7.7
FieldSize,Globe Derby Park,2230,Mobile,TROTTERS,8,B/LEAD,34,3,432.72,-132.72,8.8,-30.7
FieldSize,Globe Derby Park,2230,Mobile,TROTTERS,9,B/LEAD,45,3,511.48,-211.48,6.7,-41.3
FieldSize,Globe Derby Park,2230,Mobile,TROTTERS,10,DEATH,44,4,912.89,-512.89,9.1,-56.2
FieldSize,Globe Derby Park,2230,Mobile,TROTTERS,4,DEATH,2,0,52.64,-52.64,0.0,-100.0
FieldSize,Globe Derby Park,2230,Mobile,TROTTERS,5,DEATH,14,6,365.7,234.3,42.9,64.1
FieldSize,Globe Derby Park,2230,Mobile,TROTTERS,6,DEATH,45,7,1086.67,-386.67,15.6,-35.6
FieldSize,Globe Derby Park,2230,Mobile,TROTTERS,7,DEATH,53,9,1382.53,-482.53,17.0,-34.9
FieldSize,Globe Derby Park,2230,Mobile,TROTTERS,8,DEATH,34,9,785.24,114.76,26.5,14.6
FieldSize,Globe Derby Park,2230,Mobile,TROTTERS,9,DEATH,45,5,860.66,-360.66,11.1,-41.9
FieldSize,Globe Derby Park,2230,Mobile,TROTTERS,10,LEAD,44,16,1016.93,583.07,36.4,57.3
FieldSize,Globe Derby Park,2230,Mobile,TROTTERS,3,LEAD,1,0,62.5,-62.5,0.0,-100.0
FieldSize,Globe Derby Park,2230,Mobile,TROTTERS,4,LEAD,5,3,253.51,46.49,60.0,18.3
FieldSize,Globe Derby Park,2230,Mobile,TROTTERS,5,LEAD,15,4,470.45,-70.45,26.7,-15.0
FieldSize,Globe Derby Park,2230,Mobile,TROTTERS,6,LEAD,46,18,1398.88,401.12,39.1,28.7
FieldSize,Globe Derby Park,2230,Mobile,TROTTERS,7,LEAD,51,19,1463.11,436.89,37.3,29.9
FieldSize,Globe Derby Park,2230,Mobile,TROTTERS,8,LEAD,35,12,997.8,202.2,34.3,20.3
FieldSize,Globe Derby Park,2230,Mobile,TROTTERS,9,LEAD,45,16,1170.5,429.5,35.6,36.7
FieldSize,Globe Derby Park,2230,Stand,PACERS,10,B/LEAD,3,0,29.45,-29.45,0.0,-100.0
FieldSize,Globe Derby Park,2230,Stand,PACERS,4,B/LEAD,1,0,15.38,-15.38,0.0,-100.0
FieldSize,Globe Derby Park,2230,Stand,PACERS,5,B/LEAD,2,0,48.93,-48.93,0.0,-100.0
FieldSize,Globe Derby Park,2230,Stand,PACERS,6,B/LEAD,7,0,81.81,-81.81,0.0,-100.0
FieldSize,Globe Derby Park,2230,Stand,PACERS,7,B/LEAD,8,2,123.28,76.72,25.0,62.2
FieldSize,Globe Derby Park,2230,Stand,PACERS,8,B/LEAD,3,2,51.67,148.33,66.7,287.1
FieldSize,Globe Derby Park,2230,Stand,PACERS,9,B/LEAD,1,0,10.53,-10.53,0.0,-100.0
FieldSize,Globe Derby Park,2230,Stand,PACERS,10,DEATH,3,0,38.8,-38.8,0.0,-100.0
FieldSize,Globe Derby Park,2230,Stand,PACERS,5,DEATH,1,0,11.36,-11.36,0.0,-100.0
FieldSize,Globe Derby Park,2230,Stand,PACERS,6,DEATH,7,0,134.74,-134.74,0.0,-100.0
FieldSize,Globe Derby Park,2230,Stand,PACERS,7,DEATH,8,1,163.83,-63.83,12.5,-39.0
FieldSize,Globe Derby Park,2230,Stand,PACERS,8,DEATH,3,0,72.82,-72.82,0.0,-100.0
FieldSize,Globe Derby Park,2230,Stand,PACERS,9,DEATH,1,0,43.48,-43.48,0.0,-100.0
FieldSize,Globe Derby Park,2230,Stand,PACERS,10,LEAD,3,2,61.62,138.38,66.7,224.6
FieldSize,Globe Derby Park,2230,Stand,PACERS,4,LEAD,1,1,51.28,48.72,100.0,95.0
FieldSize,Globe Derby Park,2230,Stand,PACERS,5,LEAD,2,2,67.34,132.66,100.0,197.0
FieldSize,Globe Derby Park,2230,Stand,PACERS,6,LEAD,7,5,191.94,308.06,71.4,160.5
FieldSize,Globe Derby Park,2230,Stand,PACERS,7,LEAD,8,3,155.14,144.86,37.5,93.4
FieldSize,Globe Derby Park,2230,Stand,PACERS,8,LEAD,3,0,71.11,-71.11,0.0,-100.0
FieldSize,Globe Derby Park,2230,Stand,PACERS,9,LEAD,1,1,20.83,79.17,100.0,380.1
FieldSize,Globe Derby Park,2230,Stand,TROTTERS,10,B/LEAD,42,7,585.23,114.77,16.7,19.6
FieldSize,Globe Derby Park,2230,Stand,TROTTERS,11,B/LEAD,32,8,364.22,435.78,25.0,119.6
FieldSize,Globe Derby Park,2230,Stand,TROTTERS,12,B/LEAD,29,3,344.98,-44.98,10.3,-13.0
FieldSize,Globe Derby Park,2230,Stand,TROTTERS,3,B/LEAD,1,0,58.82,-58.82,0.0,-100.0
FieldSize,Globe Derby Park,2230,Stand,TROTTERS,4,B/LEAD,3,0,111.12,-111.12,0.0,-100.0
FieldSize,Globe Derby Park,2230,Stand,TROTTERS,5,B/LEAD,18,7,295.12,404.88,38.9,137.2
FieldSize,Globe Derby Park,2230,Stand,TROTTERS,6,B/LEAD,82,16,1425.54,174.46,19.5,12.2
FieldSize,Globe Derby Park,2230,Stand,TROTTERS,7,B/LEAD,88,10,1147.2,-147.2,11.4,-12.8
FieldSize,Globe Derby Park,2230,Stand,TROTTERS,8,B/LEAD,98,12,1383.16,-183.16,12.2,-13.2
FieldSize,Globe Derby Park,2230,Stand,TROTTERS,9,B/LEAD,60,6,746.97,-146.97,10.0,-19.7
FieldSize,Globe Derby Park,2230,Stand,TROTTERS,10,DEATH,42,8,824.75,-24.75,19.0,-3.0
FieldSize,Globe Derby Park,2230,Stand,TROTTERS,11,DEATH,32,4,499.53,-99.53,12.5,-19.9
FieldSize,Globe Derby Park,2230,Stand,TROTTERS,12,DEATH,29,3,499.31,-199.31,10.3,-39.9
FieldSize,Globe Derby Park,2230,Stand,TROTTERS,4,DEATH,2,0,22.29,-22.29,0.0,-100.0
FieldSize,Globe Derby Park,2230,Stand,TROTTERS,5,DEATH,12,1,411.07,-311.07,8.3,-75.7
FieldSize,Globe Derby Park,2230,Stand,TROTTERS,6,DEATH,67,11,1719.55,-619.55,16.4,-36.0
FieldSize,Globe Derby Park,2230,Stand,TROTTERS,7,DEATH,85,13,1493.88,-193.88,15.3,-13.0
FieldSize,Globe Derby Park,2230,Stand,TROTTERS,8,DEATH,92,13,1695.91,-395.91,14.1,-23.3
FieldSize,Globe Derby Park,2230,Stand,TROTTERS,9,DEATH,57,7,743.3,-43.3,12.3,-5.8
FieldSize,Globe Derby Park,2230,Stand,TROTTERS,10,LEAD,43,12,717.53,482.47,27.9,67.2
FieldSize,Globe Derby Park,2230,Stand,TROTTERS,11,LEAD,32,13,450.9,849.1,40.6,188.3
FieldSize,Globe Derby Park,2230,Stand,TROTTERS,12,LEAD,29,12,533.95,666.05,41.4,124.7
FieldSize,Globe Derby Park,2230,Stand,TROTTERS,3,LEAD,1,1,38.46,61.54,100.0,160.0
FieldSize,Globe Derby Park,2230,Stand,TROTTERS,4,LEAD,3,3,108.17,191.83,100.0,177.3
FieldSize,Globe Derby Park,2230,Stand,TROTTERS,5,LEAD,18,9,558.29,341.71,50.0,61.2
FieldSize,Globe Derby Park,2230,Stand,TROTTERS,6,LEAD,82,38,2265.47,1534.53,46.3,67.7
FieldSize,Globe Derby Park,2230,Stand,TROTTERS,7,LEAD,89,35,2270.52,1229.48,39.3,54.1
FieldSize,Globe Derby Park,2230,Stand,TROTTERS,8,LEAD,98,52,2429.53,2770.47,53.1,114.0
FieldSize,Globe Derby Park,2230,Stand,TROTTERS,9,LEAD,60,27,1335.11,1364.89,45.0,102.2
FieldSize,Globe Derby Park,2645,Mobile,PACERS,10,B/LEAD,9,2,92.4,107.6,22.2,116.5
FieldSize,Globe Derby Park,2645,Mobile,PACERS,5,B/LEAD,1,0,2.94,-2.94,0.0,-100.0
FieldSize,Globe Derby Park,2645,Mobile,PACERS,6,B/LEAD,2,1,25.17,74.83,50.0,297.3
FieldSize,Globe Derby Park,2645,Mobile,PACERS,7,B/LEAD,2,1,57.62,42.38,50.0,73.6
FieldSize,Globe Derby Park,2645,Mobile,PACERS,9,B/LEAD,2,0,3.94,-3.94,0.0,-100.0
FieldSize,Globe Derby Park,2645,Mobile,PACERS,10,DEATH,9,1,176.25,-76.25,11.1,-43.3
FieldSize,Globe Derby Park,2645,Mobile,PACERS,5,DEATH,1,0,66.67,-66.67,0.0,-100.0
FieldSize,Globe Derby Park,2645,Mobile,PACERS,6,DEATH,2,0,55.71,-55.71,0.0,-100.0
FieldSize,Globe Derby Park,2645,Mobile,PACERS,7,DEATH,2,0,32.89,-32.89,0.0,-100.0
FieldSize,Globe Derby Park,2645,Mobile,PACERS,9,DEATH,2,0,27.24,-27.24,0.0,-100.0
FieldSize,Globe Derby Park,2645,Mobile,PACERS,10,LEAD,9,6,432.04,167.96,66.7,38.9
FieldSize,Globe Derby Park,2645,Mobile,PACERS,5,LEAD,1,0,7.14,-7.14,0.0,-100.0
FieldSize,Globe Derby Park,2645,Mobile,PACERS,6,LEAD,2,1,72.94,27.06,50.0,37.1
FieldSize,Globe Derby Park,2645,Mobile,PACERS,7,LEAD,2,1,33.26,66.74,50.0,200.7
FieldSize,Globe Derby Park,2645,Mobile,PACERS,9,LEAD,2,1,100.78,-0.78,50.0,-0.8
FieldSize,Globe Derby Park,2645,Stand,TROTTERS,10,B/LEAD,3,0,21.33,-21.33,0.0,-100.0
FieldSize,Globe Derby Park,2645,Stand,TROTTERS,11,B/LEAD,5,0,58.92,-58.92,0.0,-100.0
FieldSize,Globe Derby Park,2645,Stand,TROTTERS,12,B/LEAD,6,1,25.7,74.3,16.7,289.1
FieldSize,Globe Derby Park,2645,Stand,TROTTERS,5,B/LEAD,1,0,8.47,-8.47,0.0,-100.0
FieldSize,Globe Derby Park,2645,Stand,TROTTERS,6,B/LEAD,9,1,120.44,-20.44,11.1,-17.0
FieldSize,Globe Derby Park,2645,Stand,TROTTERS,7,B/LEAD,7,0,140.78,-140.78,0.0,-100.0
FieldSize,Globe Derby Park,2645,Stand,TROTTERS,8,B/LEAD,7,1,56.15,43.85,14.3,78.1
FieldSize,Globe Derby Park,2645,Stand,TROTTERS,9,B/LEAD,1,0,20.0,-20.0,0.0,-100.0
FieldSize,Globe Derby Park,2645,Stand,TROTTERS,10,DEATH,3,0,42.71,-42.71,0.0,-100.0
FieldSize,Globe Derby Park,2645,Stand,TROTTERS,11,DEATH,5,1,92.98,7.02,20.0,7.6
FieldSize,Globe Derby Park,2645,Stand,TROTTERS,12,DEATH,6,1,94.78,5.22,16.7,5.5
FieldSize,Globe Derby Park,2645,Stand,TROTTERS,6,DEATH,9,2,265.77,-65.77,22.2,-24.7
FieldSize,Globe Derby Park,2645,Stand,TROTTERS,7,DEATH,7,1,166.99,-66.99,14.3,-40.1
FieldSize,Globe Derby Park,2645,Stand,TROTTERS,8,DEATH,7,2,156.39,43.61,28.6,27.9
FieldSize,Globe Derby Park,2645,Stand,TROTTERS,9,DEATH,1,0,1.96,-1.96,0.0,-100.0
FieldSize,Globe Derby Park,2645,Stand,TROTTERS,10,LEAD,3,1,28.54,71.46,33.3,250.4
FieldSize,Globe Derby Park,2645,Stand,TROTTERS,11,LEAD,5,1,66.39,33.61,20.0,50.6
FieldSize,Globe Derby Park,2645,Stand,TROTTERS,12,LEAD,6,1,74.6,25.4,16.7,34.0
FieldSize,Globe Derby Park,2645,Stand,TROTTERS,5,LEAD,1,1,62.5,37.5,100.0,60.0
FieldSize,Globe Derby Park,2645,Stand,TROTTERS,6,LEAD,9,4,159.75,240.25,44.4,150.4
FieldSize,Globe Derby Park,2645,Stand,TROTTERS,7,LEAD,7,3,103.72,196.28,42.9,189.2
FieldSize,Globe Derby Park,2645,Stand,TROTTERS,8,LEAD,7,3,208.25,91.75,42.9,44.1
FieldSize,Globe Derby Park,2645,Stand,TROTTERS,9,LEAD,1,0,31.25,-31.25,0.0,-100.0
FieldSize,Gloucester Park,1730,Mobile,PACERS,10,B/LEAD,67,2,785.04,-585.04,3.0,-74.5
FieldSize,Gloucester Park,1730,Mobile,PACERS,11,B/LEAD,53,6,663.26,-63.26,11.3,-9.5
FieldSize,Gloucester Park,1730,Mobile,PACERS,12,B/LEAD,78,5,914.72,-414.72,6.4,-45.3
FieldSize,Gloucester Park,1730,Mobile,PACERS,2,B/LEAD,1,0,11.76,-11.76,0.0,-100.0
FieldSize,Gloucester Park,1730,Mobile,PACERS,3,B/LEAD,1,0,11.11,-11.11,0.0,-100.0
FieldSize,Gloucester Park,1730,Mobile,PACERS,4,B/LEAD,9,0,155.55,-155.55,0.0,-100.0
FieldSize,Gloucester Park,1730,Mobile,PACERS,5,B/LEAD,18,1,251.83,-151.83,5.6,-60.3
FieldSize,Gloucester Park,1730,Mobile,PACERS,6,B/LEAD,30,3,514.58,-214.58,10.0,-41.7
FieldSize,Gloucester Park,1730,Mobile,PACERS,7,B/LEAD,55,3,712.52,-412.52,5.5,-57.9
FieldSize,Gloucester Park,1730,Mobile,PACERS,8,B/LEAD,79,4,831.16,-431.16,5.1,-51.9
FieldSize,Gloucester Park,1730,Mobile,PACERS,9,B/LEAD,52,3,598.23,-298.23,5.8,-49.9
FieldSize,Gloucester Park,1730,Mobile,PACERS,10,DEATH,67,8,1288.59,-488.59,11.9,-37.9
FieldSize,Gloucester Park,1730,Mobile,PACERS,11,DEATH,53,7,882.64,-182.64,13.2,-20.7
FieldSize,Gloucester Park,1730,Mobile,PACERS,12,DEATH,79,13,1248.59,51.41,16.5,4.1
FieldSize,Gloucester Park,1730,Mobile,PACERS,4,DEATH,3,1,166.32,-66.32,33.3,-39.9
FieldSize,Gloucester Park,1730,Mobile,PACERS,5,DEATH,12,4,612.42,-212.42,33.3,-34.7
FieldSize,Gloucester Park,1730,Mobile,PACERS,6,DEATH,25,4,683.44,-283.44,16.0,-41.5
FieldSize,Gloucester Park,1730,Mobile,PACERS,7,DEATH,54,7,1272.25,-572.25,13.0,-45.0
FieldSize,Gloucester Park,1730,Mobile,PACERS,8,DEATH,79,13,1929.63,-629.63,16.5,-32.6
FieldSize,Gloucester Park,1730,Mobile,PACERS,9,DEATH,52,5,1123.28,-623.28,9.6,-55.5
FieldSize,Gloucester Park,1730,Mobile,PACERS,10,LEAD,67,36,2453.63,1146.37,53.7,46.7
FieldSize,Gloucester Park,1730,Mobile,PACERS,11,LEAD,53,18,1536.36,263.64,34.0,17.2
FieldSize,Gloucester Park,1730,Mobile,PACERS,12,LEAD,78,33,2309.18,990.82,42.3,42.9
FieldSize,Gloucester Park,1730,Mobile,PACERS,2,LEAD,1,1,93.46,6.54,100.0,7.0
FieldSize,Gloucester Park,1730,Mobile,PACERS,3,LEAD,1,1,97.09,2.91,100.0,3.0
FieldSize,Gloucester Park,1730,Mobile,PACERS,4,LEAD,9,8,521.07,278.93,88.9,53.5
FieldSize,Gloucester Park,1730,Mobile,PACERS,5,LEAD,18,11,830.06,269.94,61.1,32.5
FieldSize,Gloucester Park,1730,Mobile,PACERS,6,LEAD,30,14,1383.04,16.96,46.7,1.2
FieldSize,Gloucester Park,1730,Mobile,PACERS,7,LEAD,55,30,2431.74,568.26,54.5,23.4
FieldSize,Gloucester Park,1730,Mobile,PACERS,8,LEAD,79,36,2823.94,776.06,45.6,27.5
FieldSize,Gloucester Park,1730,Mobile,PACERS,9,LEAD,52,26,1771.27,828.73,50.0,46.8
FieldSize,Gloucester Park,1730,Mobile,TROTTERS,10,B/LEAD,1,0,6.25,-6.25,0.0,-100.0
FieldSize,Gloucester Park,1730,Mobile,TROTTERS,12,B/LEAD,1,1,23.81,76.19,100.0,320.0
FieldSize,Gloucester Park,1730,Mobile,TROTTERS,8,B/LEAD,2,0,31.91,-31.91,0.0,-100.0
FieldSize,Gloucester Park,1730,Mobile,TROTTERS,9,B/LEAD,1,0,8.33,-8.33,0.0,-100.0
FieldSize,Gloucester Park,1730,Mobile,TROTTERS,10,DEATH,1,0,52.63,-52.63,0.0,-100.0
FieldSize,Gloucester Park,1730,Mobile,TROTTERS,12,DEATH,1,0,12.5,-12.5,0.0,-100.0
FieldSize,Gloucester Park,1730,Mobile,TROTTERS,8,DEATH,2,0,16.23,-16.23,0.0,-100.0
FieldSize,Gloucester Park,1730,Mobile,TROTTERS,9,DEATH,1,0,75.76,-75.76,0.0,-100.0
FieldSize,Gloucester Park,1730,Mobile,TROTTERS,10,LEAD,1,1,5.26,94.74,100.0,1801.1
FieldSize,Gloucester Park,1730,Mobile,TROTTERS,12,LEAD,1,0,7.14,-7.14,0.0,-100.0
FieldSize,Gloucester Park,1730,Mobile,TROTTERS,8,LEAD,2,2,54.76,145.24,100.0,265.2
FieldSize,Gloucester Park,1730,Mobile,TROTTERS,9,LEAD,1,0,15.38,-15.38,0.0,-100.0
FieldSize,Gloucester Park,2096,Stand,PACERS,10,B/LEAD,1,0,1.1,-1.1,0.0,-100.0
FieldSize,Gloucester Park,2096,Stand,PACERS,9,B/LEAD,1,0,6.67,-6.67,0.0,-100.0
FieldSize,Gloucester Park,2096,Stand,PACERS,10,DEATH,1,0,26.32,-26.32,0.0,-100.0
FieldSize,Gloucester Park,2096,Stand,PACERS,9,DEATH,1,0,16.67,-16.67,0.0,-100.0
FieldSize,Gloucester Park,2096,Stand,PACERS,10,LEAD,1,1,16.67,83.33,100.0,499.9
FieldSize,Gloucester Park,2096,Stand,PACERS,9,LEAD,1,0,2.44,-2.44,0.0,-100.0
FieldSize,Gloucester Park,2096,Stand,TROTTERS,10,B/LEAD,2,1,58.55,41.45,50.0,70.8
FieldSize,Gloucester Park,2096,Stand,TROTTERS,12,B/LEAD,1,0,4.35,-4.35,0.0,-100.0
FieldSize,Gloucester Park,2096,Stand,TROTTERS,5,B/LEAD,1,1,72.46,27.54,100.0,38.0
FieldSize,Gloucester Park,2096,Stand,TROTTERS,6,B/LEAD,3,0,37.11,-37.11,0.0,-100.0
FieldSize,Gloucester Park,2096,Stand,TROTTERS,7,B/LEAD,2,0,23.85,-23.85,0.0,-100.0
FieldSize,Gloucester Park,2096,Stand,TROTTERS,8,B/LEAD,2,1,25.0,75.0,50.0,300.0
FieldSize,Gloucester Park,2096,Stand,TROTTERS,9,B/LEAD,2,0,13.85,-13.85,0.0,-100.0
FieldSize,Gloucester Park,2096,Stand,TROTTERS,10,DEATH,2,1,8.92,91.08,50.0,1021.1
FieldSize,Gloucester Park,2096,Stand,TROTTERS,11,DEATH,1,0,31.25,-31.25,0.0,-100.0
FieldSize,Gloucester Park,2096,Stand,TROTTERS,12,DEATH,1,0,4.35,-4.35,0.0,-100.0
FieldSize,Gloucester Park,2096,Stand,TROTTERS,6,DEATH,2,0,78.43,-78.43,0.0,-100.0
FieldSize,Gloucester Park,2096,Stand,TROTTERS,7,DEATH,2,1,70.38,29.62,50.0,42.1
FieldSize,Gloucester Park,2096,Stand,TROTTERS,8,DEATH,2,1,81.94,18.06,50.0,22.0
FieldSize,Gloucester Park,2096,Stand,TROTTERS,9,DEATH,2,0,39.53,-39.53,0.0,-100.0
FieldSize,Gloucester Park,2096,Stand,TROTTERS,10,LEAD,2,0,104.34,-104.34,0.0,-100.0
FieldSize,Gloucester Park,2096,Stand,TROTTERS,11,LEAD,1,0,14.29,-14.29,0.0,-100.0
FieldSize,Gloucester Park,2096,Stand,TROTTERS,12,LEAD,1,0,29.41,-29.41,0.0,-100.0
FieldSize,Gloucester Park,2096,Stand,TROTTERS,5,LEAD,1,0,3.85,-3.85,0.0,-100.0
FieldSize,Gloucester Park,2096,Stand,TROTTERS,6,LEAD,3,0,91.05,-91.05,0.0,-100.0
FieldSize,Gloucester Park,2096,Stand,TROTTERS,7,LEAD,2,1,105.24,-5.24,50.0,-5.0
FieldSize,Gloucester Park,2096,Stand,TROTTERS,8,LEAD,2,0,65.61,-65.61,0.0,-100.0
FieldSize,Gloucester Park,2096,Stand,TROTTERS,9,LEAD,2,1,81.94,18.06,50.0,22.0
FieldSize,Gloucester Park,2130,Mobile,PACERS,10,B/LEAD,405,29,4411.44,-1511.44,7.2,-34.3
FieldSize,Gloucester Park,2130,Mobile,PACERS,11,B/LEAD,462,32,5134.59,-1934.59,6.9,-37.7
FieldSize,Gloucester Park,2130,Mobile,PACERS,12,B/LEAD,557,23,5566.63,-3266.63,4.1,-58.7
FieldSize,Gloucester Park,2130,Mobile,PACERS,4,B/LEAD,4,0,45.08,-45.08,0.0,-100.0
FieldSize,Gloucester Park,2130,Mobile,PACERS,5,B/LEAD,33,3,464.6,-164.6,9.1,-35.4
FieldSize,Gloucester Park,2130,Mobile,PACERS,6,B/LEAD,95,5,1588.94,-1088.94,5.3,-68.5
FieldSize,Gloucester Park,2130,Mobile,PACERS,7,B/LEAD,240,20,3146.65,-1146.65,8.3,-36.4
FieldSize,Gloucester Park,2130,Mobile,PACERS,8,B/LEAD,373,30,4102.33,-1102.33,8.0,-26.9
FieldSize,Gloucester Park,2130,Mobile,PACERS,9,B/LEAD,408,20,4721.6,-2721.6,4.9,-57.6
FieldSize,Gloucester Park,2130,Mobile,PACERS,10,DEATH,404,55,8152.19,-2652.19,13.6,-32.5
FieldSize,Gloucester Park,2130,Mobile,PACERS,11,DEATH,462,55,8314.04,-2814.04,11.9,-33.8
FieldSize,Gloucester Park,2130,Mobile,PACERS,12,DEATH,556,70,10316.83,-3316.83,12.6,-32.1
FieldSize,Gloucester Park,2130,Mobile,PACERS,4,DEATH,2,0,78.06,-78.06,0.0,-100.0
FieldSize,Gloucester Park,2130,Mobile,PACERS,5,DEATH,29,6,946.49,-346.49,20.7,-36.6
FieldSize,Gloucester Park,2130,Mobile,PACERS,6,DEATH,80,13,1937.07,-637.07,16.2,-32.9
FieldSize,Gloucester Park,2130,Mobile,PACERS,7,DEATH,234,37,5725.33,-2025.33,15.8,-35.4
FieldSize,Gloucester Park,2130,Mobile,PACERS,8,DEATH,373,49,8587.74,-3687.74,13.1,-42.9
FieldSize,Gloucester Park,2130,Mobile,PACERS,9,DEATH,410,63,9450.04,-3150.04,15.4,-33.3
FieldSize,Gloucester Park,2130,Mobile,PACERS,10,LEAD,401,206,16306.27,4293.73,51.4,26.3
FieldSize,Gloucester Park,2130,Mobile,PACERS,11,LEAD,460,228,18043.75,4756.25,49.6,26.4
FieldSize,Gloucester Park,2130,Mobile,PACERS,12,LEAD,555,269,19655.87,7244.13,48.5,36.9
FieldSize,Gloucester Park,2130,Mobile,PACERS,4,LEAD,4,4,292.48,107.52,100.0,36.8
FieldSize,Gloucester Park,2130,Mobile,PACERS,5,LEAD,33,21,1688.68,411.32,63.6,24.4
FieldSize,Gloucester Park,2130,Mobile,PACERS,6,LEAD,96,58,5046.52,753.48,60.4,14.9
FieldSize,Gloucester Park,2130,Mobile,PACERS,7,LEAD,241,137,11285.74,2414.26,56.8,21.4
FieldSize,Gloucester Park,2130,Mobile,PACERS,8,LEAD,373,204,16435.97,3964.03,54.7,24.1
FieldSize,Gloucester Park,2130,Mobile,PACERS,9,LEAD,408,199,16636.55,3263.45,48.8,19.6
FieldSize,Gloucester Park,2130,Mobile,TROTTERS,10,B/LEAD,1,0,0.79,-0.79,0.0,-100.0
FieldSize,Gloucester Park,2130,Mobile,TROTTERS,4,B/LEAD,1,1,52.63,47.37,100.0,90.0
FieldSize,Gloucester Park,2130,Mobile,TROTTERS,5,B/LEAD,2,0,12.75,-12.75,0.0,-100.0
FieldSize,Gloucester Park,2130,Mobile,TROTTERS,7,B/LEAD,11,1,127.33,-27.33,9.1,-21.5
FieldSize,Gloucester Park,2130,Mobile,TROTTERS,8,B/LEAD,11,1,125.85,-25.85,9.1,-20.5
FieldSize,Gloucester Park,2130,Mobile,TROTTERS,9,B/LEAD,9,1,90.19,9.81,11.1,10.9
FieldSize,Gloucester Park,2130,Mobile,TROTTERS,10,DEATH,1,0,11.11,-11.11,0.0,-100.0
FieldSize,Gloucester Park,2130,Mobile,TROTTERS,4,DEATH,1,0,6.25,-6.25,0.0,-100.0
FieldSize,Gloucester Park,2130,Mobile,TROTTERS,5,DEATH,2,0,54.48,-54.48,0.0,-100.0
FieldSize,Gloucester Park,2130,Mobile,TROTTERS,7,DEATH,11,2,311.32,-111.32,18.2,-35.8
FieldSize,Gloucester Park,2130,Mobile,TROTTERS,8,DEATH,11,0,111.49,-111.49,0.0,-100.0
FieldSize,Gloucester Park,2130,Mobile,TROTTERS,9,DEATH,9,3,155.8,144.2,33.3,92.6
FieldSize,Gloucester Park,2130,Mobile,TROTTERS,10,LEAD,1,1,10.0,90.0,100.0,900.0
FieldSize,Gloucester Park,2130,Mobile,TROTTERS,4,LEAD,1,0,37.74,-37.74,0.0,-100.0
FieldSize,Gloucester Park,2130,Mobile,TROTTERS,5,LEAD,2,1,73.11,26.89,50.0,36.8
FieldSize,Gloucester Park,2130,Mobile,TROTTERS,7,LEAD,11,7,494.94,205.06,63.6,41.4
FieldSize,Gloucester Park,2130,Mobile,TROTTERS,8,LEAD,11,8,512.54,287.46,72.7,56.1
FieldSize,Gloucester Park,2130,Mobile,TROTTERS,9,LEAD,9,2,166.75,33.25,22.2,19.9
FieldSize,Gloucester Park,2503,Stand,PACERS,10,B/LEAD,15,1,117.49,-17.49,6.7,-14.9
FieldSize,Gloucester Park,2503,Stand,PACERS,11,B/LEAD,19,1,100.45,-0.45,5.3,-0.4
FieldSize,Gloucester Park,2503,Stand,PACERS,12,B/LEAD,7,0,32.41,-32.41,0.0,-100.0
FieldSize,Gloucester Park,2503,Stand,PACERS,7,B/LEAD,3,0,15.99,-15.99,0.0,-100.0
FieldSize,Gloucester Park,2503,Stand,PACERS,8,B/LEAD,11,1,100.36,-0.36,9.1,-0.4
FieldSize,Gloucester Park,2503,Stand,PACERS,9,B/LEAD,11,1,93.67,6.33,9.1,6.8
FieldSize,Gloucester Park,2503,Stand,PACERS,10,DEATH,15,3,339.51,-39.51,20.0,-11.6
FieldSize,Gloucester Park,2503,Stand,PACERS,11,DEATH,18,4,421.16,-21.16,22.2,-5.0
FieldSize,Gloucester Park,2503,Stand,PACERS,12,DEATH,7,0,241.65,-241.65,0.0,-100.0
FieldSize,Gloucester Park,2503,Stand,PACERS,7,DEATH,3,0,127.27,-127.27,0.0,-100.0
FieldSize,Gloucester Park,2503,Stand,PACERS,8,DEATH,10,2,215.87,-15.87,20.0,-7.4
FieldSize,Gloucester Park,2503,Stand,PACERS,9,DEATH,11,1,311.7,-211.7,9.1,-67.9
FieldSize,Gloucester Park,2503,Stand,PACERS,10,LEAD,15,5,385.02,114.98,33.3,29.9
FieldSize,Gloucester Park,2503,Stand,PACERS,11,LEAD,19,9,457.14,442.86,47.4,96.9
FieldSize,Gloucester Park,2503,Stand,PACERS,12,LEAD,7,5,144.53,355.47,71.4,245.9
FieldSize,Gloucester Park,2503,Stand,PACERS,7,LEAD,3,2,108.25,91.75,66.7,84.8
FieldSize,Gloucester Park,2503,Stand,PACERS,8,LEAD,11,5,282.89,217.11,45.5,76.7
FieldSize,Gloucester Park,2503,Stand,PACERS,9,LEAD,11,6,306.82,293.18,54.5,95.6
FieldSize,Gloucester Park,2503,Stand,TROTTERS,10,B/LEAD,7,1,81.91,18.09,14.3,22.1
FieldSize,Gloucester Park,2503,Stand,TROTTERS,11,B/LEAD,3,0,50.12,-50.12,0.0,-100.0
FieldSize,Gloucester Park,2503,Stand,TROTTERS,12,B/LEAD,3,0,63.96,-63.96,0.0,-100.0
FieldSize,Gloucester Park,2503,Stand,TROTTERS,5,B/LEAD,3,0,10.74,-10.74,0.0,-100.0
FieldSize,Gloucester Park,2503,Stand,TROTTERS,6,B/LEAD,9,0,78.71,-78.71,0.0,-100.0
FieldSize,Gloucester Park,2503,Stand,TROTTERS,7,B/LEAD,18,0,211.03,-211.03,0.0,-100.0
FieldSize,Gloucester Park,2503,Stand,TROTTERS,8,B/LEAD,24,4,245.0,155.0,16.7,63.3
FieldSize,Gloucester Park,2503,Stand,TROTTERS,9,B/LEAD,10,4,175.49,224.51,40.0,127.9
FieldSize,Gloucester Park,2503,Stand,TROTTERS,10,DEATH,7,1,89.44,10.56,14.3,11.8
FieldSize,Gloucester Park,2503,Stand,TROTTERS,11,DEATH,3,1,57.19,42.81,33.3,74.9
FieldSize,Gloucester Park,2503,Stand,TROTTERS,12,DEATH,3,2,47.52,152.48,66.7,320.9
FieldSize,Gloucester Park,2503,Stand,TROTTERS,5,DEATH,2,1,72.62,27.38,50.0,37.7
FieldSize,Gloucester Park,2503,Stand,TROTTERS,6,DEATH,4,1,89.4,10.6,25.0,11.9
FieldSize,Gloucester Park,2503,Stand,TROTTERS,7,DEATH,16,2,387.78,-187.78,12.5,-48.4
FieldSize,Gloucester Park,2503,Stand,TROTTERS,8,DEATH,22,3,557.58,-257.58,13.6,-46.2
FieldSize,Gloucester Park,2503,Stand,TROTTERS,9,DEATH,10,1,284.93,-184.93,10.0,-64.9
FieldSize,Gloucester Park,2503,Stand,TROTTERS,10,LEAD,7,5,239.22,260.78,71.4,109.0
FieldSize,Gloucester Park,2503,Stand,TROTTERS,11,LEAD,3,1,70.17,29.83,33.3,42.5
FieldSize,Gloucester Park,2503,Stand,TROTTERS,12,LEAD,3,1,41.25,58.75,33.3,142.4
FieldSize,Gloucester Park,2503,Stand,TROTTERS,5,LEAD,3,2,208.52,-8.52,66.7,-4.1
FieldSize,Gloucester Park,2503,Stand,TROTTERS,6,LEAD,9,5,377.23,122.77,55.6,32.5
FieldSize,Gloucester Park,2503,Stand,TROTTERS,7,LEAD,18,10,530.64,469.36,55.6,88.5
FieldSize,Gloucester Park,2503,Stand,TROTTERS,8,LEAD,24,11,554.34,545.66,45.8,98.4
FieldSize,Gloucester Park,2503,Stand,TROTTERS,9,LEAD,10,2,210.35,-10.35,20.0,-4.9
FieldSize,Gloucester Park,2536,Mobile,PACERS,10,B/LEAD,60,3,845.12,-545.12,5.0,-64.5
FieldSize,Gloucester Park,2536,Mobile,PACERS,11,B/LEAD,63,3,735.01,-435.01,4.8,-59.2
FieldSize,Gloucester Park,2536,Mobile,PACERS,12,B/LEAD,85,6,827.6,-227.6,7.1,-27.5
FieldSize,Gloucester Park,2536,Mobile,PACERS,5,B/LEAD,2,0,11.93,-11.93,0.0,-100.0
FieldSize,Gloucester Park,2536,Mobile,PACERS,6,B/LEAD,6,2,106.0,94.0,33.3,88.7
FieldSize,Gloucester Park,2536,Mobile,PACERS,7,B/LEAD,36,0,429.81,-429.81,0.0,-100.0
FieldSize,Gloucester Park,2536,Mobile,PACERS,8,B/LEAD,67,1,969.59,-869.59,1.5,-89.7
FieldSize,Gloucester Park,2536,Mobile,PACERS,9,B/LEAD,57,3,783.99,-483.99,5.3,-61.7
FieldSize,Gloucester Park,2536,Mobile,PACERS,10,DEATH,60,8,1272.78,-472.78,13.3,-37.1
FieldSize,Gloucester Park,2536,Mobile,PACERS,11,DEATH,63,8,1294.84,-494.84,12.7,-38.2
FieldSize,Gloucester Park,2536,Mobile,PACERS,12,DEATH,82,15,1588.98,-88.98,18.3,-5.6
FieldSize,Gloucester Park,2536,Mobile,PACERS,5,DEATH,2,0,107.97,-107.97,0.0,-100.0
FieldSize,Gloucester Park,2536,Mobile,PACERS,6,DEATH,4,0,161.56,-161.56,0.0,-100.0
FieldSize,Gloucester Park,2536,Mobile,PACERS,7,DEATH,34,6,845.68,-245.68,17.6,-29.1
FieldSize,Gloucester Park,2536,Mobile,PACERS,8,DEATH,67,11,1574.28,-474.28,16.4,-30.1
FieldSize,Gloucester Park,2536,Mobile,PACERS,9,DEATH,55,2,791.36,-591.36,3.6,-74.7
FieldSize,Gloucester Park,2536,Mobile,PACERS,10,LEAD,60,37,2323.33,1376.67,61.7,59.3
FieldSize,Gloucester Park,2536,Mobile,PACERS,11,LEAD,63,33,2612.69,687.31,52.4,26.3
FieldSize,Gloucester Park,2536,Mobile,PACERS,12,LEAD,84,38,2689.28,1110.72,45.2,41.3
FieldSize,Gloucester Park,2536,Mobile,PACERS,5,LEAD,2,0,24.68,-24.68,0.0,-100.0
FieldSize,Gloucester Park,2536,Mobile,PACERS,6,LEAD,6,3,159.21,140.79,50.0,88.4
FieldSize,Gloucester Park,2536,Mobile,PACERS,7,LEAD,36,26,1867.02,732.98,72.2,39.3
FieldSize,Gloucester Park,2536,Mobile,PACERS,8,LEAD,67,39,2837.12,1062.88,58.2,37.5
FieldSize,Gloucester Park,2536,Mobile,PACERS,9,LEAD,56,33,2571.53,728.47,58.9,28.3
FieldSize,Gloucester Park,2536,Mobile,TROTTERS,10,B/LEAD,1,0,9.09,-9.09,0.0,-100.0
FieldSize,Gloucester Park,2536,Mobile,TROTTERS,11,B/LEAD,2,0,4.84,-4.84,0.0,-100.0
FieldSize,Gloucester Park,2536,Mobile,TROTTERS,4,B/LEAD,1,0,3.23,-3.23,0.0,-100.0
FieldSize,Gloucester Park,2536,Mobile,TROTTERS,5,B/LEAD,1,0,3.23,-3.23,0.0,-100.0
FieldSize,Gloucester Park,2536,Mobile,TROTTERS,6,B/LEAD,4,1,75.54,24.46,25.0,32.4
FieldSize,Gloucester Park,2536,Mobile,TROTTERS,7,B/LEAD,8,0,147.78,-147.78,0.0,-100.0
FieldSize,Gloucester Park,2536,Mobile,TROTTERS,8,B/LEAD,7,1,49.88,50.12,14.3,100.5
FieldSize,Gloucester Park,2536,Mobile,TROTTERS,9,B/LEAD,7,0,98.81,-98.81,0.0,-100.0
FieldSize,Gloucester Park,2536,Mobile,TROTTERS,10,DEATH,1,1,37.04,62.96,100.0,170.0
FieldSize,Gloucester Park,2536,Mobile,TROTTERS,11,DEATH,2,0,1.98,-1.98,0.0,-100.0
FieldSize,Gloucester Park,2536,Mobile,TROTTERS,4,DEATH,1,0,6.25,-6.25,0.0,-100.0
FieldSize,Gloucester Park,2536,Mobile,TROTTERS,6,DEATH,3,0,67.53,-67.53,0.0,-100.0
FieldSize,Gloucester Park,2536,Mobile,TROTTERS,7,DEATH,8,1,212.74,-112.74,12.5,-53.0
FieldSize,Gloucester Park,2536,Mobile,TROTTERS,8,DEATH,7,1,147.02,-47.02,14.3,-32.0
FieldSize,Gloucester Park,2536,Mobile,TROTTERS,9,DEATH,7,1,58.3,41.7,14.3,71.5
FieldSize,Gloucester Park,2536,Mobile,TROTTERS,10,LEAD,1,0,25.64,-25.64,0.0,-100.0
FieldSize,Gloucester Park,2536,Mobile,TROTTERS,11,LEAD,2,0,127.79,-127.79,0.0,-100.0
FieldSize,Gloucester Park,2536,Mobile,TROTTERS,4,LEAD,1,1,91.74,8.26,100.0,9.0
FieldSize,Gloucester Park,2536,Mobile,TROTTERS,5,LEAD,1,1,91.74,8.26,100.0,9.0
FieldSize,Gloucester Park,2536,Mobile,TROTTERS,6,LEAD,4,3,170.8,129.2,75.0,75.6
FieldSize,Gloucester Park,2536,Mobile,TROTTERS,7,LEAD,8,3,261.37,38.63,37.5,14.8
FieldSize,Gloucester Park,2536,Mobile,TROTTERS,8,LEAD,7,3,293.78,6.22,42.9,2.1
FieldSize,Gloucester Park,2536,Mobile,TROTTERS,9,LEAD,7,4,305.43,94.57,57.1,31.0
FieldSize,Gloucester Park,2902,Stand,PACERS,12,B/LEAD,2,0,40.36,-40.36,0.0,-100.0
FieldSize,Gloucester Park,2902,Stand,PACERS,12,DEATH,2,0,41.39,-41.39,0.0,-100.0
FieldSize,Gloucester Park,2902,Stand,PACERS,12,LEAD,2,1,51.64,48.36,50.0,93.6
FieldSize,Gloucester Park,2936,Mobile,PACERS,12,B/LEAD,3,1,53.67,46.33,33.3,86.3
FieldSize,Gloucester Park,2936,Mobile,PACERS,9,B/LEAD,1,1,27.78,72.22,100.0,260.0
FieldSize,Gloucester Park,2936,Mobile,PACERS,12,DEATH,3,0,30.73,-30.73,0.0,-100.0
FieldSize,Gloucester Park,2936,Mobile,PACERS,9,DEATH,1,0,7.14,-7.14,0.0,-100.0
FieldSize,Gloucester Park,2936,Mobile,PACERS,12,LEAD,3,1,130.08,-30.08,33.3,-23.1
FieldSize,Gloucester Park,2936,Mobile,PACERS,9,LEAD,1,0,21.74,-21.74,0.0,-100.0
FieldSize,Gloucester Park,3309,Stand,PACERS,9,B/LEAD,3,0,38.75,-38.75,0.0,-100.0
FieldSize,Gloucester Park,3309,Stand,PACERS,9,DEATH,3,1,89.92,10.08,33.3,11.2
FieldSize,Gloucester Park,3309,Stand,PACERS,9,LEAD,3,1,85.37,14.63,33.3,17.1
FieldSize,Goulburn,1710,Mobile,PACERS,10,B/LEAD,141,9,1631.45,-731.45,6.4,-44.8
FieldSize,Goulburn,1710,Mobile,PACERS,4,B/LEAD,1,0,3.85,-3.85,0.0,-100.0
FieldSize,Goulburn,1710,Mobile,PACERS,5,B/LEAD,2,0,47.57,-47.57,0.0,-100.0
FieldSize,Goulburn,1710,Mobile,PACERS,6,B/LEAD,12,0,180.43,-180.43,0.0,-100.0
FieldSize,Goulburn,1710,Mobile,PACERS,7,B/LEAD,26,4,426.91,-26.91,15.4,-6.3
FieldSize,Goulburn,1710,Mobile,PACERS,8,B/LEAD,62,7,1142.11,-442.11,11.3,-38.7
FieldSize,Goulburn,1710,Mobile,PACERS,9,B/LEAD,117,7,1564.84,-864.84,6.0,-55.3
FieldSize,Goulburn,1710,Mobile,PACERS,10,DEATH,142,13,2306.18,-1006.18,9.2,-43.6
FieldSize,Goulburn,1710,Mobile,PACERS,5,DEATH,1,1,10.0,90.0,100.0,900.0
FieldSize,Goulburn,1710,Mobile,PACERS,6,DEATH,7,1,150.64,-50.64,14.3,-33.6
FieldSize,Goulburn,1710,Mobile,PACERS,7,DEATH,24,1,515.01,-415.01,4.2,-80.6
FieldSize,Goulburn,1710,Mobile,PACERS,8,DEATH,63,12,1435.55,-235.55,19.0,-16.4
FieldSize,Goulburn,1710,Mobile,PACERS,9,DEATH,111,19,1941.5,-41.5,17.1,-2.1
FieldSize,Goulburn,1710,Mobile,PACERS,10,LEAD,140,54,4210.71,1189.29,38.6,28.2
FieldSize,Goulburn,1710,Mobile,PACERS,4,LEAD,1,1,94.34,5.66,100.0,6.0
FieldSize,Goulburn,1710,Mobile,PACERS,5,LEAD,1,0,50.0,-50.0,0.0,-100.0
FieldSize,Goulburn,1710,Mobile,PACERS,6,LEAD,10,4,400.24,-0.24,40.0,-0.1
FieldSize,Goulburn,1710,Mobile,PACERS,7,LEAD,26,10,899.59,100.41,38.5,11.2
FieldSize,Goulburn,1710,Mobile,PACERS,8,LEAD,61,15,1704.99,-204.99,24.6,-12.0
FieldSize,Goulburn,1710,Mobile,PACERS,9,LEAD,116,33,3207.4,-7.4,28.4,-0.2
FieldSize,Goulburn,1710,Mobile,TROTTERS,10,B/LEAD,12,0,95.42,-95.42,0.0,-100.0
FieldSize,Goulburn,1710,Mobile,TROTTERS,6,B/LEAD,3,0,31.71,-31.71,0.0,-100.0
FieldSize,Goulburn,1710,Mobile,TROTTERS,7,B/LEAD,8,1,108.44,-8.44,12.5,-7.8
FieldSize,Goulburn,1710,Mobile,TROTTERS,8,B/LEAD,15,2,232.17,-32.17,13.3,-13.9
FieldSize,Goulburn,1710,Mobile,TROTTERS,9,B/LEAD,11,1,153.33,-53.33,9.1,-34.8
FieldSize,Goulburn,1710,Mobile,TROTTERS,10,DEATH,12,1,195.12,-95.12,8.3,-48.7
FieldSize,Goulburn,1710,Mobile,TROTTERS,6,DEATH,3,2,108.95,91.05,66.7,83.6
FieldSize,Goulburn,1710,Mobile,TROTTERS,7,DEATH,8,2,312.81,-112.81,25.0,-36.1
FieldSize,Goulburn,1710,Mobile,TROTTERS,8,DEATH,10,3,172.21,127.79,30.0,74.2
FieldSize,Goulburn,1710,Mobile,TROTTERS,9,DEATH,10,2,115.4,84.6,20.0,73.3
FieldSize,Goulburn,1710,Mobile,TROTTERS,10,LEAD,12,5,394.04,105.96,41.7,26.9
FieldSize,Goulburn,1710,Mobile,TROTTERS,6,LEAD,3,0,131.97,-131.97,0.0,-100.0
FieldSize,Goulburn,1710,Mobile,TROTTERS,7,LEAD,9,2,175.83,24.17,22.2,13.7
FieldSize,Goulburn,1710,Mobile,TROTTERS,8,LEAD,15,3,380.5,-80.5,20.0,-21.2
FieldSize,Goulburn,1710,Mobile,TROTTERS,9,LEAD,10,3,255.83,44.17,30.0,17.3
FieldSize,Goulburn,2240,Mobile,PACERS,10,B/LEAD,13,2,191.67,8.33,15.4,4.3
FieldSize,Goulburn,2240,Mobile,PACERS,12,B/LEAD,1,0,13.33,-13.33,0.0,-100.0
FieldSize,Goulburn,2240,Mobile,PACERS,6,B/LEAD,1,0,32.26,-32.26,0.0,-100.0
FieldSize,Goulburn,2240,Mobile,PACERS,7,B/LEAD,8,1,104.4,-4.4,12.5,-4.2
FieldSize,Goulburn,2240,Mobile,PACERS,8,B/LEAD,9,0,143.83,-143.83,0.0,-100.0
FieldSize,Goulburn,2240,Mobile,PACERS,9,B/LEAD,14,0,136.59,-136.59,0.0,-100.0
FieldSize,Goulburn,2240,Mobile,PACERS,10,DEATH,12,2,219.85,-19.85,16.7,-9.0
FieldSize,Goulburn,2240,Mobile,PACERS,12,DEATH,2,1,60.0,40.0,50.0,66.7
FieldSize,Goulburn,2240,Mobile,PACERS,6,DEATH,1,0,1.64,-1.64,0.0,-100.0
FieldSize,Goulburn,2240,Mobile,PACERS,7,DEATH,7,1,176.37,-76.37,14.3,-43.3
FieldSize,Goulburn,2240,Mobile,PACERS,8,DEATH,9,0,121.67,-121.67,0.0,-100.0
FieldSize,Goulburn,2240,Mobile,PACERS,9,DEATH,13,2,223.16,-23.16,15.4,-10.4
FieldSize,Goulburn,2240,Mobile,PACERS,10,LEAD,13,6,415.15,184.85,46.2,44.5
FieldSize,Goulburn,2240,Mobile,PACERS,12,LEAD,3,0,90.44,-90.44,0.0,-100.0
FieldSize,Goulburn,2240,Mobile,PACERS,6,LEAD,1,1,66.67,33.33,100.0,50.0
FieldSize,Goulburn,2240,Mobile,PACERS,7,LEAD,8,2,223.4,-23.4,25.0,-10.5
FieldSize,Goulburn,2240,Mobile,PACERS,8,LEAD,9,2,304.62,-104.62,22.2,-34.3
FieldSize,Goulburn,2240,Mobile,PACERS,9,LEAD,14,5,467.17,32.83,35.7,7.0
FieldSize,Goulburn,2240,Mobile,TROTTERS,10,B/LEAD,1,0,21.74,-21.74,0.0,-100.0
FieldSize,Goulburn,2240,Mobile,TROTTERS,6,B/LEAD,1,1,21.74,78.26,100.0,360.0
FieldSize,Goulburn,2240,Mobile,TROTTERS,7,B/LEAD,1,1,52.63,47.37,100.0,90.0
FieldSize,Goulburn,2240,Mobile,TROTTERS,8,B/LEAD,3,1,93.42,6.58,33.3,7.0
FieldSize,Goulburn,2240,Mobile,TROTTERS,9,B/LEAD,2,0,19.09,-19.09,0.0,-100.0
FieldSize,Goulburn,2240,Mobile,TROTTERS,10,DEATH,1,0,5.56,-5.56,0.0,-100.0
FieldSize,Goulburn,2240,Mobile,TROTTERS,7,DEATH,1,0,23.81,-23.81,0.0,-100.0
FieldSize,Goulburn,2240,Mobile,TROTTERS,8,DEATH,3,0,36.78,-36.78,0.0,-100.0
FieldSize,Goulburn,2240,Mobile,TROTTERS,9,DEATH,2,0,49.2,-49.2,0.0,-100.0
FieldSize,Goulburn,2240,Mobile,TROTTERS,10,LEAD,1,0,10.0,-10.0,0.0,-100.0
FieldSize,Goulburn,2240,Mobile,TROTTERS,6,LEAD,1,0,10.0,-10.0,0.0,-100.0
FieldSize,Goulburn,2240,Mobile,TROTTERS,7,LEAD,1,0,9.09,-9.09,0.0,-100.0
FieldSize,Goulburn,2240,Mobile,TROTTERS,8,LEAD,3,1,103.27,-3.27,33.3,-3.2
FieldSize,Goulburn,2240,Mobile,TROTTERS,9,LEAD,2,1,48.71,51.29,50.0,105.3
FieldSize,Goulburn,2760,Mobile,PACERS,11,B/LEAD,1,0,7.69,-7.69,0.0,-100.0
FieldSize,Goulburn,2760,Mobile,PACERS,11,DEATH,1,0,31.25,-31.25,0.0,-100.0
FieldSize,Goulburn,2760,Mobile,PACERS,11,LEAD,1,1,22.73,77.27,100.0,339.9
FieldSize,Griffith,1750,Mobile,PACERS,10,B/LEAD,10,0,101.83,-101.83,0.0,-100.0
FieldSize,Griffith,1750,Mobile,PACERS,6,B/LEAD,1,0,3.85,-3.85,0.0,-100.0
FieldSize,Griffith,1750,Mobile,PACERS,7,B/LEAD,3,1,77.87,22.13,33.3,28.4
FieldSize,Griffith,1750,Mobile,PACERS,8,B/LEAD,8,1,141.09,-41.09,12.5,-29.1
FieldSize,Griffith,1750,Mobile,PACERS,9,B/LEAD,5,0,63.04,-63.04,0.0,-100.0
FieldSize,Griffith,1750,Mobile,PACERS,10,DEATH,10,1,129.99,-29.99,10.0,-23.1
FieldSize,Griffith,1750,Mobile,PACERS,6,DEATH,1,0,7.14,-7.14,0.0,-100.0
FieldSize,Griffith,1750,Mobile,PACERS,7,DEATH,3,1,72.5,27.5,33.3,37.9
FieldSize,Griffith,1750,Mobile,PACERS,8,DEATH,8,1,140.5,-40.5,12.5,-28.8
FieldSize,Griffith,1750,Mobile,PACERS,9,DEATH,5,0,50.58,-50.58,0.0,-100.0
FieldSize,Griffith,1750,Mobile,PACERS,10,LEAD,10,7,408.09,291.91,70.0,71.5
FieldSize,Griffith,1750,Mobile,PACERS,6,LEAD,1,1,74.07,25.93,100.0,35.0
FieldSize,Griffith,1750,Mobile,PACERS,7,LEAD,3,1,106.1,-6.1,33.3,-5.7
FieldSize,Griffith,1750,Mobile,PACERS,8,LEAD,8,2,267.28,-67.28,25.0,-25.2
FieldSize,Griffith,1750,Mobile,PACERS,9,LEAD,5,3,67.65,132.35,60.0,195.6
FieldSize,Griffith,2150,Mobile,PACERS,10,B/LEAD,6,0,12.77,-12.77,0.0,-100.0
FieldSize,Griffith,2150,Mobile,PACERS,8,B/LEAD,2,0,5.38,-5.38,0.0,-100.0
FieldSize,Griffith,2150,Mobile,PACERS,9,B/LEAD,5,0,76.73,-76.73,0.0,-100.0
FieldSize,Griffith,2150,Mobile,PACERS,10,DEATH,6,2,69.59,130.41,33.3,187.4
FieldSize,Griffith,2150,Mobile,PACERS,8,DEATH,2,1,58.4,41.6,50.0,71.2
FieldSize,Griffith,2150,Mobile,PACERS,9,DEATH,5,1,77.71,22.29,20.0,28.7
FieldSize,Griffith,2150,Mobile,PACERS,10,LEAD,6,1,138.26,-38.26,16.7,-27.7
FieldSize,Griffith,2150,Mobile,PACERS,8,LEAD,2,0,32.91,-32.91,0.0,-100.0
FieldSize,Griffith,2150,Mobile,PACERS,9,LEAD,5,1,147.81,-47.81,20.0,-32.3
FieldSize,Gunbower,2030,Mobile,PACERS,10,B/LEAD,10,4,150.33,249.67,40.0,166.1
FieldSize,Gunbower,2030,Mobile,PACERS,11,B/LEAD,4,0,64.19,-64.19,0.0,-100.0
FieldSize,Gunbower,2030,Mobile,PACERS,12,B/LEAD,6,1,44.82,55.18,16.7,123.1
FieldSize,Gunbower,2030,Mobile,PACERS,6,B/LEAD,2,0,94.82,-94.82,0.0,-100.0
FieldSize,Gunbower,2030,Mobile,PACERS,7,B/LEAD,4,0,33.87,-33.87,0.0,-100.0
FieldSize,Gunbower,2030,Mobile,PACERS,8,B/LEAD,9,0,97.5,-97.5,0.0,-100.0
FieldSize,Gunbower,2030,Mobile,PACERS,9,B/LEAD,12,0,183.82,-183.82,0.0,-100.0
FieldSize,Gunbower,2030,Mobile,PACERS,10,DEATH,11,1,141.92,-41.92,9.1,-29.5
FieldSize,Gunbower,2030,Mobile,PACERS,11,DEATH,4,1,115.1,-15.1,25.0,-13.1
FieldSize,Gunbower,2030,Mobile,PACERS,12,DEATH,6,0,56.64,-56.64,0.0,-100.0
FieldSize,Gunbower,2030,Mobile,PACERS,6,DEATH,1,0,15.38,-15.38,0.0,-100.0
FieldSize,Gunbower,2030,Mobile,PACERS,7,DEATH,4,0,70.49,-70.49,0.0,-100.0
FieldSize,Gunbower,2030,Mobile,PACERS,8,DEATH,9,4,235.73,164.27,44.4,69.7
FieldSize,Gunbower,2030,Mobile,PACERS,9,DEATH,12,5,210.31,289.69,41.7,137.7
FieldSize,Gunbower,2030,Mobile,PACERS,10,LEAD,12,3,316.75,-16.75,25.0,-5.3
FieldSize,Gunbower,2030,Mobile,PACERS,11,LEAD,4,1,38.74,61.26,25.0,158.1
FieldSize,Gunbower,2030,Mobile,PACERS,12,LEAD,6,3,113.41,186.59,50.0,164.5
FieldSize,Gunbower,2030,Mobile,PACERS,6,LEAD,2,1,54.89,45.11,50.0,82.2
FieldSize,Gunbower,2030,Mobile,PACERS,7,LEAD,4,2,140.51,59.49,50.0,42.3
FieldSize,Gunbower,2030,Mobile,PACERS,8,LEAD,9,2,185.87,14.13,22.2,7.6
FieldSize,Gunbower,2030,Mobile,PACERS,9,LEAD,12,7,282.62,417.38,58.3,147.7
FieldSize,Gunbower,2030,Mobile,TROTTERS,10,B/LEAD,1,1,14.93,85.07,100.0,569.8
FieldSize,Gunbower,2030,Mobile,TROTTERS,11,B/LEAD,2,0,11.49,-11.49,0.0,-100.0
FieldSize,Gunbower,2030,Mobile,TROTTERS,12,B/LEAD,1,0,8.33,-8.33,0.0,-100.0
FieldSize,Gunbower,2030,Mobile,TROTTERS,6,B/LEAD,4,0,86.9,-86.9,0.0,-100.0
FieldSize,Gunbower,2030,Mobile,TROTTERS,8,B/LEAD,2,0,10.92,-10.92,0.0,-100.0
FieldSize,Gunbower,2030,Mobile,TROTTERS,9,B/LEAD,1,0,10.53,-10.53,0.0,-100.0
FieldSize,Gunbower,2030,Mobile,TROTTERS,10,DEATH,1,0,6.76,-6.76,0.0,-100.0
FieldSize,Gunbower,2030,Mobile,TROTTERS,11,DEATH,2,0,33.33,-33.33,0.0,-100.0
FieldSize,Gunbower,2030,Mobile,TROTTERS,12,DEATH,1,0,2.44,-2.44,0.0,-100.0
FieldSize,Gunbower,2030,Mobile,TROTTERS,6,DEATH,2,1,84.48,15.52,50.0,18.4
FieldSize,Gunbower,2030,Mobile,TROTTERS,8,DEATH,2,0,27.88,-27.88,0.0,-100.0
FieldSize,Gunbower,2030,Mobile,TROTTERS,9,DEATH,1,0,8.33,-8.33,0.0,-100.0
FieldSize,Gunbower,2030,Mobile,TROTTERS,10,LEAD,1,0,7.58,-7.58,0.0,-100.0
FieldSize,Gunbower,2030,Mobile,TROTTERS,11,LEAD,2,2,58.42,141.58,100.0,242.3
FieldSize,Gunbower,2030,Mobile,TROTTERS,12,LEAD,1,1,68.97,31.03,100.0,45.0
FieldSize,Gunbower,2030,Mobile,TROTTERS,6,LEAD,4,2,109.37,90.63,50.0,82.9
FieldSize,Gunbower,2030,Mobile,TROTTERS,8,LEAD,2,1,54.41,45.59,50.0,83.8
FieldSize,Gunbower,2030,Mobile,TROTTERS,9,LEAD,1,0,10.53,-10.53,0.0,-100.0
FieldSize,Gunbower,2630,Mobile,PACERS,10,B/LEAD,1,0,2.94,-2.94,0.0,-100.0
FieldSize,Gunbower,2630,Mobile,PACERS,11,B/LEAD,1,0,14.29,-14.29,0.0,-100.0
FieldSize,Gunbower,2630,Mobile,PACERS,12,B/LEAD,1,0,6.67,-6.67,0.0,-100.0
FieldSize,Gunbower,2630,Mobile,PACERS,8,B/LEAD,1,0,1.41,-1.41,0.0,-100.0
FieldSize,Gunbower,2630,Mobile,PACERS,9,B/LEAD,1,0,1.96,-1.96,0.0,-100.0
FieldSize,Gunbower,2630,Mobile,PACERS,10,DEATH,1,0,7.69,-7.69,0.0,-100.0
FieldSize,Gunbower,2630,Mobile,PACERS,11,DEATH,1,0,44.44,-44.44,0.0,-100.0
FieldSize,Gunbower,2630,Mobile,PACERS,12,DEATH,1,0,13.33,-13.33,0.0,-100.0
FieldSize,Gunbower,2630,Mobile,PACERS,8,DEATH,1,1,80.0,20.0,100.0,25.0
FieldSize,Gunbower,2630,Mobile,PACERS,9,DEATH,1,0,7.69,-7.69,0.0,-100.0
FieldSize,Gunbower,2630,Mobile,PACERS,10,LEAD,1,0,5.88,-5.88,0.0,-100.0
FieldSize,Gunbower,2630,Mobile,PACERS,11,LEAD,1,1,35.71,64.29,100.0,180.0
FieldSize,Gunbower,2630,Mobile,PACERS,12,LEAD,1,0,25.0,-25.0,0.0,-100.0
FieldSize,Gunbower,2630,Mobile,PACERS,8,LEAD,1,0,14.29,-14.29,0.0,-100.0
FieldSize,Gunbower,2630,Mobile,PACERS,9,LEAD,1,0,6.67,-6.67,0.0,-100.0
FieldSize,Gunbower,2630,Mobile,TROTTERS,7,B/LEAD,1,0,14.29,-14.29,0.0,-100.0
FieldSize,Gunbower,2630,Mobile,TROTTERS,7,DEATH,1,0,23.81,-23.81,0.0,-100.0
FieldSize,Gunbower,2630,Mobile,TROTTERS,7,LEAD,1,1,1.64,98.36,100.0,5997.6
FieldSize,Gunbower,2630,Stand,TROTTERS,11,B/LEAD,1,0,4.35,-4.35,0.0,-100.0
FieldSize,Gunbower,2630,Stand,TROTTERS,12,B/LEAD,1,0,11.11,-11.11,0.0,-100.0
FieldSize,Gunbower,2630,Stand,TROTTERS,7,B/LEAD,1,1,20.83,79.17,100.0,380.1
FieldSize,Gunbower,2630,Stand,TROTTERS,8,B/LEAD,1,0,7.14,-7.14,0.0,-100.0
FieldSize,Gunbower,2630,Stand,TROTTERS,11,DEATH,1,0,20.0,-20.0,0.0,-100.0
FieldSize,Gunbower,2630,Stand,TROTTERS,12,DEATH,1,0,20.83,-20.83,0.0,-100.0
FieldSize,Gunbower,2630,Stand,TROTTERS,8,DEATH,1,0,33.33,-33.33,0.0,-100.0
FieldSize,Gunbower,2630,Stand,TROTTERS,11,LEAD,1,0,9.09,-9.09,0.0,-100.0
FieldSize,Gunbower,2630,Stand,TROTTERS,12,LEAD,1,1,6.25,93.75,100.0,1500.0
FieldSize,Gunbower,2630,Stand,TROTTERS,7,LEAD,1,0,31.25,-31.25,0.0,-100.0
FieldSize,Gunbower,2630,Stand,TROTTERS,8,LEAD,1,1,13.33,86.67,100.0,650.2
FieldSize,Hamilton,1660,Mobile,PACERS,10,B/LEAD,47,3,486.35,-186.35,6.4,-38.3
FieldSize,Hamilton,1660,Mobile,PACERS,11,B/LEAD,2,0,9.75,-9.75,0.0,-100.0
FieldSize,Hamilton,1660,Mobile,PACERS,12,B/LEAD,7,1,30.89,69.11,14.3,223.7
FieldSize,Hamilton,1660,Mobile,PACERS,5,B/LEAD,1,1,29.41,70.59,100.0,240.0
FieldSize,Hamilton,1660,Mobile,PACERS,6,B/LEAD,6,1,171.12,-71.12,16.7,-41.6
FieldSize,Hamilton,1660,Mobile,PACERS,7,B/LEAD,19,2,355.37,-155.37,10.5,-43.7
FieldSize,Hamilton,1660,Mobile,PACERS,8,B/LEAD,32,1,491.41,-391.41,3.1,-79.7
FieldSize,Hamilton,1660,Mobile,PACERS,9,B/LEAD,39,1,357.09,-257.09,2.6,-72.0
FieldSize,Hamilton,1660,Mobile,PACERS,10,DEATH,44,7,764.42,-64.42,15.9,-8.4
FieldSize,Hamilton,1660,Mobile,PACERS,11,DEATH,1,0,16.67,-16.67,0.0,-100.0
FieldSize,Hamilton,1660,Mobile,PACERS,12,DEATH,7,0,97.9,-97.9,0.0,-100.0
FieldSize,Hamilton,1660,Mobile,PACERS,6,DEATH,6,3,171.53,128.47,50.0,74.9
FieldSize,Hamilton,1660,Mobile,PACERS,7,DEATH,18,2,357.33,-157.33,11.1,-44.0
FieldSize,Hamilton,1660,Mobile,PACERS,8,DEATH,32,4,531.4,-131.4,12.5,-24.7
FieldSize,Hamilton,1660,Mobile,PACERS,9,DEATH,40,3,700.17,-400.17,7.5,-57.2
FieldSize,Hamilton,1660,Mobile,PACERS,10,LEAD,46,10,1278.17,-278.17,21.7,-21.8
FieldSize,Hamilton,1660,Mobile,PACERS,11,LEAD,2,1,23.44,76.56,50.0,326.6
FieldSize,Hamilton,1660,Mobile,PACERS,12,LEAD,7,1,272.3,-172.3,14.3,-63.3
FieldSize,Hamilton,1660,Mobile,PACERS,5,LEAD,1,0,62.5,-62.5,0.0,-100.0
FieldSize,Hamilton,1660,Mobile,PACERS,6,LEAD,6,1,168.34,-68.34,16.7,-40.6
FieldSize,Hamilton,1660,Mobile,PACERS,7,LEAD,19,6,612.94,-12.94,31.6,-2.1
FieldSize,Hamilton,1660,Mobile,PACERS,8,LEAD,32,13,1032.55,267.45,40.6,25.9
FieldSize,Hamilton,1660,Mobile,PACERS,9,LEAD,40,16,1136.93,463.07,40.0,40.7
FieldSize,Hamilton,1660,Mobile,TROTTERS,7,B/LEAD,2,0,10.32,-10.32,0.0,-100.0
FieldSize,Hamilton,1660,Mobile,TROTTERS,9,B/LEAD,4,1,31.54,68.46,25.0,217.1
FieldSize,Hamilton,1660,Mobile,TROTTERS,7,DEATH,2,1,37.02,62.98,50.0,170.1
FieldSize,Hamilton,1660,Mobile,TROTTERS,9,DEATH,4,0,81.85,-81.85,0.0,-100.0
FieldSize,Hamilton,1660,Mobile,TROTTERS,7,LEAD,2,0,21.12,-21.12,0.0,-100.0
FieldSize,Hamilton,1660,Mobile,TROTTERS,9,LEAD,4,1,68.54,31.46,25.0,45.9
FieldSize,Hamilton,2160,Mobile,PACERS,10,B/LEAD,24,6,317.65,282.35,25.0,88.9
FieldSize,Hamilton,2160,Mobile,PACERS,11,B/LEAD,13,2,129.95,70.05,15.4,53.9
FieldSize,Hamilton,2160,Mobile,PACERS,12,B/LEAD,21,2,187.17,12.83,9.5,6.9
FieldSize,Hamilton,2160,Mobile,PACERS,5,B/LEAD,6,1,92.57,7.43,16.7,8.0
FieldSize,Hamilton,2160,Mobile,PACERS,6,B/LEAD,11,1,252.73,-152.73,9.1,-60.4
FieldSize,Hamilton,2160,Mobile,PACERS,7,B/LEAD,20,4,367.74,32.26,20.0,8.8
FieldSize,Hamilton,2160,Mobile,PACERS,8,B/LEAD,28,6,611.73,-11.73,21.4,-1.9
FieldSize,Hamilton,2160,Mobile,PACERS,9,B/LEAD,26,3,335.97,-35.97,11.5,-10.7
FieldSize,Hamilton,2160,Mobile,PACERS,10,DEATH,24,2,493.22,-293.22,8.3,-59.5
FieldSize,Hamilton,2160,Mobile,PACERS,11,DEATH,13,5,262.4,237.6,38.5,90.5
FieldSize,Hamilton,2160,Mobile,PACERS,12,DEATH,18,6,371.79,228.21,33.3,61.4
FieldSize,Hamilton,2160,Mobile,PACERS,5,DEATH,6,0,264.27,-264.27,0.0,-100.0
FieldSize,Hamilton,2160,Mobile,PACERS,6,DEATH,11,3,250.61,49.39,27.3,19.7
FieldSize,Hamilton,2160,Mobile,PACERS,7,DEATH,20,3,395.42,-95.42,15.0,-24.1
FieldSize,Hamilton,2160,Mobile,PACERS,8,DEATH,28,6,494.41,105.59,21.4,21.4
FieldSize,Hamilton,2160,Mobile,PACERS,9,DEATH,27,5,500.87,-0.87,18.5,-0.2
FieldSize,Hamilton,2160,Mobile,PACERS,10,LEAD,24,7,532.43,167.57,29.2,31.5
FieldSize,Hamilton,2160,Mobile,PACERS,11,LEAD,14,4,394.62,5.38,28.6,1.4
FieldSize,Hamilton,2160,Mobile,PACERS,12,LEAD,20,3,393.91,-93.91,15.0,-23.8
FieldSize,Hamilton,2160,Mobile,PACERS,5,LEAD,6,2,163.52,36.48,33.3,22.3
FieldSize,Hamilton,2160,Mobile,PACERS,6,LEAD,11,3,296.61,3.39,27.3,1.1
FieldSize,Hamilton,2160,Mobile,PACERS,7,LEAD,20,7,575.93,124.07,35.0,21.5
FieldSize,Hamilton,2160,Mobile,PACERS,8,LEAD,27,11,758.88,341.12,40.7,45.0
FieldSize,Hamilton,2160,Mobile,PACERS,9,LEAD,27,12,1002.34,197.66,44.4,19.7
FieldSize,Hamilton,2160,Mobile,TROTTERS,10,B/LEAD,1,0,20.0,-20.0,0.0,-100.0
FieldSize,Hamilton,2160,Mobile,TROTTERS,12,B/LEAD,1,0,15.38,-15.38,0.0,-100.0
FieldSize,Hamilton,2160,Mobile,TROTTERS,7,B/LEAD,3,0,23.21,-23.21,0.0,-100.0
FieldSize,Hamilton,2160,Mobile,TROTTERS,8,B/LEAD,3,0,14.43,-14.43,0.0,-100.0
FieldSize,Hamilton,2160,Mobile,TROTTERS,9,B/LEAD,1,0,5.56,-5.56,0.0,-100.0
FieldSize,Hamilton,2160,Mobile,TROTTERS,10,DEATH,1,0,10.0,-10.0,0.0,-100.0
FieldSize,Hamilton,2160,Mobile,TROTTERS,12,DEATH,1,0,13.33,-13.33,0.0,-100.0
FieldSize,Hamilton,2160,Mobile,TROTTERS,7,DEATH,3,0,81.69,-81.69,0.0,-100.0
FieldSize,Hamilton,2160,Mobile,TROTTERS,8,DEATH,3,2,95.07,104.93,66.7,110.4
FieldSize,Hamilton,2160,Mobile,TROTTERS,9,DEATH,1,0,2.94,-2.94,0.0,-100.0
FieldSize,Hamilton,2160,Mobile,TROTTERS,10,LEAD,1,1,30.3,69.7,100.0,230.0
FieldSize,Hamilton,2160,Mobile,TROTTERS,12,LEAD,1,0,28.57,-28.57,0.0,-100.0
FieldSize,Hamilton,2160,Mobile,TROTTERS,7,LEAD,3,1,59.63,40.37,33.3,67.7
FieldSize,Hamilton,2160,Mobile,TROTTERS,8,LEAD,3,0,76.93,-76.93,0.0,-100.0
FieldSize,Hamilton,2160,Mobile,TROTTERS,9,LEAD,1,0,33.33,-33.33,0.0,-100.0
FieldSize,Hamilton,2160,Stand,TROTTERS,10,B/LEAD,7,1,90.33,9.67,14.3,10.7
FieldSize,Hamilton,2160,Stand,TROTTERS,11,B/LEAD,1,0,12.5,-12.5,0.0,-100.0
FieldSize,Hamilton,2160,Stand,TROTTERS,12,B/LEAD,1,0,1.41,-1.41,0.0,-100.0
FieldSize,Hamilton,2160,Stand,TROTTERS,5,B/LEAD,1,1,15.38,84.62,100.0,550.2
FieldSize,Hamilton,2160,Stand,TROTTERS,6,B/LEAD,4,1,82.54,17.46,25.0,21.2
FieldSize,Hamilton,2160,Stand,TROTTERS,7,B/LEAD,2,0,11.99,-11.99,0.0,-100.0
FieldSize,Hamilton,2160,Stand,TROTTERS,8,B/LEAD,7,0,123.82,-123.82,0.0,-100.0
FieldSize,Hamilton,2160,Stand,TROTTERS,9,B/LEAD,6,0,28.61,-28.61,0.0,-100.0
FieldSize,Hamilton,2160,Stand,TROTTERS,10,DEATH,5,3,155.03,144.97,60.0,93.5
FieldSize,Hamilton,2160,Stand,TROTTERS,11,DEATH,1,0,8.33,-8.33,0.0,-100.0
FieldSize,Hamilton,2160,Stand,TROTTERS,12,DEATH,1,0,11.11,-11.11,0.0,-100.0
FieldSize,Hamilton,2160,Stand,TROTTERS,6,DEATH,4,1,63.96,36.04,25.0,56.3
FieldSize,Hamilton,2160,Stand,TROTTERS,7,DEATH,2,1,54.51,45.49,50.0,83.5
FieldSize,Hamilton,2160,Stand,TROTTERS,8,DEATH,6,2,124.06,75.94,33.3,61.2
FieldSize,Hamilton,2160,Stand,TROTTERS,9,DEATH,6,1,136.34,-36.34,16.7,-26.7
FieldSize,Hamilton,2160,Stand,TROTTERS,10,LEAD,7,1,59.9,40.1,14.3,66.9
FieldSize,Hamilton,2160,Stand,TROTTERS,11,LEAD,1,1,47.62,52.38,100.0,110.0
FieldSize,Hamilton,2160,Stand,TROTTERS,12,LEAD,1,0,5.56,-5.56,0.0,-100.0
FieldSize,Hamilton,2160,Stand,TROTTERS,5,LEAD,1,0,71.43,-71.43,0.0,-100.0
FieldSize,Hamilton,2160,Stand,TROTTERS,6,LEAD,4,1,156.17,-56.17,25.0,-36.0
FieldSize,Hamilton,2160,Stand,TROTTERS,7,LEAD,2,1,75.0,25.0,50.0,33.3
FieldSize,Hamilton,2160,Stand,TROTTERS,8,LEAD,8,1,175.24,-75.24,12.5,-42.9
FieldSize,Hamilton,2160,Stand,TROTTERS,9,LEAD,6,3,101.63,198.37,50.0,195.2
FieldSize,Hamilton,2660,Mobile,PACERS,10,B/LEAD,1,0,1.41,-1.41,0.0,-100.0
FieldSize,Hamilton,2660,Mobile,PACERS,12,B/LEAD,1,0,7.14,-7.14,0.0,-100.0
FieldSize,Hamilton,2660,Mobile,PACERS,10,DEATH,1,0,3.85,-3.85,0.0,-100.0
FieldSize,Hamilton,2660,Mobile,PACERS,12,DEATH,1,0,0.79,-0.79,0.0,-100.0
FieldSize,Hamilton,2660,Mobile,PACERS,10,LEAD,1,1,71.43,28.57,100.0,40.0
FieldSize,Hamilton,2660,Mobile,PACERS,12,LEAD,1,0,20.0,-20.0,0.0,-100.0
FieldSize,Hamilton,2660,Stand,TROTTERS,10,B/LEAD,2,0,37.42,-37.42,0.0,-100.0
FieldSize,Hamilton,2660,Stand,TROTTERS,12,B/LEAD,1,1,4.35,95.65,100.0,2198.9
FieldSize,Hamilton,2660,Stand,TROTTERS,7,B/LEAD,2,1,71.43,28.57,50.0,40.0
FieldSize,Hamilton,2660,Stand,TROTTERS,8,B/LEAD,3,0,9.62,-9.62,0.0,-100.0
FieldSize,Hamilton,2660,Stand,TROTTERS,9,B/LEAD,1,0,9.09,-9.09,0.0,-100.0
FieldSize,Hamilton,2660,Stand,TROTTERS,10,DEATH,2,0,5.91,-5.91,0.0,-100.0
FieldSize,Hamilton,2660,Stand,TROTTERS,12,DEATH,1,0,0.99,-0.99,0.0,-100.0
FieldSize,Hamilton,2660,Stand,TROTTERS,7,DEATH,1,0,15.38,-15.38,0.0,-100.0
FieldSize,Hamilton,2660,Stand,TROTTERS,8,DEATH,3,0,64.17,-64.17,0.0,-100.0
FieldSize,Hamilton,2660,Stand,TROTTERS,9,DEATH,1,0,9.09,-9.09,0.0,-100.0
FieldSize,Hamilton,2660,Stand,TROTTERS,10,LEAD,2,0,13.78,-13.78,0.0,-100.0
FieldSize,Hamilton,2660,Stand,TROTTERS,12,LEAD,1,0,5.26,-5.26,0.0,-100.0
FieldSize,Hamilton,2660,Stand,TROTTERS,7,LEAD,2,0,53.33,-53.33,0.0,-100.0
FieldSize,Hamilton,2660,Stand,TROTTERS,8,LEAD,3,2,92.08,107.92,66.7,117.2
FieldSize,Hamilton,2660,Stand,TROTTERS,9,LEAD,1,0,1.23,-1.23,0.0,-100.0
FieldSize,Hobart,1609,Mobile,PACERS,10,B/LEAD,51,9,744.84,155.16,17.6,20.8
FieldSize,Hobart,1609,Mobile,PACERS,11,B/LEAD,59,12,789.63,410.37,20.3,52.0
FieldSize,Hobart,1609,Mobile,PACERS,12,B/LEAD,124,17,1699.3,0.7,13.7,0.0
FieldSize,Hobart,1609,Mobile,PACERS,3,B/LEAD,3,0,82.5,-82.5,0.0,-100.0
FieldSize,Hobart,1609,Mobile,PACERS,4,B/LEAD,14,2,182.44,17.56,14.3,9.6
FieldSize,Hobart,1609,Mobile,PACERS,5,B/LEAD,21,3,340.97,-40.97,14.3,-12.0
FieldSize,Hobart,1609,Mobile,PACERS,6,B/LEAD,45,7,768.7,-68.7,15.6,-8.9
FieldSize,Hobart,1609,Mobile,PACERS,7,B/LEAD,54,9,826.49,73.51,16.7,8.9
FieldSize,Hobart,1609,Mobile,PACERS,8,B/LEAD,71,4,1149.62,-749.62,5.6,-65.2
FieldSize,Hobart,1609,Mobile,PACERS,9,B/LEAD,55,4,1007.91,-607.91,7.3,-60.3
FieldSize,Hobart,1609,Mobile,PACERS,10,DEATH,49,7,960.42,-260.42,14.3,-27.1
FieldSize,Hobart,1609,Mobile,PACERS,11,DEATH,51,6,777.02,-177.02,11.8,-22.8
FieldSize,Hobart,1609,Mobile,PACERS,12,DEATH,96,11,1108.5,-8.5,11.5,-0.8
FieldSize,Hobart,1609,Mobile,PACERS,4,DEATH,2,0,47.49,-47.49,0.0,-100.0
FieldSize,Hobart,1609,Mobile,PACERS,5,DEATH,13,0,413.72,-413.72,0.0,-100.0
FieldSize,Hobart,1609,Mobile,PACERS,6,DEATH,34,6,850.26,-250.26,17.6,-29.4
FieldSize,Hobart,1609,Mobile,PACERS,7,DEATH,41,4,863.17,-463.17,9.8,-53.7
FieldSize,Hobart,1609,Mobile,PACERS,8,DEATH,64,4,1090.35,-690.35,6.2,-63.3
FieldSize,Hobart,1609,Mobile,PACERS,9,DEATH,50,5,976.94,-476.94,10.0,-48.8
FieldSize,Hobart,1609,Mobile,PACERS,10,LEAD,49,12,1062.5,137.5,24.5,12.9
FieldSize,Hobart,1609,Mobile,PACERS,11,LEAD,49,15,1165.86,334.14,30.6,28.7
FieldSize,Hobart,1609,Mobile,PACERS,12,LEAD,95,31,2109.44,990.56,32.6,47.0
FieldSize,Hobart,1609,Mobile,PACERS,3,LEAD,3,3,188.98,111.02,100.0,58.7
FieldSize,Hobart,1609,Mobile,PACERS,4,LEAD,10,6,595.87,4.13,60.0,0.7
FieldSize,Hobart,1609,Mobile,PACERS,5,LEAD,16,11,702.6,397.4,68.8,56.6
FieldSize,Hobart,1609,Mobile,PACERS,6,LEAD,42,22,1416.59,783.41,52.4,55.3
FieldSize,Hobart,1609,Mobile,PACERS,7,LEAD,45,20,1542.92,457.08,44.4,29.6
FieldSize,Hobart,1609,Mobile,PACERS,8,LEAD,68,32,2276.13,923.87,47.1,40.6
FieldSize,Hobart,1609,Mobile,PACERS,9,LEAD,52,24,1289.31,1110.69,46.2,86.1
FieldSize,Hobart,1609,Mobile,TROTTERS,5,B/LEAD,1,0,5.56,-5.56,0.0,-100.0
FieldSize,Hobart,1609,Mobile,TROTTERS,5,DEATH,1,0,25.0,-25.0,0.0,-100.0
FieldSize,Hobart,1609,Mobile,TROTTERS,5,LEAD,1,1,16.67,83.33,100.0,499.9
FieldSize,Hobart,2090,Mobile,PACERS,10,B/LEAD,127,13,1525.75,-225.75,10.2,-14.8
FieldSize,Hobart,2090,Mobile,PACERS,11,B/LEAD,136,15,1615.16,-115.16,11.0,-7.1
FieldSize,Hobart,2090,Mobile,PACERS,12,B/LEAD,370,46,4435.93,164.07,12.4,3.7
FieldSize,Hobart,2090,Mobile,PACERS,3,B/LEAD,1,0,15.38,-15.38,0.0,-100.0
FieldSize,Hobart,2090,Mobile,PACERS,4,B/LEAD,3,0,21.01,-21.01,0.0,-100.0
FieldSize,Hobart,2090,Mobile,PACERS,5,B/LEAD,29,5,621.03,-121.03,17.2,-19.5
FieldSize,Hobart,2090,Mobile,PACERS,6,B/LEAD,91,17,1373.65,226.35,18.7,16.5
FieldSize,Hobart,2090,Mobile,PACERS,7,B/LEAD,74,8,1043.16,-243.16,10.8,-23.3
FieldSize,Hobart,2090,Mobile,PACERS,8,B/LEAD,112,11,1550.82,-450.82,9.8,-29.1
FieldSize,Hobart,2090,Mobile,PACERS,9,B/LEAD,107,14,1471.7,-71.7,13.1,-4.9
FieldSize,Hobart,2090,Mobile,PACERS,10,DEATH,102,6,1779.74,-1179.74,5.9,-66.3
FieldSize,Hobart,2090,Mobile,PACERS,11,DEATH,108,11,2032.91,-932.91,10.2,-45.9
FieldSize,Hobart,2090,Mobile,PACERS,12,DEATH,303,29,4415.21,-1615.21,9.6,-36.6
FieldSize,Hobart,2090,Mobile,PACERS,4,DEATH,2,2,94.9,105.1,100.0,110.7
FieldSize,Hobart,2090,Mobile,PACERS,5,DEATH,20,5,567.32,-67.32,25.0,-11.9
FieldSize,Hobart,2090,Mobile,PACERS,6,DEATH,76,10,2045.44,-1045.44,13.2,-51.1
FieldSize,Hobart,2090,Mobile,PACERS,7,DEATH,61,10,1221.81,-221.81,16.4,-18.2
FieldSize,Hobart,2090,Mobile,PACERS,8,DEATH,103,11,2054.72,-954.72,10.7,-46.5
FieldSize,Hobart,2090,Mobile,PACERS,9,DEATH,90,12,1753.91,-553.91,13.3,-31.6
FieldSize,Hobart,2090,Mobile,PACERS,10,LEAD,104,26,2512.78,87.22,25.0,3.5
FieldSize,Hobart,2090,Mobile,PACERS,11,LEAD,105,39,2403.72,1496.28,37.1,62.2
FieldSize,Hobart,2090,Mobile,PACERS,12,LEAD,289,96,5884.69,3715.31,33.2,63.1
FieldSize,Hobart,2090,Mobile,PACERS,4,LEAD,3,1,125.2,-25.2,33.3,-20.1
FieldSize,Hobart,2090,Mobile,PACERS,5,LEAD,23,10,843.19,156.81,43.5,18.6
FieldSize,Hobart,2090,Mobile,PACERS,6,LEAD,83,33,3031.62,168.38,39.8,5.6
FieldSize,Hobart,2090,Mobile,PACERS,7,LEAD,60,23,1887.03,412.97,38.3,21.9
FieldSize,Hobart,2090,Mobile,PACERS,8,LEAD,101,44,2775.59,1624.41,43.6,58.5
FieldSize,Hobart,2090,Mobile,PACERS,9,LEAD,90,30,2052.19,847.81,33.3,41.3
FieldSize,Hobart,2090,Mobile,TROTTERS,7,B/LEAD,1,0,23.81,-23.81,0.0,-100.0
FieldSize,Hobart,2090,Mobile,TROTTERS,7,DEATH,1,0,4.76,-4.76,0.0,-100.0
FieldSize,Hobart,2090,Mobile,TROTTERS,7,LEAD,1,1,11.11,88.89,100.0,800.1
FieldSize,Hobart,2090,Stand,PACERS,10,B/LEAD,8,3,118.24,181.76,37.5,153.7
FieldSize,Hobart,2090,Stand,PACERS,11,B/LEAD,8,4,157.47,242.53,50.0,154.0
FieldSize,Hobart,2090,Stand,PACERS,12,B/LEAD,5,0,60.57,-60.57,0.0,-100.0
FieldSize,Hobart,2090,Stand,PACERS,13,B/LEAD,3,1,26.79,73.21,33.3,273.3
FieldSize,Hobart,2090,Stand,PACERS,14,B/LEAD,9,1,122.73,-22.73,11.1,-18.5
FieldSize,Hobart,2090,Stand,PACERS,6,B/LEAD,5,1,65.72,34.28,20.0,52.2
FieldSize,Hobart,2090,Stand,PACERS,7,B/LEAD,3,1,47.18,52.82,33.3,112.0
FieldSize,Hobart,2090,Stand,PACERS,8,B/LEAD,9,2,142.01,57.99,22.2,40.8
FieldSize,Hobart,2090,Stand,PACERS,9,B/LEAD,10,1,118.39,-18.39,10.0,-15.5
FieldSize,Hobart,2090,Stand,PACERS,10,DEATH,6,0,71.29,-71.29,0.0,-100.0
FieldSize,Hobart,2090,Stand,PACERS,11,DEATH,6,0,52.45,-52.45,0.0,-100.0
FieldSize,Hobart,2090,Stand,PACERS,12,DEATH,4,0,45.72,-45.72,0.0,-100.0
FieldSize,Hobart,2090,Stand,PACERS,13,DEATH,3,0,17.89,-17.89,0.0,-100.0
FieldSize,Hobart,2090,Stand,PACERS,14,DEATH,9,0,99.4,-99.4,0.0,-100.0
FieldSize,Hobart,2090,Stand,PACERS,6,DEATH,3,2,103.19,96.81,66.7,93.8
FieldSize,Hobart,2090,Stand,PACERS,7,DEATH,2,0,64.05,-64.05,0.0,-100.0
FieldSize,Hobart,2090,Stand,PACERS,8,DEATH,7,0,193.86,-193.86,0.0,-100.0
FieldSize,Hobart,2090,Stand,PACERS,9,DEATH,8,1,143.26,-43.26,12.5,-30.2
FieldSize,Hobart,2090,Stand,PACERS,10,LEAD,5,2,89.69,110.31,40.0,123.0
FieldSize,Hobart,2090,Stand,PACERS,11,LEAD,6,1,206.39,-106.39,16.7,-51.5
FieldSize,Hobart,2090,Stand,PACERS,12,LEAD,4,2,80.2,119.8,50.0,149.4
FieldSize,Hobart,2090,Stand,PACERS,13,LEAD,3,0,34.27,-34.27,0.0,-100.0
FieldSize,Hobart,2090,Stand,PACERS,14,LEAD,9,5,148.26,351.74,55.6,237.2
FieldSize,Hobart,2090,Stand,PACERS,6,LEAD,4,1,125.65,-25.65,25.0,-20.4
FieldSize,Hobart,2090,Stand,PACERS,7,LEAD,2,0,34.85,-34.85,0.0,-100.0
FieldSize,Hobart,2090,Stand,PACERS,8,LEAD,7,2,115.68,84.32,28.6,72.9
FieldSize,Hobart,2090,Stand,PACERS,9,LEAD,7,1,126.25,-26.25,14.3,-20.8
FieldSize,Hobart,2090,Stand,TROTTERS,5,B/LEAD,1,0,32.26,-32.26,0.0,-100.0
FieldSize,Hobart,2090,Stand,TROTTERS,6,B/LEAD,2,1,13.85,86.15,50.0,622.0
FieldSize,Hobart,2090,Stand,TROTTERS,6,LEAD,1,0,3.85,-3.85,0.0,-100.0
FieldSize,Hobart,2579,Mobile,PACERS,10,B/LEAD,2,0,38.09,-38.09,0.0,-100.0
FieldSize,Hobart,2579,Mobile,PACERS,11,B/LEAD,2,1,53.78,46.22,50.0,85.9
FieldSize,Hobart,2579,Mobile,PACERS,12,B/LEAD,9,1,110.89,-10.89,11.1,-9.8
FieldSize,Hobart,2579,Mobile,PACERS,4,B/LEAD,1,0,6.25,-6.25,0.0,-100.0
FieldSize,Hobart,2579,Mobile,PACERS,5,B/LEAD,2,0,20.14,-20.14,0.0,-100.0
FieldSize,Hobart,2579,Mobile,PACERS,6,B/LEAD,1,0,5.88,-5.88,0.0,-100.0
FieldSize,Hobart,2579,Mobile,PACERS,7,B/LEAD,3,0,62.12,-62.12,0.0,-100.0
FieldSize,Hobart,2579,Mobile,PACERS,8,B/LEAD,2,0,17.66,-17.66,0.0,-100.0
FieldSize,Hobart,2579,Mobile,PACERS,9,B/LEAD,3,0,14.76,-14.76,0.0,-100.0
FieldSize,Hobart,2579,Mobile,PACERS,10,DEATH,1,0,9.09,-9.09,0.0,-100.0
FieldSize,Hobart,2579,Mobile,PACERS,11,DEATH,2,0,12.69,-12.69,0.0,-100.0
FieldSize,Hobart,2579,Mobile,PACERS,12,DEATH,9,0,136.15,-136.15,0.0,-100.0
FieldSize,Hobart,2579,Mobile,PACERS,5,DEATH,2,0,35.38,-35.38,0.0,-100.0
FieldSize,Hobart,2579,Mobile,PACERS,6,DEATH,1,0,25.0,-25.0,0.0,-100.0
FieldSize,Hobart,2579,Mobile,PACERS,7,DEATH,2,0,7.99,-7.99,0.0,-100.0
FieldSize,Hobart,2579,Mobile,PACERS,8,DEATH,1,0,5.0,-5.0,0.0,-100.0
FieldSize,Hobart,2579,Mobile,PACERS,9,DEATH,2,1,37.02,62.98,50.0,170.1
FieldSize,Hobart,2579,Mobile,PACERS,10,LEAD,1,0,20.83,-20.83,0.0,-100.0
FieldSize,Hobart,2579,Mobile,PACERS,11,LEAD,2,1,141.77,-41.77,50.0,-29.5
FieldSize,Hobart,2579,Mobile,PACERS,12,LEAD,7,3,212.04,87.96,42.9,41.5
FieldSize,Hobart,2579,Mobile,PACERS,4,LEAD,1,1,86.21,13.79,100.0,16.0
FieldSize,Hobart,2579,Mobile,PACERS,5,LEAD,2,2,143.35,56.65,100.0,39.5
FieldSize,Hobart,2579,Mobile,PACERS,6,LEAD,1,0,10.0,-10.0,0.0,-100.0
FieldSize,Hobart,2579,Mobile,PACERS,7,LEAD,2,1,102.88,-2.88,50.0,-2.8
FieldSize,Hobart,2579,Mobile,PACERS,8,LEAD,2,1,139.79,-39.79,50.0,-28.5
FieldSize,Hobart,2579,Mobile,PACERS,9,LEAD,2,0,10.82,-10.82,0.0,-100.0
FieldSize,Hobart,2579,Stand,PACERS,10,B/LEAD,5,1,72.83,27.17,20.0,37.3
FieldSize,Hobart,2579,Stand,PACERS,11,B/LEAD,4,1,34.62,65.38,25.0,188.9
FieldSize,Hobart,2579,Stand,PACERS,12,B/LEAD,3,0,15.98,-15.98,0.0,-100.0
FieldSize,Hobart,2579,Stand,PACERS,13,B/LEAD,7,0,67.98,-67.98,0.0,-100.0
FieldSize,Hobart,2579,Stand,PACERS,14,B/LEAD,7,0,36.69,-36.69,0.0,-100.0
FieldSize,Hobart,2579,Stand,PACERS,4,B/LEAD,1,0,1.64,-1.64,0.0,-100.0
FieldSize,Hobart,2579,Stand,PACERS,5,B/LEAD,1,0,1.64,-1.64,0.0,-100.0
FieldSize,Hobart,2579,Stand,PACERS,6,B/LEAD,1,1,27.03,72.97,100.0,270.0
FieldSize,Hobart,2579,Stand,PACERS,7,B/LEAD,8,0,65.41,-65.41,0.0,-100.0
FieldSize,Hobart,2579,Stand,PACERS,8,B/LEAD,5,0,63.7,-63.7,0.0,-100.0
FieldSize,Hobart,2579,Stand,PACERS,9,B/LEAD,4,0,59.64,-59.64,0.0,-100.0
FieldSize,Hobart,2579,Stand,PACERS,10,DEATH,3,0,24.98,-24.98,0.0,-100.0
FieldSize,Hobart,2579,Stand,PACERS,11,DEATH,3,0,55.93,-55.93,0.0,-100.0
FieldSize,Hobart,2579,Stand,PACERS,12,DEATH,2,0,8.85,-8.85,0.0,-100.0
FieldSize,Hobart,2579,Stand,PACERS,13,DEATH,8,3,167.44,132.56,37.5,79.2
FieldSize,Hobart,2579,Stand,PACERS,14,DEATH,3,0,59.89,-59.89,0.0,-100.0
FieldSize,Hobart,2579,Stand,PACERS,4,DEATH,1,0,20.83,-20.83,0.0,-100.0
FieldSize,Hobart,2579,Stand,PACERS,5,DEATH,1,0,71.43,-71.43,0.0,-100.0
FieldSize,Hobart,2579,Stand,PACERS,6,DEATH,1,0,16.67,-16.67,0.0,-100.0
FieldSize,Hobart,2579,Stand,PACERS,7,DEATH,5,2,188.21,11.79,40.0,6.3
FieldSize,Hobart,2579,Stand,PACERS,8,DEATH,5,1,77.71,22.29,20.0,28.7
FieldSize,Hobart,2579,Stand,PACERS,9,DEATH,2,0,43.71,-43.71,0.0,-100.0
FieldSize,Hobart,2579,Stand,PACERS,10,LEAD,3,1,97.53,2.47,33.3,2.5
FieldSize,Hobart,2579,Stand,PACERS,11,LEAD,2,0,11.53,-11.53,0.0,-100.0
FieldSize,Hobart,2579,Stand,PACERS,12,LEAD,2,1,30.56,69.44,50.0,227.2
FieldSize,Hobart,2579,Stand,PACERS,13,LEAD,6,1,115.22,-15.22,16.7,-13.2
FieldSize,Hobart,2579,Stand,PACERS,14,LEAD,1,0,12.5,-12.5,0.0,-100.0
FieldSize,Hobart,2579,Stand,PACERS,4,LEAD,1,1,40.0,60.0,100.0,150.0
FieldSize,Hobart,2579,Stand,PACERS,5,LEAD,1,1,20.0,80.0,100.0,400.0
FieldSize,Hobart,2579,Stand,PACERS,6,LEAD,1,0,37.04,-37.04,0.0,-100.0
FieldSize,Hobart,2579,Stand,PACERS,7,LEAD,5,2,72.12,127.88,40.0,177.3
FieldSize,Hobart,2579,Stand,PACERS,8,LEAD,5,2,108.11,91.89,40.0,85.0
FieldSize,Hobart,2579,Stand,PACERS,9,LEAD,3,1,48.18,51.82,33.3,107.6
FieldSize,Hobart,2579,Stand,TROTTERS,6,B/LEAD,1,1,21.74,78.26,100.0,360.0
FieldSize,Hobart,2579,Stand,TROTTERS,6,DEATH,1,0,10.0,-10.0,0.0,-100.0
FieldSize,Hobart,3060,Stand,PACERS,7,B/LEAD,1,0,23.81,-23.81,0.0,-100.0
FieldSize,Hobart,3060,Stand,PACERS,7,DEATH,1,0,10.53,-10.53,0.0,-100.0
FieldSize,Hobart,3060,Stand,PACERS,7,LEAD,1,0,18.18,-18.18,0.0,-100.0
FieldSize,Horsham,1700,Mobile,PACERS,10,B/LEAD,49,10,750.78,249.22,20.4,33.2
FieldSize,Horsham,1700,Mobile,PACERS,11,B/LEAD,5,0,58.15,-58.15,0.0,-100.0
FieldSize,Horsham,1700,Mobile,PACERS,12,B/LEAD,3,0,36.49,-36.49,0.0,-100.0
FieldSize,Horsham,1700,Mobile,PACERS,4,B/LEAD,2,1,50.0,50.0,50.0,100.0
FieldSize,Horsham,1700,Mobile,PACERS,5,B/LEAD,2,0,35.26,-35.26,0.0,-100.0
FieldSize,Horsham,1700,Mobile,PACERS,6,B/LEAD,12,2,190.57,9.43,16.7,4.9
FieldSize,Horsham,1700,Mobile,PACERS,7,B/LEAD,17,2,256.23,-56.23,11.8,-21.9
FieldSize,Horsham,1700,Mobile,PACERS,8,B/LEAD,43,6,756.87,-156.87,14.0,-20.7
FieldSize,Horsham,1700,Mobile,PACERS,9,B/LEAD,31,4,407.1,-7.1,12.9,-1.7
FieldSize,Horsham,1700,Mobile,PACERS,10,DEATH,48,10,951.52,48.48,20.8,5.1
FieldSize,Horsham,1700,Mobile,PACERS,11,DEATH,3,0,28.2,-28.2,0.0,-100.0
FieldSize,Horsham,1700,Mobile,PACERS,12,DEATH,3,0,28.21,-28.21,0.0,-100.0
FieldSize,Horsham,1700,Mobile,PACERS,4,DEATH,1,1,32.26,67.74,100.0,210.0
FieldSize,Horsham,1700,Mobile,PACERS,5,DEATH,1,0,32.26,-32.26,0.0,-100.0
FieldSize,Horsham,1700,Mobile,PACERS,6,DEATH,10,3,278.41,21.59,30.0,7.8
FieldSize,Horsham,1700,Mobile,PACERS,7,DEATH,17,4,390.79,9.21,23.5,2.4
FieldSize,Horsham,1700,Mobile,PACERS,8,DEATH,42,5,795.18,-295.18,11.9,-37.1
FieldSize,Horsham,1700,Mobile,PACERS,9,DEATH,31,3,500.62,-200.62,9.7,-40.1
FieldSize,Horsham,1700,Mobile,PACERS,10,LEAD,49,18,1160.12,639.88,36.7,55.2
FieldSize,Horsham,1700,Mobile,PACERS,11,LEAD,4,1,87.62,12.38,25.0,14.1
FieldSize,Horsham,1700,Mobile,PACERS,12,LEAD,3,1,57.12,42.88,33.3,75.1
FieldSize,Horsham,1700,Mobile,PACERS,4,LEAD,2,0,110.61,-110.61,0.0,-100.0
FieldSize,Horsham,1700,Mobile,PACERS,5,LEAD,2,1,45.41,54.59,50.0,120.2
FieldSize,Horsham,1700,Mobile,PACERS,6,LEAD,12,4,434.47,-34.47,33.3,-7.9
FieldSize,Horsham,1700,Mobile,PACERS,7,LEAD,17,6,485.65,114.35,35.3,23.5
FieldSize,Horsham,1700,Mobile,PACERS,8,LEAD,43,17,1336.79,363.21,39.5,27.2
FieldSize,Horsham,1700,Mobile,PACERS,9,LEAD,31,18,886.8,913.2,58.1,103.0
FieldSize,Horsham,1700,Mobile,TROTTERS,10,B/LEAD,2,1,27.5,72.5,50.0,263.6
FieldSize,Horsham,1700,Mobile,TROTTERS,11,B/LEAD,1,0,20.83,-20.83,0.0,-100.0
FieldSize,Horsham,1700,Mobile,TROTTERS,6,B/LEAD,1,0,20.83,-20.83,0.0,-100.0
FieldSize,Horsham,1700,Mobile,TROTTERS,7,B/LEAD,1,0,10.0,-10.0,0.0,-100.0
FieldSize,Horsham,1700,Mobile,TROTTERS,8,B/LEAD,2,0,21.66,-21.66,0.0,-100.0
FieldSize,Horsham,1700,Mobile,TROTTERS,10,DEATH,2,0,15.77,-15.77,0.0,-100.0
FieldSize,Horsham,1700,Mobile,TROTTERS,11,DEATH,1,0,22.73,-22.73,0.0,-100.0
FieldSize,Horsham,1700,Mobile,TROTTERS,6,DEATH,1,1,66.67,33.33,100.0,50.0
FieldSize,Horsham,1700,Mobile,TROTTERS,7,DEATH,1,0,37.04,-37.04,0.0,-100.0
FieldSize,Horsham,1700,Mobile,TROTTERS,8,DEATH,2,1,58.29,41.71,50.0,71.6
FieldSize,Horsham,1700,Mobile,TROTTERS,10,LEAD,2,0,55.05,-55.05,0.0,-100.0
FieldSize,Horsham,1700,Mobile,TROTTERS,11,LEAD,1,1,1.41,98.59,100.0,6992.2
FieldSize,Horsham,1700,Mobile,TROTTERS,6,LEAD,1,0,18.18,-18.18,0.0,-100.0
FieldSize,Horsham,1700,Mobile,TROTTERS,7,LEAD,1,1,43.48,56.52,100.0,130.0
FieldSize,Horsham,1700,Mobile,TROTTERS,8,LEAD,2,0,45.83,-45.83,0.0,-100.0
FieldSize,Horsham,2200,Mobile,PACERS,10,B/LEAD,32,7,467.04,232.96,21.9,49.9
FieldSize,Horsham,2200,Mobile,PACERS,11,B/LEAD,14,2,110.26,89.74,14.3,81.4
FieldSize,Horsham,2200,Mobile,PACERS,12,B/LEAD,8,0,36.59,-36.59,0.0,-100.0
FieldSize,Horsham,2200,Mobile,PACERS,5,B/LEAD,4,2,98.99,101.01,50.0,102.0
FieldSize,Horsham,2200,Mobile,PACERS,6,B/LEAD,9,2,172.06,27.94,22.2,16.2
FieldSize,Horsham,2200,Mobile,PACERS,7,B/LEAD,21,2,254.44,-54.44,9.5,-21.4
FieldSize,Horsham,2200,Mobile,PACERS,8,B/LEAD,26,5,428.64,71.36,19.2,16.6
FieldSize,Horsham,2200,Mobile,PACERS,9,B/LEAD,19,5,335.43,164.57,26.3,49.1
FieldSize,Horsham,2200,Mobile,PACERS,10,DEATH,33,5,654.58,-154.58,15.2,-23.6
FieldSize,Horsham,2200,Mobile,PACERS,11,DEATH,14,0,208.96,-208.96,0.0,-100.0
FieldSize,Horsham,2200,Mobile,PACERS,12,DEATH,9,3,164.85,135.15,33.3,82.0
FieldSize,Horsham,2200,Mobile,PACERS,5,DEATH,3,1,164.07,-64.07,33.3,-39.1
FieldSize,Horsham,2200,Mobile,PACERS,6,DEATH,9,1,209.2,-109.2,11.1,-52.2
FieldSize,Horsham,2200,Mobile,PACERS,7,DEATH,21,2,451.58,-251.58,9.5,-55.7
FieldSize,Horsham,2200,Mobile,PACERS,8,DEATH,26,4,474.6,-74.6,15.4,-15.7
FieldSize,Horsham,2200,Mobile,PACERS,9,DEATH,20,3,352.31,-52.31,15.0,-14.8
FieldSize,Horsham,2200,Mobile,PACERS,10,LEAD,31,10,882.98,117.02,32.3,13.3
FieldSize,Horsham,2200,Mobile,PACERS,11,LEAD,14,6,408.57,191.43,42.9,46.9
FieldSize,Horsham,2200,Mobile,PACERS,12,LEAD,8,1,183.09,-83.09,12.5,-45.4
FieldSize,Horsham,2200,Mobile,PACERS,5,LEAD,4,0,102.56,-102.56,0.0,-100.0
FieldSize,Horsham,2200,Mobile,PACERS,6,LEAD,9,4,249.74,150.26,44.4,60.2
FieldSize,Horsham,2200,Mobile,PACERS,7,LEAD,22,12,700.2,499.8,54.5,71.4
FieldSize,Horsham,2200,Mobile,PACERS,8,LEAD,26,9,796.77,103.23,34.6,13.0
FieldSize,Horsham,2200,Mobile,PACERS,9,LEAD,20,7,628.22,71.78,35.0,11.4
FieldSize,Horsham,2200,Mobile,TROTTERS,10,B/LEAD,4,0,37.55,-37.55,0.0,-100.0
FieldSize,Horsham,2200,Mobile,TROTTERS,11,B/LEAD,2,0,3.37,-3.37,0.0,-100.0
FieldSize,Horsham,2200,Mobile,TROTTERS,6,B/LEAD,2,0,8.51,-8.51,0.0,-100.0
FieldSize,Horsham,2200,Mobile,TROTTERS,7,B/LEAD,5,0,63.89,-63.89,0.0,-100.0
FieldSize,Horsham,2200,Mobile,TROTTERS,8,B/LEAD,6,1,113.66,-13.66,16.7,-12.0
FieldSize,Horsham,2200,Mobile,TROTTERS,9,B/LEAD,6,0,55.96,-55.96,0.0,-100.0
FieldSize,Horsham,2200,Mobile,TROTTERS,10,DEATH,4,0,70.07,-70.07,0.0,-100.0
FieldSize,Horsham,2200,Mobile,TROTTERS,11,DEATH,2,0,11.14,-11.14,0.0,-100.0
FieldSize,Horsham,2200,Mobile,TROTTERS,6,DEATH,1,0,20.0,-20.0,0.0,-100.0
FieldSize,Horsham,2200,Mobile,TROTTERS,7,DEATH,5,0,47.17,-47.17,0.0,-100.0
FieldSize,Horsham,2200,Mobile,TROTTERS,8,DEATH,6,0,91.87,-91.87,0.0,-100.0
FieldSize,Horsham,2200,Mobile,TROTTERS,9,DEATH,6,1,147.36,-47.36,16.7,-32.1
FieldSize,Horsham,2200,Mobile,TROTTERS,10,LEAD,4,2,87.85,112.15,50.0,127.7
FieldSize,Horsham,2200,Mobile,TROTTERS,11,LEAD,2,1,62.02,37.98,50.0,61.2
FieldSize,Horsham,2200,Mobile,TROTTERS,6,LEAD,2,1,24.68,75.32,50.0,305.2
FieldSize,Horsham,2200,Mobile,TROTTERS,7,LEAD,5,2,219.22,-19.22,40.0,-8.8
FieldSize,Horsham,2200,Mobile,TROTTERS,8,LEAD,6,3,95.61,204.39,50.0,213.8
FieldSize,Horsham,2200,Mobile,TROTTERS,9,LEAD,6,3,160.32,139.68,50.0,87.1
FieldSize,Horsham,2200,Stand,TROTTERS,10,B/LEAD,2,0,5.44,-5.44,0.0,-100.0
FieldSize,Horsham,2200,Stand,TROTTERS,11,B/LEAD,3,0,41.05,-41.05,0.0,-100.0
FieldSize,Horsham,2200,Stand,TROTTERS,6,B/LEAD,1,0,25.0,-25.0,0.0,-100.0
FieldSize,Horsham,2200,Stand,TROTTERS,7,B/LEAD,5,0,41.61,-41.61,0.0,-100.0
FieldSize,Horsham,2200,Stand,TROTTERS,8,B/LEAD,2,0,18.14,-18.14,0.0,-100.0
FieldSize,Horsham,2200,Stand,TROTTERS,9,B/LEAD,6,0,61.57,-61.57,0.0,-100.0
FieldSize,Horsham,2200,Stand,TROTTERS,10,DEATH,2,0,25.82,-25.82,0.0,-100.0
FieldSize,Horsham,2200,Stand,TROTTERS,11,DEATH,3,0,6.05,-6.05,0.0,-100.0
FieldSize,Horsham,2200,Stand,TROTTERS,6,DEATH,1,0,40.0,-40.0,0.0,-100.0
FieldSize,Horsham,2200,Stand,TROTTERS,7,DEATH,5,2,125.4,74.6,40.0,59.5
FieldSize,Horsham,2200,Stand,TROTTERS,8,DEATH,2,1,72.52,27.48,50.0,37.9
FieldSize,Horsham,2200,Stand,TROTTERS,9,DEATH,5,1,73.98,26.02,20.0,35.2
FieldSize,Horsham,2200,Stand,TROTTERS,10,LEAD,2,1,67.34,32.66,50.0,48.5
FieldSize,Horsham,2200,Stand,TROTTERS,11,LEAD,3,2,98.81,101.19,66.7,102.4
FieldSize,Horsham,2200,Stand,TROTTERS,6,LEAD,1,1,41.67,58.33,100.0,140.0
FieldSize,Horsham,2200,Stand,TROTTERS,7,LEAD,5,2,85.94,114.06,40.0,132.7
FieldSize,Horsham,2200,Stand,TROTTERS,8,LEAD,2,0,63.05,-63.05,0.0,-100.0
FieldSize,Horsham,2200,Stand,TROTTERS,9,LEAD,6,1,140.24,-40.24,16.7,-28.7
FieldSize,Horsham,2700,Mobile,PACERS,12,B/LEAD,2,0,25.38,-25.38,0.0,-100.0
FieldSize,Horsham,2700,Mobile,PACERS,9,B/LEAD,2,0,1.69,-1.69,0.0,-100.0
FieldSize,Horsham,2700,Mobile,PACERS,12,DEATH,2,0,44.44,-44.44,0.0,-100.0
FieldSize,Horsham,2700,Mobile,PACERS,9,DEATH,2,0,15.42,-15.42,0.0,-100.0
FieldSize,Horsham,2700,Mobile,PACERS,12,LEAD,2,1,28.88,71.12,50.0,246.3
FieldSize,Horsham,2700,Mobile,PACERS,9,LEAD,2,1,125.49,-25.49,50.0,-20.3
FieldSize,Horsham,2700,Stand,TROTTERS,10,B/LEAD,3,0,33.42,-33.42,0.0,-100.0
FieldSize,Horsham,2700,Stand,TROTTERS,5,B/LEAD,1,0,23.81,-23.81,0.0,-100.0
FieldSize,Horsham,2700,Stand,TROTTERS,6,B/LEAD,1,0,8.33,-8.33,0.0,-100.0
FieldSize,Horsham,2700,Stand,TROTTERS,8,B/LEAD,1,0,11.11,-11.11,0.0,-100.0
FieldSize,Horsham,2700,Stand,TROTTERS,10,DEATH,3,1,47.78,52.22,33.3,109.3
FieldSize,Horsham,2700,Stand,TROTTERS,6,DEATH,1,1,41.67,58.33,100.0,140.0
FieldSize,Horsham,2700,Stand,TROTTERS,8,DEATH,1,0,14.29,-14.29,0.0,-100.0
FieldSize,Horsham,2700,Stand,TROTTERS,10,LEAD,3,1,88.94,11.06,33.3,12.4
FieldSize,Horsham,2700,Stand,TROTTERS,5,LEAD,1,1,22.22,77.78,100.0,350.0
FieldSize,Horsham,2700,Stand,TROTTERS,6,LEAD,1,0,45.45,-45.45,0.0,-100.0
FieldSize,Horsham,2700,Stand,TROTTERS,8,LEAD,1,0,37.04,-37.04,0.0,-100.0
FieldSize,Junee,1760,Mobile,PACERS,10,B/LEAD,72,7,1230.0,-530.0,9.7,-43.1
FieldSize,Junee,1760,Mobile,PACERS,6,B/LEAD,1,0,1.23,-1.23,0.0,-100.0
FieldSize,Junee,1760,Mobile,PACERS,7,B/LEAD,4,0,104.0,-104.0,0.0,-100.0
FieldSize,Junee,1760,Mobile,PACERS,8,B/LEAD,16,0,156.08,-156.08,0.0,-100.0
FieldSize,Junee,1760,Mobile,PACERS,9,B/LEAD,44,3,506.19,-206.19,6.8,-40.7
FieldSize,Junee,1760,Mobile,PACERS,10,DEATH,70,9,1006.77,-106.77,12.9,-10.6
FieldSize,Junee,1760,Mobile,PACERS,6,DEATH,1,0,33.33,-33.33,0.0,-100.0
FieldSize,Junee,1760,Mobile,PACERS,7,DEATH,4,0,134.18,-134.18,0.0,-100.0
FieldSize,Junee,1760,Mobile,PACERS,8,DEATH,16,6,370.55,229.45,37.5,61.9
FieldSize,Junee,1760,Mobile,PACERS,9,DEATH,43,6,775.86,-175.86,14.0,-22.7
FieldSize,Junee,1760,Mobile,PACERS,10,LEAD,71,29,1772.18,1127.82,40.8,63.6
FieldSize,Junee,1760,Mobile,PACERS,6,LEAD,1,1,58.82,41.18,100.0,70.0
FieldSize,Junee,1760,Mobile,PACERS,7,LEAD,4,2,111.36,88.64,50.0,79.6
FieldSize,Junee,1760,Mobile,PACERS,8,LEAD,16,4,565.63,-165.63,25.0,-29.3
FieldSize,Junee,1760,Mobile,PACERS,9,LEAD,44,28,1295.93,1504.07,63.6,116.1
FieldSize,Junee,2170,Mobile,PACERS,10,B/LEAD,17,2,194.06,5.94,11.8,3.1
FieldSize,Junee,2170,Mobile,PACERS,6,B/LEAD,1,0,13.33,-13.33,0.0,-100.0
FieldSize,Junee,2170,Mobile,PACERS,7,B/LEAD,4,0,49.72,-49.72,0.0,-100.0
FieldSize,Junee,2170,Mobile,PACERS,8,B/LEAD,6,1,61.87,38.13,16.7,61.6
FieldSize,Junee,2170,Mobile,PACERS,9,B/LEAD,12,0,140.02,-140.02,0.0,-100.0
FieldSize,Junee,2170,Mobile,PACERS,10,DEATH,17,5,291.8,208.2,29.4,71.4
FieldSize,Junee,2170,Mobile,PACERS,6,DEATH,1,0,16.67,-16.67,0.0,-100.0
FieldSize,Junee,2170,Mobile,PACERS,7,DEATH,4,1,166.98,-66.98,25.0,-40.1
FieldSize,Junee,2170,Mobile,PACERS,8,DEATH,6,0,76.78,-76.78,0.0,-100.0
FieldSize,Junee,2170,Mobile,PACERS,9,DEATH,12,2,381.09,-181.09,16.7,-47.5
FieldSize,Junee,2170,Mobile,PACERS,10,LEAD,17,8,411.82,388.18,47.1,94.3
FieldSize,Junee,2170,Mobile,PACERS,6,LEAD,1,1,78.12,21.88,100.0,28.0
FieldSize,Junee,2170,Mobile,PACERS,7,LEAD,4,2,82.33,117.67,50.0,142.9
FieldSize,Junee,2170,Mobile,PACERS,8,LEAD,6,4,239.14,160.86,66.7,67.3
FieldSize,Junee,2170,Mobile,PACERS,9,LEAD,12,3,347.29,-47.29,25.0,-13.6
FieldSize,Kapunda,1800,Mobile,PACERS,4,B/LEAD,1,0,26.32,-26.32,0.0,-100.0
FieldSize,Kapunda,1800,Mobile,PACERS,5,B/LEAD,2,0,6.8,-6.8,0.0,-100.0
FieldSize,Kapunda,1800,Mobile,PACERS,6,B/LEAD,6,0,45.84,-45.84,0.0,-100.0
FieldSize,Kapunda,1800,Mobile,PACERS,7,B/LEAD,2,0,12.18,-12.18,0.0,-100.0
FieldSize,Kapunda,1800,Mobile,PACERS,8,B/LEAD,8,1,88.59,11.41,12.5,12.9
FieldSize,Kapunda,1800,Mobile,PACERS,9,B/LEAD,14,0,173.91,-173.91,0.0,-100.0
FieldSize,Kapunda,1800,Mobile,PACERS,4,DEATH,1,0,50.0,-50.0,0.0,-100.0
FieldSize,Kapunda,1800,Mobile,PACERS,5,DEATH,2,1,76.92,23.08,50.0,30.0
FieldSize,Kapunda,1800,Mobile,PACERS,6,DEATH,7,4,233.9,166.1,57.1,71.0
FieldSize,Kapunda,1800,Mobile,PACERS,7,DEATH,2,1,82.1,17.9,50.0,21.8
FieldSize,Kapunda,1800,Mobile,PACERS,8,DEATH,8,1,91.29,8.71,12.5,9.5
FieldSize,Kapunda,1800,Mobile,PACERS,9,DEATH,14,6,212.93,387.07,42.9,181.8
FieldSize,Kapunda,1800,Mobile,PACERS,4,LEAD,1,1,33.33,66.67,100.0,200.0
FieldSize,Kapunda,1800,Mobile,PACERS,5,LEAD,2,0,28.37,-28.37,0.0,-100.0
FieldSize,Kapunda,1800,Mobile,PACERS,6,LEAD,6,1,169.7,-69.7,16.7,-41.1
FieldSize,Kapunda,1800,Mobile,PACERS,7,LEAD,2,0,29.07,-29.07,0.0,-100.0
FieldSize,Kapunda,1800,Mobile,PACERS,8,LEAD,8,2,271.53,-71.53,25.0,-26.3
FieldSize,Kapunda,1800,Mobile,PACERS,9,LEAD,14,3,312.28,-12.28,21.4,-3.9
FieldSize,Kapunda,1800,Mobile,TROTTERS,8,B/LEAD,1,0,23.81,-23.81,0.0,-100.0
FieldSize,Kapunda,1800,Mobile,TROTTERS,8,DEATH,1,0,11.11,-11.11,0.0,-100.0
FieldSize,Kapunda,1800,Mobile,TROTTERS,8,LEAD,1,0,6.67,-6.67,0.0,-100.0
FieldSize,Kapunda,2200,Mobile,PACERS,6,B/LEAD,1,1,27.78,72.22,100.0,260.0
FieldSize,Kapunda,2200,Mobile,PACERS,8,B/LEAD,2,1,20.99,79.01,50.0,376.4
FieldSize,Kapunda,2200,Mobile,PACERS,6,DEATH,1,0,5.26,-5.26,0.0,-100.0
FieldSize,Kapunda,2200,Mobile,PACERS,8,DEATH,2,1,38.14,61.86,50.0,162.2
FieldSize,Kapunda,2200,Mobile,PACERS,6,LEAD,1,0,40.0,-40.0,0.0,-100.0
FieldSize,Kapunda,2200,Mobile,PACERS,8,LEAD,2,0,36.89,-36.89,0.0,-100.0
FieldSize,Kapunda,2200,Mobile,TROTTERS,6,B/LEAD,1,1,50.0,50.0,100.0,100.0
FieldSize,Kapunda,2200,Mobile,TROTTERS,8,B/LEAD,1,0,16.67,-16.67,0.0,-100.0
FieldSize,Kapunda,2200,Mobile,TROTTERS,6,DEATH,1,0,11.63,-11.63,0.0,-100.0
FieldSize,Kapunda,2200,Mobile,TROTTERS,8,DEATH,1,0,8.33,-8.33,0.0,-100.0
FieldSize,Kapunda,2200,Mobile,TROTTERS,6,LEAD,1,0,18.87,-18.87,0.0,-100.0
FieldSize,Kapunda,2200,Mobile,TROTTERS,8,LEAD,1,1,54.05,45.95,100.0,85.0
FieldSize,Kapunda,2200,Stand,TROTTERS,11,B/LEAD,2,0,14.35,-14.35,0.0,-100.0
FieldSize,Kapunda,2200,Stand,TROTTERS,9,B/LEAD,1,0,34.48,-34.48,0.0,-100.0
FieldSize,Kapunda,2200,Stand,TROTTERS,11,DEATH,2,1,58.29,41.71,50.0,71.6
FieldSize,Kapunda,2200,Stand,TROTTERS,9,DEATH,1,1,32.26,67.74,100.0,210.0
FieldSize,Kapunda,2200,Stand,TROTTERS,11,LEAD,2,0,10.63,-10.63,0.0,-100.0
FieldSize,Kapunda,2200,Stand,TROTTERS,9,LEAD,1,0,12.5,-12.5,0.0,-100.0
FieldSize,Kapunda,2220,Mobile,PACERS,7,B/LEAD,1,0,45.45,-45.45,0.0,-100.0
FieldSize,Kapunda,2220,Mobile,PACERS,7,DEATH,1,0,6.21,-6.21,0.0,-100.0
FieldSize,Kapunda,2220,Mobile,PACERS,7,LEAD,1,1,18.87,81.13,100.0,429.9
FieldSize,Kapunda,2220,Mobile,TROTTERS,7,B/LEAD,1,0,22.22,-22.22,0.0,-100.0
FieldSize,Kapunda,2220,Mobile,TROTTERS,7,DEATH,1,0,30.3,-30.3,0.0,-100.0
FieldSize,Kapunda,2220,Mobile,TROTTERS,7,LEAD,1,1,17.54,82.46,100.0,470.1
FieldSize,Kapunda,2220,Stand,TROTTERS,8,B/LEAD,2,0,30.39,-30.39,0.0,-100.0
FieldSize,Kapunda,2220,Stand,TROTTERS,8,DEATH,2,1,42.06,57.94,50.0,137.8
FieldSize,Kapunda,2220,Stand,TROTTERS,8,LEAD,2,1,57.57,42.43,50.0,73.7
FieldSize,Kapunda,2610,Mobile,PACERS,9,B/LEAD,4,0,52.21,-52.21,0.0,-100.0
FieldSize,Kapunda,2610,Mobile,PACERS,9,DEATH,4,0,46.18,-46.18,0.0,-100.0
FieldSize,Kapunda,2610,Mobile,PACERS,9,LEAD,4,2,148.0,52.0,50.0,35.1
FieldSize,Kapunda,2610,Stand,PACERS,9,B/LEAD,1,0,11.11,-11.11,0.0,-100.0
FieldSize,Kapunda,2610,Stand,PACERS,9,DEATH,1,0,22.73,-22.73,0.0,-100.0
FieldSize,Kapunda,2610,Stand,PACERS,9,LEAD,1,0,47.62,-47.62,0.0,-100.0
FieldSize,Kapunda,2610,Stand,TROTTERS,10,B/LEAD,1,0,10.53,-10.53,0.0,-100.0
FieldSize,Kapunda,2610,Stand,TROTTERS,11,B/LEAD,1,0,3.86,-3.86,0.0,-100.0
FieldSize,Kapunda,2610,Stand,TROTTERS,6,B/LEAD,1,1,14.29,85.71,100.0,599.8
FieldSize,Kapunda,2610,Stand,TROTTERS,8,B/LEAD,1,0,2.44,-2.44,0.0,-100.0
FieldSize,Kapunda,2610,Stand,TROTTERS,9,B/LEAD,1,0,2.94,-2.94,0.0,-100.0
FieldSize,Kapunda,2610,Stand,TROTTERS,10,DEATH,1,0,11.76,-11.76,0.0,-100.0
FieldSize,Kapunda,2610,Stand,TROTTERS,11,DEATH,1,0,16.67,-16.67,0.0,-100.0
FieldSize,Kapunda,2610,Stand,TROTTERS,6,DEATH,1,0,6.25,-6.25,0.0,-100.0
FieldSize,Kapunda,2610,Stand,TROTTERS,8,DEATH,1,0,23.81,-23.81,0.0,-100.0
FieldSize,Kapunda,2610,Stand,TROTTERS,9,DEATH,1,0,40.0,-40.0,0.0,-100.0
FieldSize,Kapunda,2610,Stand,TROTTERS,10,LEAD,1,0,27.78,-27.78,0.0,-100.0
FieldSize,Kapunda,2610,Stand,TROTTERS,11,LEAD,1,0,22.22,-22.22,0.0,-100.0
FieldSize,Kapunda,2610,Stand,TROTTERS,6,LEAD,1,0,20.83,-20.83,0.0,-100.0
FieldSize,Kapunda,2610,Stand,TROTTERS,8,LEAD,1,0,6.25,-6.25,0.0,-100.0
FieldSize,Kapunda,2610,Stand,TROTTERS,9,LEAD,1,0,9.09,-9.09,0.0,-100.0
FieldSize,Kilcoy,1600,Stand,TROTTERS,6,B/LEAD,1,0,43.48,-43.48,0.0,-100.0
FieldSize,Kilcoy,1600,Stand,TROTTERS,6,LEAD,1,0,10.53,-10.53,0.0,-100.0
FieldSize,Kilcoy,1820,Mobile,PACERS,10,B/LEAD,4,1,14.69,85.31,25.0,580.7
FieldSize,Kilcoy,1820,Mobile,PACERS,5,B/LEAD,1,0,23.81,-23.81,0.0,-100.0
FieldSize,Kilcoy,1820,Mobile,PACERS,6,B/LEAD,4,1,129.28,-29.28,25.0,-22.6
FieldSize,Kilcoy,1820,Mobile,PACERS,7,B/LEAD,8,0,159.76,-159.76,0.0,-100.0
FieldSize,Kilcoy,1820,Mobile,PACERS,8,B/LEAD,12,1,120.14,-20.14,8.3,-16.8
FieldSize,Kilcoy,1820,Mobile,PACERS,9,B/LEAD,3,1,24.67,75.33,33.3,305.4
FieldSize,Kilcoy,1820,Mobile,PACERS,10,DEATH,4,0,15.0,-15.0,0.0,-100.0
FieldSize,Kilcoy,1820,Mobile,PACERS,5,DEATH,1,1,43.48,56.52,100.0,130.0
FieldSize,Kilcoy,1820,Mobile,PACERS,6,DEATH,4,1,75.53,24.47,25.0,32.4
FieldSize,Kilcoy,1820,Mobile,PACERS,7,DEATH,8,0,104.2,-104.2,0.0,-100.0
FieldSize,Kilcoy,1820,Mobile,PACERS,8,DEATH,12,1,127.47,-27.47,8.3,-21.6
FieldSize,Kilcoy,1820,Mobile,PACERS,9,DEATH,3,0,64.5,-64.5,0.0,-100.0
FieldSize,Kilcoy,1820,Mobile,PACERS,10,LEAD,4,1,72.79,27.21,25.0,37.4
FieldSize,Kilcoy,1820,Mobile,PACERS,5,LEAD,1,0,41.67,-41.67,0.0,-100.0
FieldSize,Kilcoy,1820,Mobile,PACERS,6,LEAD,4,1,54.38,45.62,25.0,83.9
FieldSize,Kilcoy,1820,Mobile,PACERS,7,LEAD,8,3,253.59,46.41,37.5,18.3
FieldSize,Kilcoy,1820,Mobile,PACERS,8,LEAD,12,3,231.69,68.31,25.0,29.5
FieldSize,Kilcoy,1820,Mobile,PACERS,9,LEAD,3,2,92.05,107.95,66.7,117.3
FieldSize,Kilmore,1690,Mobile,PACERS,10,B/LEAD,157,27,1842.75,857.25,17.2,46.5
FieldSize,Kilmore,1690,Mobile,PACERS,11,B/LEAD,16,1,87.27,12.73,6.2,14.6
FieldSize,Kilmore,1690,Mobile,PACERS,12,B/LEAD,22,3,218.07,81.93,13.6,37.6
FieldSize,Kilmore,1690,Mobile,PACERS,5,B/LEAD,6,0,146.98,-146.98,0.0,-100.0
FieldSize,Kilmore,1690,Mobile,PACERS,6,B/LEAD,20,5,479.41,20.59,25.0,4.3
FieldSize,Kilmore,1690,Mobile,PACERS,7,B/LEAD,37,6,615.53,-15.53,16.2,-2.5
FieldSize,Kilmore,1690,Mobile,PACERS,8,B/LEAD,86,11,1164.5,-64.5,12.8,-5.5
FieldSize,Kilmore,1690,Mobile,PACERS,9,B/LEAD,95,12,1318.05,-118.05,12.6,-9.0
FieldSize,Kilmore,1690,Mobile,PACERS,10,DEATH,156,26,2912.24,-312.24,16.7,-10.7
FieldSize,Kilmore,1690,Mobile,PACERS,11,DEATH,16,3,322.28,-22.28,18.8,-6.9
FieldSize,Kilmore,1690,Mobile,PACERS,12,DEATH,23,2,228.13,-28.13,8.7,-12.3
FieldSize,Kilmore,1690,Mobile,PACERS,5,DEATH,3,0,104.66,-104.66,0.0,-100.0
FieldSize,Kilmore,1690,Mobile,PACERS,6,DEATH,15,1,389.0,-289.0,6.7,-74.3
FieldSize,Kilmore,1690,Mobile,PACERS,7,DEATH,34,7,645.04,54.96,20.6,8.5
FieldSize,Kilmore,1690,Mobile,PACERS,8,DEATH,86,14,1921.28,-521.28,16.3,-27.1
FieldSize,Kilmore,1690,Mobile,PACERS,9,DEATH,95,11,1749.64,-649.64,11.6,-37.1
FieldSize,Kilmore,1690,Mobile,PACERS,10,LEAD,156,54,3877.1,1522.9,34.6,39.3
FieldSize,Kilmore,1690,Mobile,PACERS,11,LEAD,16,4,258.46,141.54,25.0,54.8
FieldSize,Kilmore,1690,Mobile,PACERS,12,LEAD,22,10,569.6,430.4,45.5,75.6
FieldSize,Kilmore,1690,Mobile,PACERS,5,LEAD,6,3,181.92,118.08,50.0,64.9
FieldSize,Kilmore,1690,Mobile,PACERS,6,LEAD,21,10,953.05,46.95,47.6,4.9
FieldSize,Kilmore,1690,Mobile,PACERS,7,LEAD,37,14,1462.92,-62.92,37.8,-4.3
FieldSize,Kilmore,1690,Mobile,PACERS,8,LEAD,86,32,2620.09,579.91,37.2,22.1
FieldSize,Kilmore,1690,Mobile,PACERS,9,LEAD,94,33,2487.09,812.91,35.1,32.7
FieldSize,Kilmore,1690,Mobile,TROTTERS,10,B/LEAD,26,3,363.32,-63.32,11.5,-17.4
FieldSize,Kilmore,1690,Mobile,TROTTERS,11,B/LEAD,4,2,46.35,153.65,50.0,331.5
FieldSize,Kilmore,1690,Mobile,TROTTERS,12,B/LEAD,5,0,86.1,-86.1,0.0,-100.0
FieldSize,Kilmore,1690,Mobile,TROTTERS,6,B/LEAD,4,0,100.07,-100.07,0.0,-100.0
FieldSize,Kilmore,1690,Mobile,TROTTERS,7,B/LEAD,10,3,108.02,191.98,30.0,177.7
FieldSize,Kilmore,1690,Mobile,TROTTERS,8,B/LEAD,19,0,143.54,-143.54,0.0,-100.0
FieldSize,Kilmore,1690,Mobile,TROTTERS,9,B/LEAD,19,0,203.07,-203.07,0.0,-100.0
FieldSize,Kilmore,1690,Mobile,TROTTERS,10,DEATH,25,5,381.89,118.11,20.0,30.9
FieldSize,Kilmore,1690,Mobile,TROTTERS,11,DEATH,4,0,23.72,-23.72,0.0,-100.0
FieldSize,Kilmore,1690,Mobile,TROTTERS,12,DEATH,5,0,56.88,-56.88,0.0,-100.0
FieldSize,Kilmore,1690,Mobile,TROTTERS,6,DEATH,4,1,123.72,-23.72,25.0,-19.2
FieldSize,Kilmore,1690,Mobile,TROTTERS,7,DEATH,7,1,254.55,-154.55,14.3,-60.7
FieldSize,Kilmore,1690,Mobile,TROTTERS,8,DEATH,18,2,391.21,-191.21,11.1,-48.9
FieldSize,Kilmore,1690,Mobile,TROTTERS,9,DEATH,18,0,251.33,-251.33,0.0,-100.0
FieldSize,Kilmore,1690,Mobile,TROTTERS,10,LEAD,26,10,504.62,495.38,38.5,98.2
FieldSize,Kilmore,1690,Mobile,TROTTERS,11,LEAD,4,2,88.48,111.52,50.0,126.0
FieldSize,Kilmore,1690,Mobile,TROTTERS,12,LEAD,5,3,63.75,236.25,60.0,370.6
FieldSize,Kilmore,1690,Mobile,TROTTERS,6,LEAD,4,3,91.56,208.44,75.0,227.7
FieldSize,Kilmore,1690,Mobile,TROTTERS,7,LEAD,10,5,262.34,237.66,50.0,90.6
FieldSize,Kilmore,1690,Mobile,TROTTERS,8,LEAD,19,9,515.72,384.28,47.4,74.5
FieldSize,Kilmore,1690,Mobile,TROTTERS,9,LEAD,19,8,576.78,223.22,42.1,38.7
FieldSize,Kilmore,2150,Stand,TROTTERS,10,B/LEAD,5,1,82.41,17.59,20.0,21.3
FieldSize,Kilmore,2150,Stand,TROTTERS,11,B/LEAD,2,0,8.77,-8.77,0.0,-100.0
FieldSize,Kilmore,2150,Stand,TROTTERS,12,B/LEAD,2,1,20.83,79.17,50.0,380.1
FieldSize,Kilmore,2150,Stand,TROTTERS,6,B/LEAD,2,0,5.41,-5.41,0.0,-100.0
FieldSize,Kilmore,2150,Stand,TROTTERS,7,B/LEAD,2,1,57.77,42.23,50.0,73.1
FieldSize,Kilmore,2150,Stand,TROTTERS,8,B/LEAD,6,0,70.48,-70.48,0.0,-100.0
FieldSize,Kilmore,2150,Stand,TROTTERS,9,B/LEAD,7,1,74.81,25.19,14.3,33.7
FieldSize,Kilmore,2150,Stand,TROTTERS,10,DEATH,6,0,48.16,-48.16,0.0,-100.0
FieldSize,Kilmore,2150,Stand,TROTTERS,11,DEATH,2,0,66.12,-66.12,0.0,-100.0
FieldSize,Kilmore,2150,Stand,TROTTERS,12,DEATH,3,0,90.86,-90.86,0.0,-100.0
FieldSize,Kilmore,2150,Stand,TROTTERS,6,DEATH,1,0,7.04,-7.04,0.0,-100.0
FieldSize,Kilmore,2150,Stand,TROTTERS,7,DEATH,2,0,55.38,-55.38,0.0,-100.0
FieldSize,Kilmore,2150,Stand,TROTTERS,8,DEATH,6,1,137.38,-37.38,16.7,-27.2
FieldSize,Kilmore,2150,Stand,TROTTERS,9,DEATH,7,1,163.21,-63.21,14.3,-38.7
FieldSize,Kilmore,2150,Stand,TROTTERS,10,LEAD,6,3,169.31,130.69,50.0,77.2
FieldSize,Kilmore,2150,Stand,TROTTERS,11,LEAD,2,0,23.01,-23.01,0.0,-100.0
FieldSize,Kilmore,2150,Stand,TROTTERS,12,LEAD,2,1,36.67,63.33,50.0,172.7
FieldSize,Kilmore,2150,Stand,TROTTERS,6,LEAD,2,2,49.3,150.7,100.0,305.7
FieldSize,Kilmore,2150,Stand,TROTTERS,7,LEAD,2,1,36.55,63.45,50.0,173.6
FieldSize,Kilmore,2150,Stand,TROTTERS,8,LEAD,6,1,80.85,19.15,16.7,23.7
FieldSize,Kilmore,2150,Stand,TROTTERS,9,LEAD,7,4,208.84,191.16,57.1,91.5
FieldSize,Kilmore,2180,Mobile,PACERS,10,B/LEAD,100,17,1219.53,480.47,17.0,39.4
FieldSize,Kilmore,2180,Mobile,PACERS,11,B/LEAD,51,7,496.06,203.94,13.7,41.1
FieldSize,Kilmore,2180,Mobile,PACERS,12,B/LEAD,47,6,405.72,194.28,12.8,47.9
FieldSize,Kilmore,2180,Mobile,PACERS,4,B/LEAD,2,2,77.03,122.97,100.0,159.6
FieldSize,Kilmore,2180,Mobile,PACERS,5,B/LEAD,4,1,63.87,36.13,25.0,56.6
FieldSize,Kilmore,2180,Mobile,PACERS,6,B/LEAD,24,5,386.98,113.02,20.8,29.2
FieldSize,Kilmore,2180,Mobile,PACERS,7,B/LEAD,39,3,463.85,-163.85,7.7,-35.3
FieldSize,Kilmore,2180,Mobile,PACERS,8,B/LEAD,64,7,1036.84,-336.84,10.9,-32.5
FieldSize,Kilmore,2180,Mobile,PACERS,9,B/LEAD,76,7,1017.42,-317.42,9.2,-31.2
FieldSize,Kilmore,2180,Mobile,PACERS,10,DEATH,100,6,1886.79,-1286.79,6.0,-68.2
FieldSize,Kilmore,2180,Mobile,PACERS,11,DEATH,50,8,918.92,-118.92,16.0,-12.9
FieldSize,Kilmore,2180,Mobile,PACERS,12,DEATH,47,8,951.23,-151.23,17.0,-15.9
FieldSize,Kilmore,2180,Mobile,PACERS,5,DEATH,1,0,2.44,-2.44,0.0,-100.0
FieldSize,Kilmore,2180,Mobile,PACERS,6,DEATH,23,3,492.73,-192.73,13.0,-39.1
FieldSize,Kilmore,2180,Mobile,PACERS,7,DEATH,37,2,645.56,-445.56,5.4,-69.0
FieldSize,Kilmore,2180,Mobile,PACERS,8,DEATH,64,9,1194.59,-294.59,14.1,-24.7
FieldSize,Kilmore,2180,Mobile,PACERS,9,DEATH,76,8,1540.83,-740.83,10.5,-48.1
FieldSize,Kilmore,2180,Mobile,PACERS,10,LEAD,100,43,2685.74,1614.26,43.0,60.1
FieldSize,Kilmore,2180,Mobile,PACERS,11,LEAD,50,18,1452.96,347.04,36.0,23.9
FieldSize,Kilmore,2180,Mobile,PACERS,12,LEAD,49,21,1442.53,657.47,42.9,45.6
FieldSize,Kilmore,2180,Mobile,PACERS,4,LEAD,2,0,110.15,-110.15,0.0,-100.0
FieldSize,Kilmore,2180,Mobile,PACERS,5,LEAD,5,2,210.46,-10.46,40.0,-5.0
FieldSize,Kilmore,2180,Mobile,PACERS,6,LEAD,24,11,1104.48,-4.48,45.8,-0.4
FieldSize,Kilmore,2180,Mobile,PACERS,7,LEAD,38,17,1153.97,546.03,44.7,47.3
FieldSize,Kilmore,2180,Mobile,PACERS,8,LEAD,64,23,2215.19,84.81,35.9,3.8
FieldSize,Kilmore,2180,Mobile,PACERS,9,LEAD,76,28,2095.52,704.48,36.8,33.6
FieldSize,Kilmore,2180,Mobile,TROTTERS,10,B/LEAD,47,6,515.97,84.03,12.8,16.3
FieldSize,Kilmore,2180,Mobile,TROTTERS,11,B/LEAD,21,2,212.98,-12.98,9.5,-6.1
FieldSize,Kilmore,2180,Mobile,TROTTERS,12,B/LEAD,26,6,278.01,321.99,23.1,115.8
FieldSize,Kilmore,2180,Mobile,TROTTERS,4,B/LEAD,2,0,30.07,-30.07,0.0,-100.0
FieldSize,Kilmore,2180,Mobile,TROTTERS,5,B/LEAD,6,3,161.62,138.38,50.0,85.6
FieldSize,Kilmore,2180,Mobile,TROTTERS,6,B/LEAD,22,6,491.83,108.17,27.3,22.0
FieldSize,Kilmore,2180,Mobile,TROTTERS,7,B/LEAD,47,5,865.74,-365.74,10.6,-42.2
FieldSize,Kilmore,2180,Mobile,TROTTERS,8,B/LEAD,59,12,909.48,290.52,20.3,31.9
FieldSize,Kilmore,2180,Mobile,TROTTERS,9,B/LEAD,43,5,480.39,19.61,11.6,4.1
FieldSize,Kilmore,2180,Mobile,TROTTERS,10,DEATH,47,9,798.85,101.15,19.1,12.7
FieldSize,Kilmore,2180,Mobile,TROTTERS,11,DEATH,21,4,501.08,-101.08,19.0,-20.2
FieldSize,Kilmore,2180,Mobile,TROTTERS,12,DEATH,26,2,395.99,-195.99,7.7,-49.5
FieldSize,Kilmore,2180,Mobile,TROTTERS,5,DEATH,2,2,86.31,113.69,100.0,131.7
FieldSize,Kilmore,2180,Mobile,TROTTERS,6,DEATH,15,1,337.24,-237.24,6.7,-70.3
FieldSize,Kilmore,2180,Mobile,TROTTERS,7,DEATH,41,9,915.4,-15.4,22.0,-1.7
FieldSize,Kilmore,2180,Mobile,TROTTERS,8,DEATH,59,5,1032.25,-532.25,8.5,-51.6
FieldSize,Kilmore,2180,Mobile,TROTTERS,9,DEATH,42,5,634.92,-134.92,11.9,-21.2
FieldSize,Kilmore,2180,Mobile,TROTTERS,10,LEAD,47,10,872.4,127.6,21.3,14.6
FieldSize,Kilmore,2180,Mobile,TROTTERS,11,LEAD,20,9,393.66,506.34,45.0,128.6
FieldSize,Kilmore,2180,Mobile,TROTTERS,12,LEAD,26,10,626.0,374.0,38.5,59.7
FieldSize,Kilmore,2180,Mobile,TROTTERS,4,LEAD,2,2,100.22,99.78,100.0,99.6
FieldSize,Kilmore,2180,Mobile,TROTTERS,5,LEAD,6,1,232.96,-132.96,16.7,-57.1
FieldSize,Kilmore,2180,Mobile,TROTTERS,6,LEAD,22,10,822.9,177.1,45.5,21.5
FieldSize,Kilmore,2180,Mobile,TROTTERS,7,LEAD,46,23,1646.69,653.31,50.0,39.7
FieldSize,Kilmore,2180,Mobile,TROTTERS,8,LEAD,60,29,1768.91,1131.09,48.3,63.9
FieldSize,Kilmore,2180,Mobile,TROTTERS,9,LEAD,44,16,1506.21,93.79,36.4,6.2
FieldSize,Kilmore,2660,Stand,TROTTERS,8,B/LEAD,2,0,17.36,-17.36,0.0,-100.0
FieldSize,Kilmore,2660,Stand,TROTTERS,8,DEATH,1,0,11.11,-11.11,0.0,-100.0
FieldSize,Kilmore,2660,Stand,TROTTERS,8,LEAD,2,1,30.17,69.83,50.0,231.5
FieldSize,Kilmore,2690,Mobile,PACERS,10,B/LEAD,1,1,22.73,77.27,100.0,339.9
FieldSize,Kilmore,2690,Mobile,PACERS,12,B/LEAD,4,1,100.21,-0.21,25.0,-0.2
FieldSize,Kilmore,2690,Mobile,PACERS,10,DEATH,1,0,26.32,-26.32,0.0,-100.0
FieldSize,Kilmore,2690,Mobile,PACERS,12,DEATH,4,0,66.61,-66.61,0.0,-100.0
FieldSize,Kilmore,2690,Mobile,PACERS,10,LEAD,1,0,20.0,-20.0,0.0,-100.0
FieldSize,Kilmore,2690,Mobile,PACERS,12,LEAD,4,2,101.38,98.62,50.0,97.3
FieldSize,Kilmore,3150,Stand,TROTTERS,12,B/LEAD,2,0,2.64,-2.64,0.0,-100.0
FieldSize,Kilmore,3150,Stand,TROTTERS,6,B/LEAD,1,0,7.14,-7.14,0.0,-100.0
FieldSize,Kilmore,3150,Stand,TROTTERS,9,B/LEAD,1,0,29.41,-29.41,0.0,-100.0
FieldSize,Kilmore,3150,Stand,TROTTERS,12,DEATH,2,2,70.72,129.28,100.0,182.8
FieldSize,Kilmore,3150,Stand,TROTTERS,6,DEATH,1,1,41.67,58.33,100.0,140.0
FieldSize,Kilmore,3150,Stand,TROTTERS,9,DEATH,1,0,14.29,-14.29,0.0,-100.0
FieldSize,Kilmore,3150,Stand,TROTTERS,12,LEAD,2,0,28.89,-28.89,0.0,-100.0
FieldSize,Kilmore,3150,Stand,TROTTERS,6,LEAD,1,0,11.76,-11.76,0.0,-100.0
FieldSize,Kilmore,3150,Stand,TROTTERS,9,LEAD,1,1,46.51,53.49,100.0,115.0
FieldSize,Launceston,1680,Mobile,PACERS,10,B/LEAD,44,3,407.9,-107.9,6.8,-26.5
FieldSize,Launceston,1680,Mobile,PACERS,11,B/LEAD,71,3,971.54,-671.54,4.2,-69.1
FieldSize,Launceston,1680,Mobile,PACERS,12,B/LEAD,158,14,1802.12,-402.12,8.9,-22.3
FieldSize,Launceston,1680,Mobile,PACERS,2,B/LEAD,1,0,33.33,-33.33,0.0,-100.0
FieldSize,Launceston,1680,Mobile,PACERS,3,B/LEAD,7,2,224.46,-24.46,28.6,-10.9
FieldSize,Launceston,1680,Mobile,PACERS,4,B/LEAD,9,0,341.61,-341.61,0.0,-100.0
FieldSize,Launceston,1680,Mobile,PACERS,5,B/LEAD,18,4,391.52,8.48,22.2,2.2
FieldSize,Launceston,1680,Mobile,PACERS,6,B/LEAD,35,2,439.25,-239.25,5.7,-54.5
FieldSize,Launceston,1680,Mobile,PACERS,7,B/LEAD,25,4,366.58,33.42,16.0,9.1
FieldSize,Launceston,1680,Mobile,PACERS,8,B/LEAD,53,4,717.61,-317.61,7.5,-44.3
FieldSize,Launceston,1680,Mobile,PACERS,9,B/LEAD,60,8,660.63,139.37,13.3,21.1
FieldSize,Launceston,1680,Mobile,PACERS,10,DEATH,45,12,951.18,248.82,26.7,26.2
FieldSize,Launceston,1680,Mobile,PACERS,11,DEATH,71,11,1119.65,-19.65,15.5,-1.8
FieldSize,Launceston,1680,Mobile,PACERS,12,DEATH,155,16,2391.82,-791.82,10.3,-33.1
FieldSize,Launceston,1680,Mobile,PACERS,3,DEATH,1,0,29.41,-29.41,0.0,-100.0
FieldSize,Launceston,1680,Mobile,PACERS,4,DEATH,4,1,106.66,-6.66,25.0,-6.2
FieldSize,Launceston,1680,Mobile,PACERS,5,DEATH,10,1,280.42,-180.42,10.0,-64.3
FieldSize,Launceston,1680,Mobile,PACERS,6,DEATH,31,5,1105.04,-605.04,16.1,-54.8
FieldSize,Launceston,1680,Mobile,PACERS,7,DEATH,24,6,657.38,-57.38,25.0,-8.7
FieldSize,Launceston,1680,Mobile,PACERS,8,DEATH,52,9,1112.11,-212.11,17.3,-19.1
FieldSize,Launceston,1680,Mobile,PACERS,9,DEATH,56,6,939.8,-339.8,10.7,-36.2
FieldSize,Launceston,1680,Mobile,PACERS,1,LEAD,1,1,100.0,0.0,100.0,0.0
FieldSize,Launceston,1680,Mobile,PACERS,10,LEAD,45,13,1049.35,250.65,28.9,23.9
FieldSize,Launceston,1680,Mobile,PACERS,11,LEAD,69,22,1525.16,674.84,31.9,44.2
FieldSize,Launceston,1680,Mobile,PACERS,12,LEAD,149,52,3737.67,1462.33,34.9,39.1
FieldSize,Launceston,1680,Mobile,PACERS,2,LEAD,1,1,76.92,23.08,100.0,30.0
FieldSize,Launceston,1680,Mobile,PACERS,3,LEAD,7,4,347.51,52.49,57.1,15.1
FieldSize,Launceston,1680,Mobile,PACERS,4,LEAD,9,7,303.03,396.97,77.8,131.0
FieldSize,Launceston,1680,Mobile,PACERS,5,LEAD,18,7,706.84,-6.84,38.9,-1.0
FieldSize,Launceston,1680,Mobile,PACERS,6,LEAD,36,17,1366.84,333.16,47.2,24.4
FieldSize,Launceston,1680,Mobile,PACERS,7,LEAD,24,6,677.65,-77.65,25.0,-11.5
FieldSize,Launceston,1680,Mobile,PACERS,8,LEAD,52,18,1415.83,384.17,34.6,27.1
FieldSize,Launceston,1680,Mobile,PACERS,9,LEAD,58,23,1983.15,316.85,39.7,16.0
FieldSize,Launceston,2200,Mobile,PACERS,10,B/LEAD,120,12,1300.96,-100.96,10.0,-7.8
FieldSize,Launceston,2200,Mobile,PACERS,11,B/LEAD,123,11,1332.87,-232.87,8.9,-17.5
FieldSize,Launceston,2200,Mobile,PACERS,12,B/LEAD,354,25,3979.07,-1479.07,7.1,-37.2
FieldSize,Launceston,2200,Mobile,PACERS,2,B/LEAD,2,1,112.63,-12.63,50.0,-11.2
FieldSize,Launceston,2200,Mobile,PACERS,4,B/LEAD,6,1,137.27,-37.27,16.7,-27.2
FieldSize,Launceston,2200,Mobile,PACERS,5,B/LEAD,12,0,199.58,-199.58,0.0,-100.0
FieldSize,Launceston,2200,Mobile,PACERS,6,B/LEAD,54,2,526.42,-326.42,3.7,-62.0
FieldSize,Launceston,2200,Mobile,PACERS,7,B/LEAD,67,6,778.76,-178.76,9.0,-23.0
FieldSize,Launceston,2200,Mobile,PACERS,8,B/LEAD,78,7,955.73,-255.73,9.0,-26.8
FieldSize,Launceston,2200,Mobile,PACERS,9,B/LEAD,103,9,1176.27,-276.27,8.7,-23.5
FieldSize,Launceston,2200,Mobile,PACERS,10,DEATH,112,11,1988.88,-888.88,9.8,-44.7
FieldSize,Launceston,2200,Mobile,PACERS,11,DEATH,120,10,2088.42,-1088.42,8.3,-52.1
FieldSize,Launceston,2200,Mobile,PACERS,12,DEATH,344,35,4732.43,-1232.43,10.2,-26.0
FieldSize,Launceston,2200,Mobile,PACERS,3,DEATH,1,0,25.64,-25.64,0.0,-100.0
FieldSize,Launceston,2200,Mobile,PACERS,4,DEATH,1,0,38.46,-38.46,0.0,-100.0
FieldSize,Launceston,2200,Mobile,PACERS,5,DEATH,9,3,358.58,-58.58,33.3,-16.3
FieldSize,Launceston,2200,Mobile,PACERS,6,DEATH,40,10,1466.48,-466.48,25.0,-31.8
FieldSize,Launceston,2200,Mobile,PACERS,7,DEATH,62,13,1651.75,-351.75,21.0,-21.3
FieldSize,Launceston,2200,Mobile,PACERS,8,DEATH,73,5,1249.63,-749.63,6.8,-60.0
FieldSize,Launceston,2200,Mobile,PACERS,9,DEATH,99,14,2069.38,-669.38,14.1,-32.3
FieldSize,Launceston,2200,Mobile,PACERS,10,LEAD,114,33,3152.96,147.04,28.9,4.7
FieldSize,Launceston,2200,Mobile,PACERS,11,LEAD,115,28,2398.71,401.29,24.3,16.7
FieldSize,Launceston,2200,Mobile,PACERS,12,LEAD,329,78,7202.12,597.88,23.7,8.3
FieldSize,Launceston,2200,Mobile,PACERS,2,LEAD,2,1,102.68,-2.68,50.0,-2.6
FieldSize,Launceston,2200,Mobile,PACERS,3,LEAD,2,1,86.03,13.97,50.0,16.2
FieldSize,Launceston,2200,Mobile,PACERS,4,LEAD,6,2,173.9,26.1,33.3,15.0
FieldSize,Launceston,2200,Mobile,PACERS,5,LEAD,10,7,443.52,256.48,70.0,57.8
FieldSize,Launceston,2200,Mobile,PACERS,6,LEAD,51,18,1662.9,137.1,35.3,8.2
FieldSize,Launceston,2200,Mobile,PACERS,7,LEAD,66,28,2399.56,400.44,42.4,16.7
FieldSize,Launceston,2200,Mobile,PACERS,8,LEAD,76,32,2456.85,643.15,42.1,26.2
FieldSize,Launceston,2200,Mobile,PACERS,9,LEAD,103,37,3007.87,692.13,35.9,23.0
FieldSize,Launceston,2200,Stand,PACERS,10,B/LEAD,13,1,123.25,-23.25,7.7,-18.9
FieldSize,Launceston,2200,Stand,PACERS,11,B/LEAD,8,1,117.55,-17.55,12.5,-14.9
FieldSize,Launceston,2200,Stand,PACERS,12,B/LEAD,12,1,74.85,25.15,8.3,33.6
FieldSize,Launceston,2200,Stand,PACERS,13,B/LEAD,6,0,75.83,-75.83,0.0,-100.0
FieldSize,Launceston,2200,Stand,PACERS,14,B/LEAD,10,2,119.71,80.29,20.0,67.1
FieldSize,Launceston,2200,Stand,PACERS,4,B/LEAD,1,1,50.0,50.0,100.0,100.0
FieldSize,Launceston,2200,Stand,PACERS,6,B/LEAD,3,0,80.41,-80.41,0.0,-100.0
FieldSize,Launceston,2200,Stand,PACERS,7,B/LEAD,6,0,48.59,-48.59,0.0,-100.0
FieldSize,Launceston,2200,Stand,PACERS,8,B/LEAD,9,3,107.73,192.27,33.3,178.5
FieldSize,Launceston,2200,Stand,PACERS,9,B/LEAD,4,1,72.35,27.65,25.0,38.2
FieldSize,Launceston,2200,Stand,PACERS,10,DEATH,12,2,252.28,-52.28,16.7,-20.7
FieldSize,Launceston,2200,Stand,PACERS,11,DEATH,9,2,104.63,95.37,22.2,91.1
FieldSize,Launceston,2200,Stand,PACERS,12,DEATH,12,0,110.23,-110.23,0.0,-100.0
FieldSize,Launceston,2200,Stand,PACERS,13,DEATH,5,0,32.35,-32.35,0.0,-100.0
FieldSize,Launceston,2200,Stand,PACERS,14,DEATH,9,1,116.24,-16.24,11.1,-14.0
FieldSize,Launceston,2200,Stand,PACERS,6,DEATH,2,0,29.67,-29.67,0.0,-100.0
FieldSize,Launceston,2200,Stand,PACERS,7,DEATH,5,0,145.22,-145.22,0.0,-100.0
FieldSize,Launceston,2200,Stand,PACERS,8,DEATH,8,2,182.68,17.32,25.0,9.5
FieldSize,Launceston,2200,Stand,PACERS,9,DEATH,3,0,15.33,-15.33,0.0,-100.0
FieldSize,Launceston,2200,Stand,PACERS,1,LEAD,1,1,100.0,0.0,100.0,0.0
FieldSize,Launceston,2200,Stand,PACERS,10,LEAD,12,5,170.94,329.06,41.7,192.5
FieldSize,Launceston,2200,Stand,PACERS,11,LEAD,9,3,182.33,117.67,33.3,64.5
FieldSize,Launceston,2200,Stand,PACERS,12,LEAD,12,3,102.96,197.04,25.0,191.4
FieldSize,Launceston,2200,Stand,PACERS,13,LEAD,5,2,57.46,142.54,40.0,248.1
FieldSize,Launceston,2200,Stand,PACERS,14,LEAD,10,3,142.42,157.58,30.0,110.6
FieldSize,Launceston,2200,Stand,PACERS,4,LEAD,1,0,14.29,-14.29,0.0,-100.0
FieldSize,Launceston,2200,Stand,PACERS,6,LEAD,3,2,132.15,67.85,66.7,51.3
FieldSize,Launceston,2200,Stand,PACERS,7,LEAD,5,1,96.64,3.36,20.0,3.5
FieldSize,Launceston,2200,Stand,PACERS,8,LEAD,9,2,265.32,-65.32,22.2,-24.6
FieldSize,Launceston,2200,Stand,PACERS,9,LEAD,3,1,50.68,49.32,33.3,97.3
FieldSize,Launceston,2698,Mobile,PACERS,10,B/LEAD,1,0,6.67,-6.67,0.0,-100.0
FieldSize,Launceston,2698,Mobile,PACERS,11,B/LEAD,1,0,29.41,-29.41,0.0,-100.0
FieldSize,Launceston,2698,Mobile,PACERS,12,B/LEAD,2,1,13.94,86.06,50.0,617.4
FieldSize,Launceston,2698,Mobile,PACERS,5,B/LEAD,1,0,1.96,-1.96,0.0,-100.0
FieldSize,Launceston,2698,Mobile,PACERS,8,B/LEAD,1,0,8.33,-8.33,0.0,-100.0
FieldSize,Launceston,2698,Mobile,PACERS,9,B/LEAD,3,0,33.47,-33.47,0.0,-100.0
FieldSize,Launceston,2698,Mobile,PACERS,10,DEATH,1,0,6.67,-6.67,0.0,-100.0
FieldSize,Launceston,2698,Mobile,PACERS,11,DEATH,1,0,32.26,-32.26,0.0,-100.0
FieldSize,Launceston,2698,Mobile,PACERS,12,DEATH,3,0,10.97,-10.97,0.0,-100.0
FieldSize,Launceston,2698,Mobile,PACERS,5,DEATH,2,0,21.41,-21.41,0.0,-100.0
FieldSize,Launceston,2698,Mobile,PACERS,8,DEATH,1,0,1.64,-1.64,0.0,-100.0
FieldSize,Launceston,2698,Mobile,PACERS,9,DEATH,3,0,47.73,-47.73,0.0,-100.0
FieldSize,Launceston,2698,Mobile,PACERS,10,LEAD,1,0,10.0,-10.0,0.0,-100.0
FieldSize,Launceston,2698,Mobile,PACERS,11,LEAD,1,1,28.57,71.43,100.0,250.0
FieldSize,Launceston,2698,Mobile,PACERS,12,LEAD,3,1,137.2,-37.2,33.3,-27.1
FieldSize,Launceston,2698,Mobile,PACERS,5,LEAD,1,1,91.74,8.26,100.0,9.0
FieldSize,Launceston,2698,Mobile,PACERS,8,LEAD,1,0,62.5,-62.5,0.0,-100.0
FieldSize,Launceston,2698,Mobile,PACERS,9,LEAD,3,2,139.42,60.58,66.7,43.5
FieldSize,Launceston,2698,Stand,PACERS,10,B/LEAD,8,0,44.05,-44.05,0.0,-100.0
FieldSize,Launceston,2698,Stand,PACERS,11,B/LEAD,7,0,84.57,-84.57,0.0,-100.0
FieldSize,Launceston,2698,Stand,PACERS,12,B/LEAD,5,1,47.45,52.55,20.0,110.7
FieldSize,Launceston,2698,Stand,PACERS,13,B/LEAD,3,1,36.67,63.33,33.3,172.7
FieldSize,Launceston,2698,Stand,PACERS,14,B/LEAD,10,0,67.21,-67.21,0.0,-100.0
FieldSize,Launceston,2698,Stand,PACERS,5,B/LEAD,1,0,26.32,-26.32,0.0,-100.0
FieldSize,Launceston,2698,Stand,PACERS,6,B/LEAD,4,0,46.87,-46.87,0.0,-100.0
FieldSize,Launceston,2698,Stand,PACERS,7,B/LEAD,1,0,5.88,-5.88,0.0,-100.0
FieldSize,Launceston,2698,Stand,PACERS,8,B/LEAD,3,2,41.67,158.33,66.7,380.0
FieldSize,Launceston,2698,Stand,PACERS,9,B/LEAD,4,1,44.62,55.38,25.0,124.1
FieldSize,Launceston,2698,Stand,PACERS,10,DEATH,8,4,296.78,103.22,50.0,34.8
FieldSize,Launceston,2698,Stand,PACERS,11,DEATH,6,2,164.49,35.51,33.3,21.6
FieldSize,Launceston,2698,Stand,PACERS,12,DEATH,5,1,124.33,-24.33,20.0,-19.6
FieldSize,Launceston,2698,Stand,PACERS,13,DEATH,3,1,93.61,6.39,33.3,6.8
FieldSize,Launceston,2698,Stand,PACERS,14,DEATH,8,2,142.87,57.13,25.0,40.0
FieldSize,Launceston,2698,Stand,PACERS,6,DEATH,2,1,135.74,-35.74,50.0,-26.3
FieldSize,Launceston,2698,Stand,PACERS,7,DEATH,1,0,20.0,-20.0,0.0,-100.0
FieldSize,Launceston,2698,Stand,PACERS,8,DEATH,3,0,64.05,-64.05,0.0,-100.0
FieldSize,Launceston,2698,Stand,PACERS,9,DEATH,3,0,73.87,-73.87,0.0,-100.0
FieldSize,Launceston,2698,Stand,PACERS,10,LEAD,8,2,131.69,68.31,25.0,51.9
FieldSize,Launceston,2698,Stand,PACERS,11,LEAD,7,3,242.48,57.52,42.9,23.7
FieldSize,Launceston,2698,Stand,PACERS,12,LEAD,5,0,66.31,-66.31,0.0,-100.0
FieldSize,Launceston,2698,Stand,PACERS,13,LEAD,4,1,75.66,24.34,25.0,32.2
FieldSize,Launceston,2698,Stand,PACERS,14,LEAD,8,4,110.24,289.76,50.0,262.8
FieldSize,Launceston,2698,Stand,PACERS,5,LEAD,1,0,12.5,-12.5,0.0,-100.0
FieldSize,Launceston,2698,Stand,PACERS,6,LEAD,4,2,129.37,70.63,50.0,54.6
FieldSize,Launceston,2698,Stand,PACERS,7,LEAD,1,0,11.11,-11.11,0.0,-100.0
FieldSize,Launceston,2698,Stand,PACERS,8,LEAD,3,0,70.99,-70.99,0.0,-100.0
FieldSize,Launceston,2698,Stand,PACERS,9,LEAD,4,0,27.06,-27.06,0.0,-100.0
FieldSize,Leeton,1758,Mobile,PACERS,10,B/LEAD,136,12,1574.57,-374.57,8.8,-23.8
FieldSize,Leeton,1758,Mobile,PACERS,6,B/LEAD,9,2,156.4,43.6,22.2,27.9
FieldSize,Leeton,1758,Mobile,PACERS,7,B/LEAD,21,2,330.7,-130.7,9.5,-39.5
FieldSize,Leeton,1758,Mobile,PACERS,8,B/LEAD,55,7,716.24,-16.24,12.7,-2.3
FieldSize,Leeton,1758,Mobile,PACERS,9,B/LEAD,97,12,1304.74,-104.74,12.4,-8.0
FieldSize,Leeton,1758,Mobile,PACERS,10,DEATH,135,17,2129.4,-429.4,12.6,-20.2
FieldSize,Leeton,1758,Mobile,PACERS,6,DEATH,9,0,154.42,-154.42,0.0,-100.0
FieldSize,Leeton,1758,Mobile,PACERS,7,DEATH,23,3,526.76,-226.76,13.0,-43.0
FieldSize,Leeton,1758,Mobile,PACERS,8,DEATH,54,11,1249.41,-149.41,20.4,-12.0
FieldSize,Leeton,1758,Mobile,PACERS,9,DEATH,96,10,1687.74,-687.74,10.4,-40.7
FieldSize,Leeton,1758,Mobile,PACERS,10,LEAD,135,74,4830.09,2569.91,54.8,53.2
FieldSize,Leeton,1758,Mobile,PACERS,6,LEAD,9,6,438.61,161.39,66.7,36.8
FieldSize,Leeton,1758,Mobile,PACERS,7,LEAD,22,12,800.53,399.47,54.5,49.9
FieldSize,Leeton,1758,Mobile,PACERS,8,LEAD,55,24,1783.95,616.05,43.6,34.5
FieldSize,Leeton,1758,Mobile,PACERS,9,LEAD,97,46,3046.82,1553.18,47.4,51.0
FieldSize,Leeton,2147,Mobile,PACERS,10,B/LEAD,59,5,740.24,-240.24,8.5,-32.5
FieldSize,Leeton,2147,Mobile,PACERS,5,B/LEAD,1,0,33.33,-33.33,0.0,-100.0
FieldSize,Leeton,2147,Mobile,PACERS,6,B/LEAD,1,0,4.76,-4.76,0.0,-100.0
FieldSize,Leeton,2147,Mobile,PACERS,7,B/LEAD,12,1,179.13,-79.13,8.3,-44.2
FieldSize,Leeton,2147,Mobile,PACERS,8,B/LEAD,33,5,505.58,-5.58,15.2,-1.1
FieldSize,Leeton,2147,Mobile,PACERS,9,B/LEAD,40,1,377.08,-277.08,2.5,-73.5
FieldSize,Leeton,2147,Mobile,PACERS,10,DEATH,59,9,1192.03,-292.03,15.3,-24.5
FieldSize,Leeton,2147,Mobile,PACERS,5,DEATH,1,1,16.67,83.33,100.0,499.9
FieldSize,Leeton,2147,Mobile,PACERS,6,DEATH,1,1,51.28,48.72,100.0,95.0
FieldSize,Leeton,2147,Mobile,PACERS,7,DEATH,12,2,312.97,-112.97,16.7,-36.1
FieldSize,Leeton,2147,Mobile,PACERS,8,DEATH,33,3,632.48,-332.48,9.1,-52.6
FieldSize,Leeton,2147,Mobile,PACERS,9,DEATH,39,6,849.17,-249.17,15.4,-29.3
FieldSize,Leeton,2147,Mobile,PACERS,1,LEAD,1,1,100.0,0.0,100.0,0.0
FieldSize,Leeton,2147,Mobile,PACERS,10,LEAD,58,27,1796.62,903.38,46.6,50.3
FieldSize,Leeton,2147,Mobile,PACERS,5,LEAD,1,0,5.56,-5.56,0.0,-100.0
FieldSize,Leeton,2147,Mobile,PACERS,6,LEAD,1,0,7.14,-7.14,0.0,-100.0
FieldSize,Leeton,2147,Mobile,PACERS,7,LEAD,12,7,470.58,229.42,58.3,48.8
FieldSize,Leeton,2147,Mobile,PACERS,8,LEAD,32,13,1217.21,82.79,40.6,6.8
FieldSize,Leeton,2147,Mobile,PACERS,9,LEAD,40,22,1537.63,662.37,55.0,43.1
FieldSize,Leeton,2582,Mobile,PACERS,10,B/LEAD,2,1,45.64,54.36,50.0,119.1
FieldSize,Leeton,2582,Mobile,PACERS,6,B/LEAD,2,0,9.32,-9.32,0.0,-100.0
FieldSize,Leeton,2582,Mobile,PACERS,7,B/LEAD,1,0,6.67,-6.67,0.0,-100.0
FieldSize,Leeton,2582,Mobile,PACERS,10,DEATH,2,0,30.83,-30.83,0.0,-100.0
FieldSize,Leeton,2582,Mobile,PACERS,6,DEATH,1,0,25.0,-25.0,0.0,-100.0
FieldSize,Leeton,2582,Mobile,PACERS,7,DEATH,1,1,74.07,25.93,100.0,35.0
FieldSize,Leeton,2582,Mobile,PACERS,9,DEATH,1,1,20.0,80.0,100.0,400.0
FieldSize,Leeton,2582,Mobile,PACERS,10,LEAD,2,1,94.18,5.82,50.0,6.2
FieldSize,Leeton,2582,Mobile,PACERS,6,LEAD,2,1,70.08,29.92,50.0,42.7
FieldSize,Leeton,2582,Mobile,PACERS,7,LEAD,1,0,3.85,-3.85,0.0,-100.0
FieldSize,Leeton,2582,Mobile,PACERS,9,LEAD,1,0,37.04,-37.04,0.0,-100.0
FieldSize,Lockyer,1400,Mobile,PACERS,7,LEAD,1,1,38.46,61.54,100.0,160.0
FieldSize,Lockyer,1850,Mobile,PACERS,5,B/LEAD,1,1,44.44,55.56,100.0,125.0
FieldSize,Lockyer,1850,Mobile,PACERS,7,B/LEAD,2,0,25.0,-25.0,0.0,-100.0
FieldSize,Lockyer,1850,Mobile,PACERS,8,B/LEAD,3,1,30.93,69.07,33.3,223.3
FieldSize,Lockyer,1850,Mobile,PACERS,9,B/LEAD,1,1,9.09,90.91,100.0,1000.1
FieldSize,Lockyer,1850,Mobile,PACERS,7,DEATH,2,0,17.78,-17.78,0.0,-100.0
FieldSize,Lockyer,1850,Mobile,PACERS,8,DEATH,3,0,116.24,-116.24,0.0,-100.0
FieldSize,Lockyer,1850,Mobile,PACERS,9,DEATH,3,0,55.24,-55.24,0.0,-100.0
FieldSize,Lockyer,1850,Mobile,PACERS,5,LEAD,1,0,20.0,-20.0,0.0,-100.0
FieldSize,Lockyer,1850,Mobile,PACERS,7,LEAD,2,0,21.96,-21.96,0.0,-100.0
FieldSize,Lockyer,1850,Mobile,PACERS,8,LEAD,3,0,16.79,-16.79,0.0,-100.0
FieldSize,Lockyer,1850,Mobile,PACERS,9,LEAD,1,0,80.0,-80.0,0.0,-100.0
FieldSize,Maitland,1646,Mobile,PACERS,10,B/LEAD,38,7,642.9,57.1,18.4,8.9
FieldSize,Maitland,1646,Mobile,PACERS,6,B/LEAD,4,0,136.27,-136.27,0.0,-100.0
FieldSize,Maitland,1646,Mobile,PACERS,7,B/LEAD,3,1,95.41,4.59,33.3,4.8
FieldSize,Maitland,1646,Mobile,PACERS,8,B/LEAD,12,3,178.58,121.42,25.0,68.0
FieldSize,Maitland,1646,Mobile,PACERS,9,B/LEAD,23,3,270.41,29.59,13.0,10.9
FieldSize,Maitland,1646,Mobile,PACERS,10,DEATH,36,5,560.65,-60.65,13.9,-10.8
FieldSize,Maitland,1646,Mobile,PACERS,6,DEATH,4,0,70.66,-70.66,0.0,-100.0
FieldSize,Maitland,1646,Mobile,PACERS,7,DEATH,3,0,72.54,-72.54,0.0,-100.0
FieldSize,Maitland,1646,Mobile,PACERS,8,DEATH,12,1,285.1,-185.1,8.3,-64.9
FieldSize,Maitland,1646,Mobile,PACERS,9,DEATH,24,1,367.27,-267.27,4.2,-72.8
FieldSize,Maitland,1646,Mobile,PACERS,10,LEAD,38,15,918.53,581.47,39.5,63.3
FieldSize,Maitland,1646,Mobile,PACERS,6,LEAD,4,2,118.48,81.52,50.0,68.8
FieldSize,Maitland,1646,Mobile,PACERS,7,LEAD,3,2,68.54,131.46,66.7,191.8
FieldSize,Maitland,1646,Mobile,PACERS,8,LEAD,12,4,395.29,4.71,33.3,1.2
FieldSize,Maitland,1646,Mobile,PACERS,9,LEAD,24,18,799.71,1000.29,75.0,125.1
FieldSize,Maitland,2044,Mobile,PACERS,10,B/LEAD,20,4,306.5,93.5,20.0,30.5
FieldSize,Maitland,2044,Mobile,PACERS,6,B/LEAD,1,0,26.32,-26.32,0.0,-100.0
FieldSize,Maitland,2044,Mobile,PACERS,7,B/LEAD,3,0,30.26,-30.26,0.0,-100.0
FieldSize,Maitland,2044,Mobile,PACERS,8,B/LEAD,9,2,86.16,113.84,22.2,132.1
FieldSize,Maitland,2044,Mobile,PACERS,9,B/LEAD,14,2,256.85,-56.85,14.3,-22.1
FieldSize,Maitland,2044,Mobile,PACERS,10,DEATH,20,1,294.74,-194.74,5.0,-66.1
FieldSize,Maitland,2044,Mobile,PACERS,6,DEATH,1,0,3.85,-3.85,0.0,-100.0
FieldSize,Maitland,2044,Mobile,PACERS,7,DEATH,3,0,44.82,-44.82,0.0,-100.0
FieldSize,Maitland,2044,Mobile,PACERS,8,DEATH,9,2,137.01,62.99,22.2,46.0
FieldSize,Maitland,2044,Mobile,PACERS,9,DEATH,13,1,240.31,-140.31,7.7,-58.4
FieldSize,Maitland,2044,Mobile,PACERS,10,LEAD,20,4,578.57,-178.57,20.0,-30.9
FieldSize,Maitland,2044,Mobile,PACERS,6,LEAD,1,0,20.0,-20.0,0.0,-100.0
FieldSize,Maitland,2044,Mobile,PACERS,7,LEAD,3,1,134.3,-34.3,33.3,-25.5
FieldSize,Maitland,2044,Mobile,PACERS,8,LEAD,9,4,243.09,156.91,44.4,64.5
FieldSize,Maitland,2044,Mobile,PACERS,9,LEAD,14,5,350.08,149.92,35.7,42.8
FieldSize,Maitland,2422,Mobile,PACERS,10,B/LEAD,17,2,201.46,-1.46,11.8,-0.7
FieldSize,Maitland,2422,Mobile,PACERS,6,B/LEAD,1,1,13.33,86.67,100.0,650.2
FieldSize,Maitland,2422,Mobile,PACERS,7,B/LEAD,1,0,20.83,-20.83,0.0,-100.0
FieldSize,Maitland,2422,Mobile,PACERS,8,B/LEAD,4,2,45.76,154.24,50.0,337.1
FieldSize,Maitland,2422,Mobile,PACERS,9,B/LEAD,10,1,142.86,-42.86,10.0,-30.0
FieldSize,Maitland,2422,Mobile,PACERS,10,DEATH,17,2,361.29,-161.29,11.8,-44.6
FieldSize,Maitland,2422,Mobile,PACERS,6,DEATH,1,0,23.81,-23.81,0.0,-100.0
FieldSize,Maitland,2422,Mobile,PACERS,7,DEATH,1,1,41.67,58.33,100.0,140.0
FieldSize,Maitland,2422,Mobile,PACERS,8,DEATH,4,0,135.87,-135.87,0.0,-100.0
FieldSize,Maitland,2422,Mobile,PACERS,9,DEATH,10,3,354.25,-54.25,30.0,-15.3
FieldSize,Maitland,2422,Mobile,PACERS,10,LEAD,17,7,523.02,176.98,41.2,33.8
FieldSize,Maitland,2422,Mobile,PACERS,6,LEAD,1,0,54.05,-54.05,0.0,-100.0
FieldSize,Maitland,2422,Mobile,PACERS,7,LEAD,1,0,27.03,-27.03,0.0,-100.0
FieldSize,Maitland,2422,Mobile,PACERS,8,LEAD,5,2,131.58,68.42,40.0,52.0
FieldSize,Maitland,2422,Mobile,PACERS,9,LEAD,10,4,344.49,55.51,40.0,16.1
FieldSize,Marburg,1850,Mobile,PACERS,5,B/LEAD,3,0,45.62,-45.62,0.0,-100.0
FieldSize,Marburg,1850,Mobile,PACERS,6,B/LEAD,16,1,167.24,-67.24,6.2,-40.2
FieldSize,Marburg,1850,Mobile,PACERS,7,B/LEAD,61,4,1092.3,-692.3,6.6,-63.4
FieldSize,Marburg,1850,Mobile,PACERS,8,B/LEAD,229,23,3353.24,-1053.24,10.0,-31.4
FieldSize,Marburg,1850,Mobile,PACERS,9,B/LEAD,336,31,5055.0,-1955.0,9.2,-38.7
FieldSize,Marburg,1850,Mobile,PACERS,5,DEATH,2,0,78.81,-78.81,0.0,-100.0
FieldSize,Marburg,1850,Mobile,PACERS,6,DEATH,17,2,435.13,-235.13,11.8,-54.0
FieldSize,Marburg,1850,Mobile,PACERS,7,DEATH,65,14,1225.77,174.23,21.5,14.2
FieldSize,Marburg,1850,Mobile,PACERS,8,DEATH,233,26,4721.1,-2121.1,11.2,-44.9
FieldSize,Marburg,1850,Mobile,PACERS,9,DEATH,341,43,6473.93,-2173.93,12.6,-33.6
FieldSize,Marburg,1850,Mobile,PACERS,5,LEAD,3,3,135.26,164.74,100.0,121.8
FieldSize,Marburg,1850,Mobile,PACERS,6,LEAD,16,6,577.38,22.62,37.5,3.9
FieldSize,Marburg,1850,Mobile,PACERS,7,LEAD,61,29,2414.12,485.88,47.5,20.1
FieldSize,Marburg,1850,Mobile,PACERS,8,LEAD,230,113,7733.44,3566.56,49.1,46.1
FieldSize,Marburg,1850,Mobile,PACERS,9,LEAD,340,159,10389.67,5510.33,46.8,53.0
FieldSize,Marburg,1850,Mobile,TROTTERS,7,B/LEAD,1,0,20.83,-20.83,0.0,-100.0
FieldSize,Marburg,1850,Mobile,TROTTERS,7,DEATH,1,0,16.67,-16.67,0.0,-100.0
FieldSize,Marburg,1850,Mobile,TROTTERS,7,LEAD,1,0,50.0,-50.0,0.0,-100.0
FieldSize,Marburg,1850,Stand,PACERS,8,B/LEAD,2,0,18.86,-18.86,0.0,-100.0
FieldSize,Marburg,1850,Stand,PACERS,8,DEATH,2,0,27.62,-27.62,0.0,-100.0
FieldSize,Marburg,1850,Stand,PACERS,8,LEAD,2,0,24.06,-24.06,0.0,-100.0
FieldSize,Marburg,2200,Mobile,PACERS,6,B/LEAD,3,1,43.34,56.66,33.3,130.7
FieldSize,Marburg,2200,Mobile,PACERS,7,B/LEAD,11,0,177.09,-177.09,0.0,-100.0
FieldSize,Marburg,2200,Mobile,PACERS,8,B/LEAD,20,3,329.58,-29.58,15.0,-9.0
FieldSize,Marburg,2200,Mobile,PACERS,9,B/LEAD,34,3,439.75,-139.75,8.8,-31.8
FieldSize,Marburg,2200,Mobile,PACERS,6,DEATH,3,1,91.07,8.93,33.3,9.8
FieldSize,Marburg,2200,Mobile,PACERS,7,DEATH,11,1,272.1,-172.1,9.1,-63.2
FieldSize,Marburg,2200,Mobile,PACERS,8,DEATH,18,0,313.81,-313.81,0.0,-100.0
FieldSize,Marburg,2200,Mobile,PACERS,9,DEATH,38,2,738.39,-538.39,5.3,-72.9
FieldSize,Marburg,2200,Mobile,PACERS,6,LEAD,3,0,48.1,-48.1,0.0,-100.0
FieldSize,Marburg,2200,Mobile,PACERS,7,LEAD,11,6,417.24,182.76,54.5,43.8
FieldSize,Marburg,2200,Mobile,PACERS,8,LEAD,19,10,582.12,417.88,52.6,71.8
FieldSize,Marburg,2200,Mobile,PACERS,9,LEAD,34,20,843.77,1156.23,58.8,137.0
FieldSize,Marburg,2200,Mobile,TROTTERS,9,B/LEAD,1,0,37.04,-37.04,0.0,-100.0
FieldSize,Marburg,2200,Mobile,TROTTERS,9,DEATH,1,0,23.81,-23.81,0.0,-100.0
FieldSize,Marburg,2200,Mobile,TROTTERS,9,LEAD,1,0,10.53,-10.53,0.0,-100.0
FieldSize,Marburg,2200,Stand,PACERS,10,B/LEAD,24,1,278.15,-178.15,4.2,-64.0
FieldSize,Marburg,2200,Stand,PACERS,6,B/LEAD,2,0,9.11,-9.11,0.0,-100.0
FieldSize,Marburg,2200,Stand,PACERS,7,B/LEAD,1,0,14.29,-14.29,0.0,-100.0
FieldSize,Marburg,2200,Stand,PACERS,8,B/LEAD,9,2,131.94,68.06,22.2,51.6
FieldSize,Marburg,2200,Stand,PACERS,9,B/LEAD,14,2,153.84,46.16,14.3,30.0
FieldSize,Marburg,2200,Stand,PACERS,10,DEATH,27,6,521.6,78.4,22.2,15.0
FieldSize,Marburg,2200,Stand,PACERS,6,DEATH,2,1,124.53,-24.53,50.0,-19.7
FieldSize,Marburg,2200,Stand,PACERS,7,DEATH,1,1,15.38,84.62,100.0,550.2
FieldSize,Marburg,2200,Stand,PACERS,8,DEATH,9,1,131.97,-31.97,11.1,-24.2
FieldSize,Marburg,2200,Stand,PACERS,9,DEATH,14,4,265.32,134.68,28.6,50.8
FieldSize,Marburg,2200,Stand,PACERS,10,LEAD,24,13,526.53,773.47,54.2,146.9
FieldSize,Marburg,2200,Stand,PACERS,6,LEAD,2,0,15.47,-15.47,0.0,-100.0
FieldSize,Marburg,2200,Stand,PACERS,7,LEAD,1,0,6.67,-6.67,0.0,-100.0
FieldSize,Marburg,2200,Stand,PACERS,8,LEAD,9,4,174.75,225.25,44.4,128.9
FieldSize,Marburg,2200,Stand,PACERS,9,LEAD,13,5,255.23,244.77,38.5,95.9
FieldSize,Marburg,2200,Stand,TROTTERS,10,B/LEAD,5,1,46.9,53.1,20.0,113.2
FieldSize,Marburg,2200,Stand,TROTTERS,5,B/LEAD,2,0,13.89,-13.89,0.0,-100.0
FieldSize,Marburg,2200,Stand,TROTTERS,6,B/LEAD,2,0,16.23,-16.23,0.0,-100.0
FieldSize,Marburg,2200,Stand,TROTTERS,7,B/LEAD,3,1,49.13,50.87,33.3,103.5
FieldSize,Marburg,2200,Stand,TROTTERS,8,B/LEAD,2,0,13.55,-13.55,0.0,-100.0
FieldSize,Marburg,2200,Stand,TROTTERS,9,B/LEAD,4,1,63.07,36.93,25.0,58.6
FieldSize,Marburg,2200,Stand,TROTTERS,10,DEATH,5,1,97.83,2.17,20.0,2.2
FieldSize,Marburg,2200,Stand,TROTTERS,5,DEATH,2,0,94.3,-94.3,0.0,-100.0
FieldSize,Marburg,2200,Stand,TROTTERS,6,DEATH,2,1,61.66,38.34,50.0,62.2
FieldSize,Marburg,2200,Stand,TROTTERS,7,DEATH,2,0,45.88,-45.88,0.0,-100.0
FieldSize,Marburg,2200,Stand,TROTTERS,8,DEATH,2,0,99.04,-99.04,0.0,-100.0
FieldSize,Marburg,2200,Stand,TROTTERS,9,DEATH,1,0,8.33,-8.33,0.0,-100.0
FieldSize,Marburg,2200,Stand,TROTTERS,10,LEAD,5,2,120.11,79.89,40.0,66.5
FieldSize,Marburg,2200,Stand,TROTTERS,5,LEAD,2,1,31.01,68.99,50.0,222.5
FieldSize,Marburg,2200,Stand,TROTTERS,6,LEAD,2,1,74.73,25.27,50.0,33.8
FieldSize,Marburg,2200,Stand,TROTTERS,7,LEAD,3,1,109.27,-9.27,33.3,-8.5
FieldSize,Marburg,2200,Stand,TROTTERS,8,LEAD,2,1,45.83,54.17,50.0,118.2
FieldSize,Marburg,2200,Stand,TROTTERS,9,LEAD,3,2,48.82,151.18,66.7,309.7
FieldSize,Marburg,2550,Mobile,TROTTERS,6,B/LEAD,1,0,3.85,-3.85,0.0,-100.0
FieldSize,Marburg,2550,Mobile,TROTTERS,6,DEATH,1,0,80.0,-80.0,0.0,-100.0
FieldSize,Marburg,2550,Mobile,TROTTERS,6,LEAD,1,1,15.38,84.62,100.0,550.2
FieldSize,Marburg,2550,Stand,TROTTERS,10,B/LEAD,1,0,12.5,-12.5,0.0,-100.0
FieldSize,Marburg,2550,Stand,TROTTERS,6,B/LEAD,1,0,11.11,-11.11,0.0,-100.0
FieldSize,Marburg,2550,Stand,TROTTERS,10,DEATH,1,0,27.03,-27.03,0.0,-100.0
FieldSize,Marburg,2550,Stand,TROTTERS,6,DEATH,1,0,10.53,-10.53,0.0,-100.0
FieldSize,Marburg,2550,Stand,TROTTERS,10,LEAD,1,1,18.18,81.82,100.0,450.1
FieldSize,Marburg,2550,Stand,TROTTERS,6,LEAD,1,1,33.33,66.67,100.0,200.0
FieldSize,Maryborough,1609,Mobile,TROTTERS,10,B/LEAD,2,0,3.1,-3.1,0.0,-100.0
FieldSize,Maryborough,1609,Mobile,TROTTERS,8,B/LEAD,1,1,18.52,81.48,100.0,440.0
FieldSize,Maryborough,1609,Mobile,TROTTERS,9,B/LEAD,2,0,16.09,-16.09,0.0,-100.0
FieldSize,Maryborough,1609,Mobile,TROTTERS,10,DEATH,2,1,67.75,32.25,50.0,47.6
FieldSize,Maryborough,1609,Mobile,TROTTERS,8,DEATH,1,0,32.26,-32.26,0.0,-100.0
FieldSize,Maryborough,1609,Mobile,TROTTERS,9,DEATH,2,0,9.19,-9.19,0.0,-100.0
FieldSize,Maryborough,1609,Mobile,TROTTERS,10,LEAD,2,1,22.94,77.06,50.0,335.9
FieldSize,Maryborough,1609,Mobile,TROTTERS,8,LEAD,1,0,41.67,-41.67,0.0,-100.0
FieldSize,Maryborough,1609,Mobile,TROTTERS,9,LEAD,2,2,105.13,94.87,100.0,90.2
FieldSize,Maryborough,1690,Mobile,PACERS,10,B/LEAD,154,14,1705.54,-305.54,9.1,-17.9
FieldSize,Maryborough,1690,Mobile,PACERS,11,B/LEAD,10,3,100.18,199.82,30.0,199.5
FieldSize,Maryborough,1690,Mobile,PACERS,12,B/LEAD,15,0,125.32,-125.32,0.0,-100.0
FieldSize,Maryborough,1690,Mobile,PACERS,4,B/LEAD,1,1,80.0,20.0,100.0,25.0
FieldSize,Maryborough,1690,Mobile,PACERS,5,B/LEAD,7,1,163.28,-63.28,14.3,-38.8
FieldSize,Maryborough,1690,Mobile,PACERS,6,B/LEAD,18,1,207.35,-107.35,5.6,-51.8
FieldSize,Maryborough,1690,Mobile,PACERS,7,B/LEAD,35,3,523.65,-223.65,8.6,-42.7
FieldSize,Maryborough,1690,Mobile,PACERS,8,B/LEAD,48,9,542.36,357.64,18.8,65.9
FieldSize,Maryborough,1690,Mobile,PACERS,9,B/LEAD,74,8,806.61,-6.61,10.8,-0.8
FieldSize,Maryborough,1690,Mobile,PACERS,10,DEATH,154,23,2716.52,-416.52,14.9,-15.3
FieldSize,Maryborough,1690,Mobile,PACERS,11,DEATH,10,1,247.02,-147.02,10.0,-59.5
FieldSize,Maryborough,1690,Mobile,PACERS,12,DEATH,16,3,191.77,108.23,18.8,56.4
FieldSize,Maryborough,1690,Mobile,PACERS,5,DEATH,4,1,107.95,-7.95,25.0,-7.4
FieldSize,Maryborough,1690,Mobile,PACERS,6,DEATH,14,3,422.82,-122.82,21.4,-29.0
FieldSize,Maryborough,1690,Mobile,PACERS,7,DEATH,32,4,743.52,-343.52,12.5,-46.2
FieldSize,Maryborough,1690,Mobile,PACERS,8,DEATH,50,11,1211.13,-111.13,22.0,-9.2
FieldSize,Maryborough,1690,Mobile,PACERS,9,DEATH,74,15,1451.95,48.05,20.3,3.3
FieldSize,Maryborough,1690,Mobile,PACERS,10,LEAD,156,55,3923.79,1576.21,35.3,40.2
FieldSize,Maryborough,1690,Mobile,PACERS,11,LEAD,10,2,166.0,34.0,20.0,20.5
FieldSize,Maryborough,1690,Mobile,PACERS,12,LEAD,15,4,344.77,55.23,26.7,16.0
FieldSize,Maryborough,1690,Mobile,PACERS,4,LEAD,1,0,21.74,-21.74,0.0,-100.0
FieldSize,Maryborough,1690,Mobile,PACERS,5,LEAD,7,2,326.18,-126.18,28.6,-38.7
FieldSize,Maryborough,1690,Mobile,PACERS,6,LEAD,18,7,739.19,-39.19,38.9,-5.3
FieldSize,Maryborough,1690,Mobile,PACERS,7,LEAD,35,16,1528.1,71.9,45.7,4.7
FieldSize,Maryborough,1690,Mobile,PACERS,8,LEAD,50,15,1297.57,202.43,30.0,15.6
FieldSize,Maryborough,1690,Mobile,PACERS,9,LEAD,74,27,2154.22,545.78,36.5,25.3
FieldSize,Maryborough,1690,Mobile,TROTTERS,10,B/LEAD,65,10,831.87,168.13,15.4,20.2
FieldSize,Maryborough,1690,Mobile,TROTTERS,11,B/LEAD,9,0,81.36,-81.36,0.0,-100.0
FieldSize,Maryborough,1690,Mobile,TROTTERS,12,B/LEAD,9,1,71.39,28.61,11.1,40.1
FieldSize,Maryborough,1690,Mobile,TROTTERS,4,B/LEAD,1,1,43.48,56.52,100.0,130.0
FieldSize,Maryborough,1690,Mobile,TROTTERS,5,B/LEAD,4,1,36.07,63.93,25.0,177.2
FieldSize,Maryborough,1690,Mobile,TROTTERS,6,B/LEAD,7,2,171.53,28.47,28.6,16.6
FieldSize,Maryborough,1690,Mobile,TROTTERS,7,B/LEAD,15,1,208.32,-108.32,6.7,-52.0
FieldSize,Maryborough,1690,Mobile,TROTTERS,8,B/LEAD,30,3,363.17,-63.17,10.0,-17.4
FieldSize,Maryborough,1690,Mobile,TROTTERS,9,B/LEAD,33,6,375.33,224.67,18.2,59.9
FieldSize,Maryborough,1690,Mobile,TROTTERS,10,DEATH,59,10,1129.71,-129.71,16.9,-11.5
FieldSize,Maryborough,1690,Mobile,TROTTERS,11,DEATH,9,0,139.92,-139.92,0.0,-100.0
FieldSize,Maryborough,1690,Mobile,TROTTERS,12,DEATH,9,2,141.84,58.16,22.2,41.0
FieldSize,Maryborough,1690,Mobile,TROTTERS,5,DEATH,1,1,11.11,88.89,100.0,800.1
FieldSize,Maryborough,1690,Mobile,TROTTERS,6,DEATH,4,2,107.01,92.99,50.0,86.9
FieldSize,Maryborough,1690,Mobile,TROTTERS,7,DEATH,13,4,412.42,-12.42,30.8,-3.0
FieldSize,Maryborough,1690,Mobile,TROTTERS,8,DEATH,28,4,559.03,-159.03,14.3,-28.4
FieldSize,Maryborough,1690,Mobile,TROTTERS,9,DEATH,34,9,761.13,138.87,26.5,18.2
FieldSize,Maryborough,1690,Mobile,TROTTERS,10,LEAD,66,22,1480.33,719.67,33.3,48.6
FieldSize,Maryborough,1690,Mobile,TROTTERS,11,LEAD,9,2,129.05,70.95,22.2,55.0
FieldSize,Maryborough,1690,Mobile,TROTTERS,12,LEAD,9,4,138.14,261.86,44.4,189.6
FieldSize,Maryborough,1690,Mobile,TROTTERS,4,LEAD,1,0,23.81,-23.81,0.0,-100.0
FieldSize,Maryborough,1690,Mobile,TROTTERS,5,LEAD,4,2,255.98,-55.98,50.0,-21.9
FieldSize,Maryborough,1690,Mobile,TROTTERS,6,LEAD,7,3,246.69,53.31,42.9,21.6
FieldSize,Maryborough,1690,Mobile,TROTTERS,7,LEAD,15,8,382.86,417.14,53.3,109.0
FieldSize,Maryborough,1690,Mobile,TROTTERS,8,LEAD,28,11,771.31,328.69,39.3,42.6
FieldSize,Maryborough,1690,Mobile,TROTTERS,9,LEAD,34,8,751.85,48.15,23.5,6.4
FieldSize,Maryborough,2190,Mobile,PACERS,10,B/LEAD,75,7,986.93,-286.93,9.3,-29.1
FieldSize,Maryborough,2190,Mobile,PACERS,11,B/LEAD,43,4,383.33,16.67,9.3,4.3
FieldSize,Maryborough,2190,Mobile,PACERS,12,B/LEAD,61,9,784.59,115.41,14.8,14.7
FieldSize,Maryborough,2190,Mobile,PACERS,5,B/LEAD,8,2,248.85,-48.85,25.0,-19.6
FieldSize,Maryborough,2190,Mobile,PACERS,6,B/LEAD,22,2,292.07,-92.07,9.1,-31.5
FieldSize,Maryborough,2190,Mobile,PACERS,7,B/LEAD,36,3,482.03,-182.03,8.3,-37.8
FieldSize,Maryborough,2190,Mobile,PACERS,8,B/LEAD,57,7,842.05,-142.05,12.3,-16.9
FieldSize,Maryborough,2190,Mobile,PACERS,9,B/LEAD,56,6,830.68,-230.68,10.7,-27.8
FieldSize,Maryborough,2190,Mobile,PACERS,10,DEATH,73,9,1159.89,-259.89,12.3,-22.4
FieldSize,Maryborough,2190,Mobile,PACERS,11,DEATH,43,8,869.61,-69.61,18.6,-8.0
FieldSize,Maryborough,2190,Mobile,PACERS,12,DEATH,60,10,1029.74,-29.74,16.7,-2.9
FieldSize,Maryborough,2190,Mobile,PACERS,5,DEATH,5,0,54.84,-54.84,0.0,-100.0
FieldSize,Maryborough,2190,Mobile,PACERS,6,DEATH,18,0,339.14,-339.14,0.0,-100.0
FieldSize,Maryborough,2190,Mobile,PACERS,7,DEATH,33,4,860.17,-460.17,12.1,-53.5
FieldSize,Maryborough,2190,Mobile,PACERS,8,DEATH,58,10,1266.45,-266.45,17.2,-21.0
FieldSize,Maryborough,2190,Mobile,PACERS,9,DEATH,55,6,1040.2,-440.2,10.9,-42.3
FieldSize,Maryborough,2190,Mobile,PACERS,10,LEAD,74,21,1929.44,170.56,28.4,8.8
FieldSize,Maryborough,2190,Mobile,PACERS,11,LEAD,43,16,1115.8,484.2,37.2,43.4
FieldSize,Maryborough,2190,Mobile,PACERS,12,LEAD,58,21,1376.02,723.98,36.2,52.6
FieldSize,Maryborough,2190,Mobile,PACERS,5,LEAD,8,5,346.05,153.95,62.5,44.5
FieldSize,Maryborough,2190,Mobile,PACERS,6,LEAD,22,12,956.09,243.91,54.5,25.5
FieldSize,Maryborough,2190,Mobile,PACERS,7,LEAD,35,15,1167.14,332.86,42.9,28.5
FieldSize,Maryborough,2190,Mobile,PACERS,8,LEAD,55,25,2011.24,488.76,45.5,24.3
FieldSize,Maryborough,2190,Mobile,PACERS,9,LEAD,55,24,1528.21,871.79,43.6,57.0
FieldSize,Maryborough,2190,Mobile,TROTTERS,10,B/LEAD,93,11,1080.22,19.78,11.8,1.8
FieldSize,Maryborough,2190,Mobile,TROTTERS,11,B/LEAD,57,8,616.46,183.54,14.0,29.8
FieldSize,Maryborough,2190,Mobile,TROTTERS,12,B/LEAD,64,1,671.22,-571.22,1.6,-85.1
FieldSize,Maryborough,2190,Mobile,TROTTERS,5,B/LEAD,1,0,4.35,-4.35,0.0,-100.0
FieldSize,Maryborough,2190,Mobile,TROTTERS,6,B/LEAD,14,0,235.15,-235.15,0.0,-100.0
FieldSize,Maryborough,2190,Mobile,TROTTERS,7,B/LEAD,41,8,698.5,101.5,19.5,14.5
FieldSize,Maryborough,2190,Mobile,TROTTERS,8,B/LEAD,60,8,855.27,-55.27,13.3,-6.5
FieldSize,Maryborough,2190,Mobile,TROTTERS,9,B/LEAD,100,11,1380.08,-280.08,11.0,-20.3
FieldSize,Maryborough,2190,Mobile,TROTTERS,10,DEATH,94,10,1232.77,-232.77,10.6,-18.9
FieldSize,Maryborough,2190,Mobile,TROTTERS,11,DEATH,57,5,886.92,-386.92,8.8,-43.6
FieldSize,Maryborough,2190,Mobile,TROTTERS,12,DEATH,64,6,909.82,-309.82,9.4,-34.1
FieldSize,Maryborough,2190,Mobile,TROTTERS,6,DEATH,10,1,270.05,-170.05,10.0,-63.0
FieldSize,Maryborough,2190,Mobile,TROTTERS,7,DEATH,38,5,783.74,-283.74,13.2,-36.2
FieldSize,Maryborough,2190,Mobile,TROTTERS,8,DEATH,58,9,1071.83,-171.83,15.5,-16.0
FieldSize,Maryborough,2190,Mobile,TROTTERS,9,DEATH,95,15,2013.14,-513.14,15.8,-25.5
FieldSize,Maryborough,2190,Mobile,TROTTERS,10,LEAD,94,36,2297.41,1302.59,38.3,56.7
FieldSize,Maryborough,2190,Mobile,TROTTERS,11,LEAD,57,23,1463.58,836.42,40.4,57.1
FieldSize,Maryborough,2190,Mobile,TROTTERS,12,LEAD,64,31,1654.64,1445.36,48.4,87.4
FieldSize,Maryborough,2190,Mobile,TROTTERS,5,LEAD,1,0,34.48,-34.48,0.0,-100.0
FieldSize,Maryborough,2190,Mobile,TROTTERS,6,LEAD,14,9,500.95,399.05,64.3,79.7
FieldSize,Maryborough,2190,Mobile,TROTTERS,7,LEAD,40,19,1229.94,670.06,47.5,54.5
FieldSize,Maryborough,2190,Mobile,TROTTERS,8,LEAD,60,25,2048.17,451.83,41.7,22.1
FieldSize,Maryborough,2190,Mobile,TROTTERS,9,LEAD,98,47,3045.65,1654.35,48.0,54.3
FieldSize,Maryborough,2190,Stand,TROTTERS,10,B/LEAD,20,1,259.15,-159.15,5.0,-61.4
FieldSize,Maryborough,2190,Stand,TROTTERS,11,B/LEAD,16,1,130.29,-30.29,6.2,-23.2
FieldSize,Maryborough,2190,Stand,TROTTERS,12,B/LEAD,31,5,313.42,186.58,16.1,59.5
FieldSize,Maryborough,2190,Stand,TROTTERS,5,B/LEAD,1,0,1.23,-1.23,0.0,-100.0
FieldSize,Maryborough,2190,Stand,TROTTERS,6,B/LEAD,3,2,39.97,160.03,66.7,400.4
FieldSize,Maryborough,2190,Stand,TROTTERS,7,B/LEAD,4,0,47.19,-47.19,0.0,-100.0
FieldSize,Maryborough,2190,Stand,TROTTERS,8,B/LEAD,13,4,142.24,257.76,30.8,181.2
FieldSize,Maryborough,2190,Stand,TROTTERS,9,B/LEAD,14,1,172.13,-72.13,7.1,-41.9
FieldSize,Maryborough,2190,Stand,TROTTERS,10,DEATH,19,5,356.54,143.46,26.3,40.2
FieldSize,Maryborough,2190,Stand,TROTTERS,11,DEATH,16,2,303.48,-103.48,12.5,-34.1
FieldSize,Maryborough,2190,Stand,TROTTERS,12,DEATH,32,5,577.08,-77.08,15.6,-13.4
FieldSize,Maryborough,2190,Stand,TROTTERS,5,DEATH,1,0,16.67,-16.67,0.0,-100.0
FieldSize,Maryborough,2190,Stand,TROTTERS,6,DEATH,2,0,71.51,-71.51,0.0,-100.0
FieldSize,Maryborough,2190,Stand,TROTTERS,7,DEATH,4,0,30.31,-30.31,0.0,-100.0
FieldSize,Maryborough,2190,Stand,TROTTERS,8,DEATH,13,3,247.73,52.27,23.1,21.1
FieldSize,Maryborough,2190,Stand,TROTTERS,9,DEATH,12,2,161.55,38.45,16.7,23.8
FieldSize,Maryborough,2190,Stand,TROTTERS,10,LEAD,20,6,278.19,321.81,30.0,115.7
FieldSize,Maryborough,2190,Stand,TROTTERS,11,LEAD,16,4,237.36,162.64,25.0,68.5
FieldSize,Maryborough,2190,Stand,TROTTERS,12,LEAD,30,10,416.43,583.57,33.3,140.1
FieldSize,Maryborough,2190,Stand,TROTTERS,5,LEAD,1,1,68.97,31.03,100.0,45.0
FieldSize,Maryborough,2190,Stand,TROTTERS,6,LEAD,3,1,115.61,-15.61,33.3,-13.5
FieldSize,Maryborough,2190,Stand,TROTTERS,7,LEAD,4,1,102.82,-2.82,25.0,-2.7
FieldSize,Maryborough,2190,Stand,TROTTERS,8,LEAD,13,5,319.12,180.88,38.5,56.7
FieldSize,Maryborough,2190,Stand,TROTTERS,9,LEAD,13,5,301.54,198.46,38.5,65.8
FieldSize,Maryborough,2690,Mobile,PACERS,10,B/LEAD,1,0,52.63,-52.63,0.0,-100.0
FieldSize,Maryborough,2690,Mobile,PACERS,11,B/LEAD,5,0,66.38,-66.38,0.0,-100.0
FieldSize,Maryborough,2690,Mobile,PACERS,12,B/LEAD,1,0,4.35,-4.35,0.0,-100.0
FieldSize,Maryborough,2690,Mobile,PACERS,7,B/LEAD,1,0,41.67,-41.67,0.0,-100.0
FieldSize,Maryborough,2690,Mobile,PACERS,9,B/LEAD,1,0,55.56,-55.56,0.0,-100.0
FieldSize,Maryborough,2690,Mobile,PACERS,10,DEATH,1,0,15.38,-15.38,0.0,-100.0
FieldSize,Maryborough,2690,Mobile,PACERS,11,DEATH,5,0,69.53,-69.53,0.0,-100.0
FieldSize,Maryborough,2690,Mobile,PACERS,7,DEATH,1,0,1.64,-1.64,0.0,-100.0
FieldSize,Maryborough,2690,Mobile,PACERS,9,DEATH,1,0,4.35,-4.35,0.0,-100.0
FieldSize,Maryborough,2690,Mobile,PACERS,10,LEAD,1,1,11.11,88.89,100.0,800.1
FieldSize,Maryborough,2690,Mobile,PACERS,11,LEAD,5,3,182.42,117.58,60.0,64.5
FieldSize,Maryborough,2690,Mobile,PACERS,12,LEAD,2,0,24.18,-24.18,0.0,-100.0
FieldSize,Maryborough,2690,Mobile,PACERS,7,LEAD,1,1,45.45,54.55,100.0,120.0
FieldSize,Maryborough,2690,Mobile,PACERS,9,LEAD,1,1,29.41,70.59,100.0,240.0
FieldSize,Maryborough,2690,Mobile,TROTTERS,10,B/LEAD,4,0,71.83,-71.83,0.0,-100.0
FieldSize,Maryborough,2690,Mobile,TROTTERS,11,B/LEAD,2,1,7.76,92.24,50.0,1188.7
FieldSize,Maryborough,2690,Mobile,TROTTERS,12,B/LEAD,5,0,71.18,-71.18,0.0,-100.0
FieldSize,Maryborough,2690,Mobile,TROTTERS,5,B/LEAD,1,0,3.23,-3.23,0.0,-100.0
FieldSize,Maryborough,2690,Mobile,TROTTERS,7,B/LEAD,1,0,3.85,-3.85,0.0,-100.0
FieldSize,Maryborough,2690,Mobile,TROTTERS,8,B/LEAD,3,1,29.58,70.42,33.3,238.1
FieldSize,Maryborough,2690,Mobile,TROTTERS,9,B/LEAD,3,1,37.86,62.14,33.3,164.1
FieldSize,Maryborough,2690,Mobile,TROTTERS,10,DEATH,4,0,68.69,-68.69,0.0,-100.0
FieldSize,Maryborough,2690,Mobile,TROTTERS,11,DEATH,2,0,48.06,-48.06,0.0,-100.0
FieldSize,Maryborough,2690,Mobile,TROTTERS,12,DEATH,6,3,78.96,221.04,50.0,279.9
FieldSize,Maryborough,2690,Mobile,TROTTERS,5,DEATH,1,0,20.83,-20.83,0.0,-100.0
FieldSize,Maryborough,2690,Mobile,TROTTERS,7,DEATH,1,0,7.14,-7.14,0.0,-100.0
FieldSize,Maryborough,2690,Mobile,TROTTERS,8,DEATH,3,0,19.83,-19.83,0.0,-100.0
FieldSize,Maryborough,2690,Mobile,TROTTERS,9,DEATH,3,0,50.89,-50.89,0.0,-100.0
FieldSize,Maryborough,2690,Mobile,TROTTERS,10,LEAD,4,3,215.03,84.97,75.0,39.5
FieldSize,Maryborough,2690,Mobile,TROTTERS,11,LEAD,2,1,40.3,59.7,50.0,148.1
FieldSize,Maryborough,2690,Mobile,TROTTERS,12,LEAD,5,2,177.5,22.5,40.0,12.7
FieldSize,Maryborough,2690,Mobile,TROTTERS,5,LEAD,1,1,83.33,16.67,100.0,20.0
FieldSize,Maryborough,2690,Mobile,TROTTERS,7,LEAD,1,1,93.46,6.54,100.0,7.0
FieldSize,Maryborough,2690,Mobile,TROTTERS,8,LEAD,3,2,270.31,-70.31,66.7,-26.0
FieldSize,Maryborough,2690,Mobile,TROTTERS,9,LEAD,3,2,199.04,0.96,66.7,0.5
FieldSize,Maryborough,2690,Stand,TROTTERS,10,B/LEAD,2,0,17.67,-17.67,0.0,-100.0
FieldSize,Maryborough,2690,Stand,TROTTERS,11,B/LEAD,3,0,22.08,-22.08,0.0,-100.0
FieldSize,Maryborough,2690,Stand,TROTTERS,12,B/LEAD,4,0,74.29,-74.29,0.0,-100.0
FieldSize,Maryborough,2690,Stand,TROTTERS,7,B/LEAD,1,1,6.25,93.75,100.0,1500.0
FieldSize,Maryborough,2690,Stand,TROTTERS,8,B/LEAD,1,1,20.0,80.0,100.0,400.0
FieldSize,Maryborough,2690,Stand,TROTTERS,9,B/LEAD,4,1,52.43,47.57,25.0,90.7
FieldSize,Maryborough,2690,Stand,TROTTERS,10,DEATH,3,1,72.22,27.78,33.3,38.5
FieldSize,Maryborough,2690,Stand,TROTTERS,11,DEATH,3,0,33.19,-33.19,0.0,-100.0
FieldSize,Maryborough,2690,Stand,TROTTERS,12,DEATH,4,1,66.65,33.35,25.0,50.0
FieldSize,Maryborough,2690,Stand,TROTTERS,7,DEATH,1,0,25.0,-25.0,0.0,-100.0
FieldSize,Maryborough,2690,Stand,TROTTERS,8,DEATH,1,0,14.29,-14.29,0.0,-100.0
FieldSize,Maryborough,2690,Stand,TROTTERS,9,DEATH,3,1,35.61,64.39,33.3,180.8
FieldSize,Maryborough,2690,Stand,TROTTERS,10,LEAD,1,0,34.48,-34.48,0.0,-100.0
FieldSize,Maryborough,2690,Stand,TROTTERS,11,LEAD,3,0,18.38,-18.38,0.0,-100.0
FieldSize,Maryborough,2690,Stand,TROTTERS,12,LEAD,4,2,73.09,126.91,50.0,173.6
FieldSize,Maryborough,2690,Stand,TROTTERS,7,LEAD,1,0,15.38,-15.38,0.0,-100.0
FieldSize,Maryborough,2690,Stand,TROTTERS,8,LEAD,1,0,74.07,-74.07,0.0,-100.0
FieldSize,Maryborough,2690,Stand,TROTTERS,9,LEAD,4,1,102.13,-2.13,25.0,-2.1
FieldSize,Melton,1200,Mobile,PACERS,7,B/LEAD,2,1,44.67,55.33,50.0,123.9
FieldSize,Melton,1200,Mobile,PACERS,8,B/LEAD,6,0,91.15,-91.15,0.0,-100.0
FieldSize,Melton,1200,Mobile,PACERS,7,DEATH,2,0,26.36,-26.36,0.0,-100.0
FieldSize,Melton,1200,Mobile,PACERS,8,DEATH,6,3,145.66,154.34,50.0,106.0
FieldSize,Melton,1200,Mobile,PACERS,7,LEAD,2,1,58.32,41.68,50.0,71.5
FieldSize,Melton,1200,Mobile,PACERS,8,LEAD,7,3,203.05,96.95,42.9,47.7
FieldSize,Melton,1720,Mobile,PACERS,10,B/LEAD,407,73,5417.88,1882.12,17.9,34.7
FieldSize,Melton,1720,Mobile,PACERS,11,B/LEAD,55,7,571.34,128.66,12.7,22.5
FieldSize,Melton,1720,Mobile,PACERS,12,B/LEAD,67,8,662.23,137.77,11.9,20.8
FieldSize,Melton,1720,Mobile,PACERS,3,B/LEAD,1,0,10.1,-10.1,0.0,-100.0
FieldSize,Melton,1720,Mobile,PACERS,4,B/LEAD,3,0,40.5,-40.5,0.0,-100.0
FieldSize,Melton,1720,Mobile,PACERS,5,B/LEAD,17,2,263.0,-63.0,11.8,-24.0
FieldSize,Melton,1720,Mobile,PACERS,6,B/LEAD,80,7,1099.2,-399.2,8.8,-36.3
FieldSize,Melton,1720,Mobile,PACERS,7,B/LEAD,114,10,1376.98,-376.98,8.8,-27.4
FieldSize,Melton,1720,Mobile,PACERS,8,B/LEAD,190,30,2127.51,872.49,15.8,41.0
FieldSize,Melton,1720,Mobile,PACERS,9,B/LEAD,255,36,3275.86,324.14,14.1,9.9
FieldSize,Melton,1720,Mobile,PACERS,10,DEATH,407,44,6723.93,-2323.93,10.8,-34.6
FieldSize,Melton,1720,Mobile,PACERS,11,DEATH,57,8,901.83,-101.83,14.0,-11.3
FieldSize,Melton,1720,Mobile,PACERS,12,DEATH,66,7,1073.74,-373.74,10.6,-34.8
FieldSize,Melton,1720,Mobile,PACERS,5,DEATH,13,1,494.85,-394.85,7.7,-79.8
FieldSize,Melton,1720,Mobile,PACERS,6,DEATH,65,10,1982.44,-982.44,15.4,-49.6
FieldSize,Melton,1720,Mobile,PACERS,7,DEATH,105,17,2693.93,-993.93,16.2,-36.9
FieldSize,Melton,1720,Mobile,PACERS,8,DEATH,186,22,4178.58,-1978.58,11.8,-47.4
FieldSize,Melton,1720,Mobile,PACERS,9,DEATH,252,27,4485.63,-1785.63,10.7,-39.8
FieldSize,Melton,1720,Mobile,PACERS,10,LEAD,405,127,11355.27,1344.73,31.4,11.8
FieldSize,Melton,1720,Mobile,PACERS,11,LEAD,55,12,1142.05,57.95,21.8,5.1
FieldSize,Melton,1720,Mobile,PACERS,12,LEAD,65,15,1408.36,91.64,23.1,6.5
FieldSize,Melton,1720,Mobile,PACERS,3,LEAD,1,1,96.15,3.85,100.0,4.0
FieldSize,Melton,1720,Mobile,PACERS,4,LEAD,3,2,166.61,33.39,66.7,20.0
FieldSize,Melton,1720,Mobile,PACERS,5,LEAD,17,7,688.49,11.51,41.2,1.7
FieldSize,Melton,1720,Mobile,PACERS,6,LEAD,80,46,3881.9,718.1,57.5,18.5
FieldSize,Melton,1720,Mobile,PACERS,7,LEAD,114,50,4811.2,188.8,43.9,3.9
FieldSize,Melton,1720,Mobile,PACERS,8,LEAD,189,65,5858.76,641.24,34.4,10.9
FieldSize,Melton,1720,Mobile,PACERS,9,LEAD,253,80,6634.11,1365.89,31.6,20.6
FieldSize,Melton,1720,Mobile,TROTTERS,10,B/LEAD,122,16,1404.0,196.0,13.1,14.0
FieldSize,Melton,1720,Mobile,TROTTERS,11,B/LEAD,21,3,236.96,63.04,14.3,26.6
FieldSize,Melton,1720,Mobile,TROTTERS,12,B/LEAD,17,2,149.02,50.98,11.8,34.2
FieldSize,Melton,1720,Mobile,TROTTERS,3,B/LEAD,2,0,55.86,-55.86,0.0,-100.0
FieldSize,Melton,1720,Mobile,TROTTERS,4,B/LEAD,1,0,4.35,-4.35,0.0,-100.0
FieldSize,Melton,1720,Mobile,TROTTERS,5,B/LEAD,7,1,142.1,-42.1,14.3,-29.6
FieldSize,Melton,1720,Mobile,TROTTERS,6,B/LEAD,23,2,217.69,-17.69,8.7,-8.1
FieldSize,Melton,1720,Mobile,TROTTERS,7,B/LEAD,47,9,760.1,139.9,19.1,18.4
FieldSize,Melton,1720,Mobile,TROTTERS,8,B/LEAD,73,12,831.02,368.98,16.4,44.4
FieldSize,Melton,1720,Mobile,TROTTERS,9,B/LEAD,79,11,1018.0,82.0,13.9,8.1
FieldSize,Melton,1720,Mobile,TROTTERS,10,DEATH,123,24,2255.57,144.43,19.5,6.4
FieldSize,Melton,1720,Mobile,TROTTERS,11,DEATH,22,3,352.27,-52.27,13.6,-14.8
FieldSize,Melton,1720,Mobile,TROTTERS,12,DEATH,17,1,194.57,-94.57,5.9,-48.6
FieldSize,Melton,1720,Mobile,TROTTERS,3,DEATH,1,0,68.97,-68.97,0.0,-100.0
FieldSize,Melton,1720,Mobile,TROTTERS,5,DEATH,2,0,101.79,-101.79,0.0,-100.0
FieldSize,Melton,1720,Mobile,TROTTERS,6,DEATH,15,3,419.72,-119.72,20.0,-28.5
FieldSize,Melton,1720,Mobile,TROTTERS,7,DEATH,42,8,936.1,-136.1,19.0,-14.5
FieldSize,Melton,1720,Mobile,TROTTERS,8,DEATH,72,9,1341.0,-441.0,12.5,-32.9
FieldSize,Melton,1720,Mobile,TROTTERS,9,DEATH,76,9,1396.44,-496.44,11.8,-35.6
FieldSize,Melton,1720,Mobile,TROTTERS,10,LEAD,124,55,3475.49,2024.51,44.4,58.3
FieldSize,Melton,1720,Mobile,TROTTERS,11,LEAD,22,7,507.57,192.43,31.8,37.9
FieldSize,Melton,1720,Mobile,TROTTERS,12,LEAD,17,9,714.61,185.39,52.9,25.9
FieldSize,Melton,1720,Mobile,TROTTERS,3,LEAD,2,2,69.71,130.29,100.0,186.9
FieldSize,Melton,1720,Mobile,TROTTERS,4,LEAD,1,1,33.33,66.67,100.0,200.0
FieldSize,Melton,1720,Mobile,TROTTERS,5,LEAD,7,4,285.62,114.38,57.1,40.0
FieldSize,Melton,1720,Mobile,TROTTERS,6,LEAD,23,13,1010.39,289.61,56.5,28.7
FieldSize,Melton,1720,Mobile,TROTTERS,7,LEAD,48,20,1612.78,387.22,41.7,24.0
FieldSize,Melton,1720,Mobile,TROTTERS,8,LEAD,74,27,2375.94,324.06,36.5,13.6
FieldSize,Melton,1720,Mobile,TROTTERS,9,LEAD,80,38,2317.71,1482.29,47.5,64.0
FieldSize,Melton,1720,Stand,TROTTERS,9,B/LEAD,1,0,1.28,-1.28,0.0,-100.0
FieldSize,Melton,1720,Stand,TROTTERS,9,DEATH,1,0,13.51,-13.51,0.0,-100.0
FieldSize,Melton,1720,Stand,TROTTERS,9,LEAD,1,1,32.26,67.74,100.0,210.0
FieldSize,Melton,2240,Mobile,PACERS,10,B/LEAD,169,28,2140.29,659.71,16.6,30.8
FieldSize,Melton,2240,Mobile,PACERS,11,B/LEAD,159,10,1670.42,-670.42,6.3,-40.1
FieldSize,Melton,2240,Mobile,PACERS,12,B/LEAD,284,27,3396.78,-696.78,9.5,-20.5
FieldSize,Melton,2240,Mobile,PACERS,4,B/LEAD,1,0,1.61,-1.61,0.0,-100.0
FieldSize,Melton,2240,Mobile,PACERS,5,B/LEAD,20,5,341.52,158.48,25.0,46.4
FieldSize,Melton,2240,Mobile,PACERS,6,B/LEAD,67,11,940.55,159.45,16.4,17.0
FieldSize,Melton,2240,Mobile,PACERS,7,B/LEAD,103,15,1492.1,7.9,14.6,0.5
FieldSize,Melton,2240,Mobile,PACERS,8,B/LEAD,148,16,1991.64,-391.64,10.8,-19.7
FieldSize,Melton,2240,Mobile,PACERS,9,B/LEAD,169,28,2236.17,563.83,16.6,25.2
FieldSize,Melton,2240,Mobile,PACERS,10,DEATH,169,20,3413.8,-1413.8,11.8,-41.4
FieldSize,Melton,2240,Mobile,PACERS,11,DEATH,156,17,2893.89,-1193.89,10.9,-41.3
FieldSize,Melton,2240,Mobile,PACERS,12,DEATH,281,35,5437.63,-1937.63,12.5,-35.6
FieldSize,Melton,2240,Mobile,PACERS,5,DEATH,11,2,322.58,-122.58,18.2,-38.0
FieldSize,Melton,2240,Mobile,PACERS,6,DEATH,48,6,1300.81,-700.81,12.5,-53.9
FieldSize,Melton,2240,Mobile,PACERS,7,DEATH,94,15,2441.38,-941.38,16.0,-38.6
FieldSize,Melton,2240,Mobile,PACERS,8,DEATH,144,13,3087.77,-1787.77,9.0,-57.9
FieldSize,Melton,2240,Mobile,PACERS,9,DEATH,166,20,3466.81,-1466.81,12.0,-42.3
FieldSize,Melton,2240,Mobile,PACERS,10,LEAD,167,58,4878.94,921.06,34.7,18.9
FieldSize,Melton,2240,Mobile,PACERS,11,LEAD,159,61,5577.7,522.3,38.4,9.4
FieldSize,Melton,2240,Mobile,PACERS,12,LEAD,284,127,9617.07,3082.93,44.7,32.1
FieldSize,Melton,2240,Mobile,PACERS,4,LEAD,1,1,96.15,3.85,100.0,4.0
FieldSize,Melton,2240,Mobile,PACERS,5,LEAD,20,7,949.24,-249.24,35.0,-26.3
FieldSize,Melton,2240,Mobile,PACERS,6,LEAD,68,34,2916.95,483.05,50.0,16.6
FieldSize,Melton,2240,Mobile,PACERS,7,LEAD,103,39,4048.95,-148.95,37.9,-3.7
FieldSize,Melton,2240,Mobile,PACERS,8,LEAD,149,64,5209.66,1190.34,43.0,22.8
FieldSize,Melton,2240,Mobile,PACERS,9,LEAD,167,59,5028.93,871.07,35.3,17.3
FieldSize,Melton,2240,Mobile,TROTTERS,10,B/LEAD,116,14,1295.8,104.2,12.1,8.0
FieldSize,Melton,2240,Mobile,TROTTERS,11,B/LEAD,91,13,1037.49,262.51,14.3,25.3
FieldSize,Melton,2240,Mobile,TROTTERS,12,B/LEAD,128,15,1369.12,130.88,11.7,9.6
FieldSize,Melton,2240,Mobile,TROTTERS,13,B/LEAD,1,0,0.79,-0.79,0.0,-100.0
FieldSize,Melton,2240,Mobile,TROTTERS,4,B/LEAD,1,1,18.18,81.82,100.0,450.1
FieldSize,Melton,2240,Mobile,TROTTERS,5,B/LEAD,14,0,163.96,-163.96,0.0,-100.0
FieldSize,Melton,2240,Mobile,TROTTERS,6,B/LEAD,42,2,701.82,-501.82,4.8,-71.5
FieldSize,Melton,2240,Mobile,TROTTERS,7,B/LEAD,66,12,1130.15,69.85,18.2,6.2
FieldSize,Melton,2240,Mobile,TROTTERS,8,B/LEAD,129,19,1614.61,285.39,14.7,17.7
FieldSize,Melton,2240,Mobile,TROTTERS,9,B/LEAD,108,12,1363.78,-163.78,11.1,-12.0
FieldSize,Melton,2240,Mobile,TROTTERS,10,DEATH,115,16,1916.68,-316.68,13.9,-16.5
FieldSize,Melton,2240,Mobile,TROTTERS,11,DEATH,90,13,1662.51,-362.51,14.4,-21.8
FieldSize,Melton,2240,Mobile,TROTTERS,12,DEATH,131,18,2157.01,-357.01,13.7,-16.6
FieldSize,Melton,2240,Mobile,TROTTERS,13,DEATH,1,0,14.29,-14.29,0.0,-100.0
FieldSize,Melton,2240,Mobile,TROTTERS,5,DEATH,3,2,116.89,83.11,66.7,71.1
FieldSize,Melton,2240,Mobile,TROTTERS,6,DEATH,26,8,950.81,-150.81,30.8,-15.9
FieldSize,Melton,2240,Mobile,TROTTERS,7,DEATH,54,8,1278.84,-478.84,14.8,-37.4
FieldSize,Melton,2240,Mobile,TROTTERS,8,DEATH,124,20,2884.45,-884.45,16.1,-30.7
FieldSize,Melton,2240,Mobile,TROTTERS,9,DEATH,104,12,2114.33,-914.33,11.5,-43.2
FieldSize,Melton,2240,Mobile,TROTTERS,10,LEAD,116,51,3399.87,1700.13,44.0,50.0
FieldSize,Melton,2240,Mobile,TROTTERS,11,LEAD,90,28,2371.59,428.41,31.1,18.1
FieldSize,Melton,2240,Mobile,TROTTERS,12,LEAD,132,40,3935.37,64.63,30.3,1.6
FieldSize,Melton,2240,Mobile,TROTTERS,13,LEAD,1,1,80.0,20.0,100.0,25.0
FieldSize,Melton,2240,Mobile,TROTTERS,4,LEAD,1,0,34.48,-34.48,0.0,-100.0
FieldSize,Melton,2240,Mobile,TROTTERS,5,LEAD,14,5,588.21,-88.21,35.7,-15.0
FieldSize,Melton,2240,Mobile,TROTTERS,6,LEAD,42,20,1601.18,398.82,47.6,24.9
FieldSize,Melton,2240,Mobile,TROTTERS,7,LEAD,67,18,2094.09,-294.09,26.9,-14.0
FieldSize,Melton,2240,Mobile,TROTTERS,8,LEAD,129,36,3616.64,-16.64,27.9,-0.5
FieldSize,Melton,2240,Mobile,TROTTERS,9,LEAD,107,42,3268.21,931.79,39.3,28.5
FieldSize,Melton,2240,Stand,TROTTERS,10,B/LEAD,1,0,11.11,-11.11,0.0,-100.0
FieldSize,Melton,2240,Stand,TROTTERS,11,B/LEAD,3,1,8.02,91.98,33.3,1146.9
FieldSize,Melton,2240,Stand,TROTTERS,12,B/LEAD,9,2,72.21,127.79,22.2,177.0
FieldSize,Melton,2240,Stand,TROTTERS,6,B/LEAD,1,0,5.26,-5.26,0.0,-100.0
FieldSize,Melton,2240,Stand,TROTTERS,7,B/LEAD,3,0,17.94,-17.94,0.0,-100.0
FieldSize,Melton,2240,Stand,TROTTERS,8,B/LEAD,5,2,35.02,164.98,40.0,471.1
FieldSize,Melton,2240,Stand,TROTTERS,9,B/LEAD,7,0,65.61,-65.61,0.0,-100.0
FieldSize,Melton,2240,Stand,TROTTERS,10,DEATH,1,0,7.3,-7.3,0.0,-100.0
FieldSize,Melton,2240,Stand,TROTTERS,11,DEATH,3,1,28.54,71.46,33.3,250.4
FieldSize,Melton,2240,Stand,TROTTERS,12,DEATH,9,0,128.05,-128.05,0.0,-100.0
FieldSize,Melton,2240,Stand,TROTTERS,6,DEATH,1,0,9.09,-9.09,0.0,-100.0
FieldSize,Melton,2240,Stand,TROTTERS,7,DEATH,3,1,85.64,14.36,33.3,16.8
FieldSize,Melton,2240,Stand,TROTTERS,8,DEATH,4,0,65.38,-65.38,0.0,-100.0
FieldSize,Melton,2240,Stand,TROTTERS,9,DEATH,7,1,150.07,-50.07,14.3,-33.4
FieldSize,Melton,2240,Stand,TROTTERS,10,LEAD,1,0,35.71,-35.71,0.0,-100.0
FieldSize,Melton,2240,Stand,TROTTERS,11,LEAD,3,1,98.1,1.9,33.3,1.9
FieldSize,Melton,2240,Stand,TROTTERS,12,LEAD,9,5,260.47,239.53,55.6,92.0
FieldSize,Melton,2240,Stand,TROTTERS,6,LEAD,1,0,18.18,-18.18,0.0,-100.0
FieldSize,Melton,2240,Stand,TROTTERS,7,LEAD,3,2,107.52,92.48,66.7,86.0
FieldSize,Melton,2240,Stand,TROTTERS,8,LEAD,5,2,187.38,12.62,40.0,6.7
FieldSize,Melton,2240,Stand,TROTTERS,9,LEAD,7,3,93.18,206.82,42.9,222.0
FieldSize,Melton,2760,Mobile,PACERS,10,B/LEAD,5,1,67.64,32.36,20.0,47.8
FieldSize,Melton,2760,Mobile,PACERS,11,B/LEAD,8,1,98.63,1.37,12.5,1.4
FieldSize,Melton,2760,Mobile,PACERS,12,B/LEAD,19,3,261.8,38.2,15.8,14.6
FieldSize,Melton,2760,Mobile,PACERS,6,B/LEAD,1,0,37.04,-37.04,0.0,-100.0
FieldSize,Melton,2760,Mobile,PACERS,7,B/LEAD,3,0,70.26,-70.26,0.0,-100.0
FieldSize,Melton,2760,Mobile,PACERS,8,B/LEAD,3,1,25.38,74.62,33.3,294.0
FieldSize,Melton,2760,Mobile,PACERS,9,B/LEAD,2,1,36.55,63.45,50.0,173.6
FieldSize,Melton,2760,Mobile,PACERS,10,DEATH,5,0,118.28,-118.28,0.0,-100.0
FieldSize,Melton,2760,Mobile,PACERS,11,DEATH,8,0,77.92,-77.92,0.0,-100.0
FieldSize,Melton,2760,Mobile,PACERS,12,DEATH,19,1,504.52,-404.52,5.3,-80.2
FieldSize,Melton,2760,Mobile,PACERS,7,DEATH,3,0,63.1,-63.1,0.0,-100.0
FieldSize,Melton,2760,Mobile,PACERS,8,DEATH,3,0,53.7,-53.7,0.0,-100.0
FieldSize,Melton,2760,Mobile,PACERS,9,DEATH,2,1,46.79,53.21,50.0,113.7
FieldSize,Melton,2760,Mobile,PACERS,10,LEAD,5,3,250.99,49.01,60.0,19.5
FieldSize,Melton,2760,Mobile,PACERS,11,LEAD,8,5,442.57,57.43,62.5,13.0
FieldSize,Melton,2760,Mobile,PACERS,12,LEAD,19,10,700.66,299.34,52.6,42.7
FieldSize,Melton,2760,Mobile,PACERS,6,LEAD,1,1,64.52,35.48,100.0,55.0
FieldSize,Melton,2760,Mobile,PACERS,7,LEAD,3,3,166.8,133.2,100.0,79.9
FieldSize,Melton,2760,Mobile,PACERS,8,LEAD,3,2,87.95,112.05,66.7,127.4
FieldSize,Melton,2760,Mobile,PACERS,9,LEAD,2,0,58.46,-58.46,0.0,-100.0
FieldSize,Melton,2760,Mobile,TROTTERS,12,B/LEAD,3,0,26.4,-26.4,0.0,-100.0
FieldSize,Melton,2760,Mobile,TROTTERS,7,B/LEAD,1,0,18.18,-18.18,0.0,-100.0
FieldSize,Melton,2760,Mobile,TROTTERS,8,B/LEAD,1,0,26.32,-26.32,0.0,-100.0
FieldSize,Melton,2760,Mobile,TROTTERS,9,B/LEAD,1,1,57.14,42.86,100.0,75.0
FieldSize,Melton,2760,Mobile,TROTTERS,12,DEATH,3,1,64.17,35.83,33.3,55.8
FieldSize,Melton,2760,Mobile,TROTTERS,7,DEATH,1,1,71.43,28.57,100.0,40.0
FieldSize,Melton,2760,Mobile,TROTTERS,8,DEATH,1,0,11.11,-11.11,0.0,-100.0
FieldSize,Melton,2760,Mobile,TROTTERS,9,DEATH,1,0,0.66,-0.66,0.0,-100.0
FieldSize,Melton,2760,Mobile,TROTTERS,12,LEAD,3,2,132.26,67.74,66.7,51.2
FieldSize,Melton,2760,Mobile,TROTTERS,7,LEAD,1,0,11.76,-11.76,0.0,-100.0
FieldSize,Melton,2760,Mobile,TROTTERS,8,LEAD,1,1,20.0,80.0,100.0,400.0
FieldSize,Melton,2760,Mobile,TROTTERS,9,LEAD,1,0,12.5,-12.5,0.0,-100.0
FieldSize,Melton,2760,Stand,TROTTERS,10,B/LEAD,2,0,36.67,-36.67,0.0,-100.0
FieldSize,Melton,2760,Stand,TROTTERS,11,B/LEAD,3,0,16.45,-16.45,0.0,-100.0
FieldSize,Melton,2760,Stand,TROTTERS,12,B/LEAD,4,1,24.1,75.9,25.0,314.9
FieldSize,Melton,2760,Stand,TROTTERS,6,B/LEAD,1,0,55.56,-55.56,0.0,-100.0
FieldSize,Melton,2760,Stand,TROTTERS,7,B/LEAD,1,0,14.29,-14.29,0.0,-100.0
FieldSize,Melton,2760,Stand,TROTTERS,8,B/LEAD,6,0,48.3,-48.3,0.0,-100.0
FieldSize,Melton,2760,Stand,TROTTERS,9,B/LEAD,2,1,60.12,39.88,50.0,66.3
FieldSize,Melton,2760,Stand,TROTTERS,10,DEATH,2,0,41.74,-41.74,0.0,-100.0
FieldSize,Melton,2760,Stand,TROTTERS,11,DEATH,3,1,67.01,32.99,33.3,49.2
FieldSize,Melton,2760,Stand,TROTTERS,12,DEATH,4,0,73.99,-73.99,0.0,-100.0
FieldSize,Melton,2760,Stand,TROTTERS,6,DEATH,1,0,2.48,-2.48,0.0,-100.0
FieldSize,Melton,2760,Stand,TROTTERS,7,DEATH,1,0,25.0,-25.0,0.0,-100.0
FieldSize,Melton,2760,Stand,TROTTERS,8,DEATH,6,1,126.3,-26.3,16.7,-20.8
FieldSize,Melton,2760,Stand,TROTTERS,9,DEATH,2,0,23.7,-23.7,0.0,-100.0
FieldSize,Melton,2760,Stand,TROTTERS,10,LEAD,2,1,38.63,61.37,50.0,158.9
FieldSize,Melton,2760,Stand,TROTTERS,11,LEAD,3,1,77.64,22.36,33.3,28.8
FieldSize,Melton,2760,Stand,TROTTERS,12,LEAD,4,3,117.98,182.02,75.0,154.3
FieldSize,Melton,2760,Stand,TROTTERS,6,LEAD,2,1,39.54,60.46,50.0,152.9
FieldSize,Melton,2760,Stand,TROTTERS,7,LEAD,1,0,6.25,-6.25,0.0,-100.0
FieldSize,Melton,2760,Stand,TROTTERS,8,LEAD,6,2,202.51,-2.51,33.3,-1.2
FieldSize,Melton,2760,Stand,TROTTERS,9,LEAD,2,0,47.89,-47.89,0.0,-100.0
FieldSize,Menangle,1609,Mobile,PACERS,10,B/LEAD,1457,197,20494.81,-794.81,13.5,-3.9
FieldSize,Menangle,1609,Mobile,PACERS,11,B/LEAD,3,2,81.02,118.98,66.7,146.9
FieldSize,Menangle,1609,Mobile,PACERS,12,B/LEAD,3,1,98.47,1.53,33.3,1.6
FieldSize,Menangle,1609,Mobile,PACERS,18,B/LEAD,2,0,25.0,-25.0,0.0,-100.0
FieldSize,Menangle,1609,Mobile,PACERS,20,B/LEAD,6,0,136.1,-136.1,0.0,-100.0
FieldSize,Menangle,1609,Mobile,PACERS,3,B/LEAD,1,0,14.29,-14.29,0.0,-100.0
FieldSize,Menangle,1609,Mobile,PACERS,4,B/LEAD,3,1,135.15,-35.15,33.3,-26.0
FieldSize,Menangle,1609,Mobile,PACERS,5,B/LEAD,12,3,216.91,83.09,25.0,38.3
FieldSize,Menangle,1609,Mobile,PACERS,6,B/LEAD,53,12,981.96,218.04,22.6,22.2
FieldSize,Menangle,1609,Mobile,PACERS,7,B/LEAD,164,26,2784.05,-184.05,15.9,-6.6
FieldSize,Menangle,1609,Mobile,PACERS,8,B/LEAD,401,55,6327.23,-827.23,13.7,-13.1
FieldSize,Menangle,1609,Mobile,PACERS,9,B/LEAD,747,96,11253.84,-1653.84,12.9,-14.7
FieldSize,Menangle,1609,Mobile,PACERS,10,DEATH,1292,152,20972.35,-5772.35,11.8,-27.5
FieldSize,Menangle,1609,Mobile,PACERS,11,DEATH,1,0,0.66,-0.66,0.0,-100.0
FieldSize,Menangle,1609,Mobile,PACERS,12,DEATH,1,0,5.56,-5.56,0.0,-100.0
FieldSize,Menangle,1609,Mobile,PACERS,20,DEATH,10,0,201.16,-201.16,0.0,-100.0
FieldSize,Menangle,1609,Mobile,PACERS,3,DEATH,1,0,80.0,-80.0,0.0,-100.0
FieldSize,Menangle,1609,Mobile,PACERS,4,DEATH,1,0,20.83,-20.83,0.0,-100.0
FieldSize,Menangle,1609,Mobile,PACERS,5,DEATH,2,1,101.25,-1.25,50.0,-1.2
FieldSize,Menangle,1609,Mobile,PACERS,6,DEATH,17,1,328.88,-228.88,5.9,-69.6
FieldSize,Menangle,1609,Mobile,PACERS,7,DEATH,98,17,2046.55,-346.55,17.3,-16.9
FieldSize,Menangle,1609,Mobile,PACERS,8,DEATH,308,35,6066.57,-2566.57,11.4,-42.3
FieldSize,Menangle,1609,Mobile,PACERS,9,DEATH,625,63,10636.97,-4336.97,10.1,-40.8
FieldSize,Menangle,1609,Mobile,PACERS,10,LEAD,1525,536,47905.59,5694.41,35.1,11.9
FieldSize,Menangle,1609,Mobile,PACERS,11,LEAD,2,0,74.85,-74.85,0.0,-100.0
FieldSize,Menangle,1609,Mobile,PACERS,12,LEAD,3,1,108.47,-8.47,33.3,-7.8
FieldSize,Menangle,1609,Mobile,PACERS,18,LEAD,2,0,60.6,-60.6,0.0,-100.0
FieldSize,Menangle,1609,Mobile,PACERS,20,LEAD,14,2,284.48,-84.48,14.3,-29.7
FieldSize,Menangle,1609,Mobile,PACERS,3,LEAD,1,1,15.38,84.62,100.0,550.2
FieldSize,Menangle,1609,Mobile,PACERS,4,LEAD,3,1,84.69,15.31,33.3,18.1
FieldSize,Menangle,1609,Mobile,PACERS,5,LEAD,13,3,388.19,-88.19,23.1,-22.7
FieldSize,Menangle,1609,Mobile,PACERS,6,LEAD,53,26,2686.56,-86.56,49.1,-3.2
FieldSize,Menangle,1609,Mobile,PACERS,7,LEAD,176,80,7907.47,92.53,45.5,1.2
FieldSize,Menangle,1609,Mobile,PACERS,8,LEAD,410,177,15483.02,2216.98,43.2,14.3
FieldSize,Menangle,1609,Mobile,PACERS,9,LEAD,777,334,27145.49,6254.51,43.0,23.0
FieldSize,Menangle,1609,Mobile,TROTTERS,10,B/LEAD,152,28,2241.13,558.87,18.4,24.9
FieldSize,Menangle,1609,Mobile,TROTTERS,18,B/LEAD,2,0,18.18,-18.18,0.0,-100.0
FieldSize,Menangle,1609,Mobile,TROTTERS,4,B/LEAD,1,0,12.5,-12.5,0.0,-100.0
FieldSize,Menangle,1609,Mobile,TROTTERS,5,B/LEAD,7,2,175.83,24.17,28.6,13.7
FieldSize,Menangle,1609,Mobile,TROTTERS,6,B/LEAD,20,3,328.05,-28.05,15.0,-8.6
FieldSize,Menangle,1609,Mobile,TROTTERS,7,B/LEAD,50,4,931.14,-531.14,8.0,-57.0
FieldSize,Menangle,1609,Mobile,TROTTERS,8,B/LEAD,83,15,1701.12,-201.12,18.1,-11.8
FieldSize,Menangle,1609,Mobile,TROTTERS,9,B/LEAD,114,10,1794.98,-794.98,8.8,-44.3
FieldSize,Menangle,1609,Mobile,TROTTERS,10,DEATH,113,13,2062.16,-762.16,11.5,-37.0
FieldSize,Menangle,1609,Mobile,TROTTERS,6,DEATH,6,1,215.97,-115.97,16.7,-53.7
FieldSize,Menangle,1609,Mobile,TROTTERS,7,DEATH,20,3,442.03,-142.03,15.0,-32.1
FieldSize,Menangle,1609,Mobile,TROTTERS,8,DEATH,48,5,855.4,-355.4,10.4,-41.5
FieldSize,Menangle,1609,Mobile,TROTTERS,9,DEATH,78,23,1512.29,787.71,29.5,52.1
FieldSize,Menangle,1609,Mobile,TROTTERS,10,LEAD,160,69,5104.4,1795.6,43.1,35.2
FieldSize,Menangle,1609,Mobile,TROTTERS,18,LEAD,2,2,57.14,142.86,100.0,250.0
FieldSize,Menangle,1609,Mobile,TROTTERS,4,LEAD,1,1,23.81,76.19,100.0,320.0
FieldSize,Menangle,1609,Mobile,TROTTERS,5,LEAD,7,4,260.1,39.9,57.1,15.3
FieldSize,Menangle,1609,Mobile,TROTTERS,6,LEAD,22,13,1069.27,230.73,59.1,21.6
FieldSize,Menangle,1609,Mobile,TROTTERS,7,LEAD,51,31,2215.2,884.8,60.8,39.9
FieldSize,Menangle,1609,Mobile,TROTTERS,8,LEAD,88,45,2905.18,1594.82,51.1,54.9
FieldSize,Menangle,1609,Mobile,TROTTERS,9,LEAD,119,57,3818.15,1881.85,47.9,49.3
FieldSize,Menangle,1609,Stand,TROTTERS,10,B/LEAD,2,0,7.9,-7.9,0.0,-100.0
FieldSize,Menangle,1609,Stand,TROTTERS,11,B/LEAD,5,2,51.95,148.05,40.0,285.0
FieldSize,Menangle,1609,Stand,TROTTERS,12,B/LEAD,3,0,27.8,-27.8,0.0,-100.0
FieldSize,Menangle,1609,Stand,TROTTERS,13,B/LEAD,2,0,3.67,-3.67,0.0,-100.0
FieldSize,Menangle,1609,Stand,TROTTERS,14,B/LEAD,5,0,26.95,-26.95,0.0,-100.0
FieldSize,Menangle,1609,Stand,TROTTERS,6,B/LEAD,1,0,10.53,-10.53,0.0,-100.0
FieldSize,Menangle,1609,Stand,TROTTERS,7,B/LEAD,2,1,18.31,81.69,50.0,446.1
FieldSize,Menangle,1609,Stand,TROTTERS,8,B/LEAD,7,1,122.7,-22.7,14.3,-18.5
FieldSize,Menangle,1609,Stand,TROTTERS,11,DEATH,2,0,31.88,-31.88,0.0,-100.0
FieldSize,Menangle,1609,Stand,TROTTERS,12,DEATH,2,0,52.5,-52.5,0.0,-100.0
FieldSize,Menangle,1609,Stand,TROTTERS,13,DEATH,1,0,6.25,-6.25,0.0,-100.0
FieldSize,Menangle,1609,Stand,TROTTERS,14,DEATH,3,0,19.04,-19.04,0.0,-100.0
FieldSize,Menangle,1609,Stand,TROTTERS,8,DEATH,3,2,56.11,143.89,66.7,256.4
FieldSize,Menangle,1609,Stand,TROTTERS,10,LEAD,2,0,26.67,-26.67,0.0,-100.0
FieldSize,Menangle,1609,Stand,TROTTERS,11,LEAD,5,0,50.12,-50.12,0.0,-100.0
FieldSize,Menangle,1609,Stand,TROTTERS,12,LEAD,3,0,32.74,-32.74,0.0,-100.0
FieldSize,Menangle,1609,Stand,TROTTERS,13,LEAD,3,1,62.76,37.24,33.3,59.3
FieldSize,Menangle,1609,Stand,TROTTERS,14,LEAD,5,2,82.66,117.34,40.0,142.0
FieldSize,Menangle,1609,Stand,TROTTERS,6,LEAD,1,0,29.41,-29.41,0.0,-100.0
FieldSize,Menangle,1609,Stand,TROTTERS,7,LEAD,2,0,77.28,-77.28,0.0,-100.0
FieldSize,Menangle,1609,Stand,TROTTERS,8,LEAD,8,2,117.99,82.01,25.0,69.5
FieldSize,Menangle,1609,Stand,TROTTERS,9,LEAD,1,1,5.88,94.12,100.0,1600.7
FieldSize,Menangle,2300,Mobile,PACERS,10,B/LEAD,258,48,4012.3,787.7,18.6,19.6
FieldSize,Menangle,2300,Mobile,PACERS,11,B/LEAD,4,0,49.65,-49.65,0.0,-100.0
FieldSize,Menangle,2300,Mobile,PACERS,12,B/LEAD,20,3,288.61,11.39,15.0,3.9
FieldSize,Menangle,2300,Mobile,PACERS,5,B/LEAD,2,0,30.0,-30.0,0.0,-100.0
FieldSize,Menangle,2300,Mobile,PACERS,6,B/LEAD,9,2,132.09,67.91,22.2,51.4
FieldSize,Menangle,2300,Mobile,PACERS,7,B/LEAD,13,5,287.28,212.72,38.5,74.0
FieldSize,Menangle,2300,Mobile,PACERS,8,B/LEAD,52,12,926.06,273.94,23.1,29.6
FieldSize,Menangle,2300,Mobile,PACERS,9,B/LEAD,90,15,1492.94,7.06,16.7,0.5
FieldSize,Menangle,2300,Mobile,PACERS,10,DEATH,233,15,3757.01,-2257.01,6.4,-60.1
FieldSize,Menangle,2300,Mobile,PACERS,11,DEATH,4,1,170.24,-70.24,25.0,-41.3
FieldSize,Menangle,2300,Mobile,PACERS,12,DEATH,19,1,239.1,-139.1,5.3,-58.2
FieldSize,Menangle,2300,Mobile,PACERS,5,DEATH,1,0,44.44,-44.44,0.0,-100.0
FieldSize,Menangle,2300,Mobile,PACERS,6,DEATH,8,0,161.17,-161.17,0.0,-100.0
FieldSize,Menangle,2300,Mobile,PACERS,7,DEATH,8,1,247.5,-147.5,12.5,-59.6
FieldSize,Menangle,2300,Mobile,PACERS,8,DEATH,38,3,773.55,-473.55,7.9,-61.2
FieldSize,Menangle,2300,Mobile,PACERS,9,DEATH,74,6,1181.76,-581.76,8.1,-49.2
FieldSize,Menangle,2300,Mobile,PACERS,10,LEAD,282,98,8865.78,934.22,34.8,10.5
FieldSize,Menangle,2300,Mobile,PACERS,11,LEAD,4,2,131.49,68.51,50.0,52.1
FieldSize,Menangle,2300,Mobile,PACERS,12,LEAD,19,11,769.1,330.9,57.9,43.0
FieldSize,Menangle,2300,Mobile,PACERS,5,LEAD,2,1,82.93,17.07,50.0,20.6
FieldSize,Menangle,2300,Mobile,PACERS,6,LEAD,9,4,456.78,-56.78,44.4,-12.4
FieldSize,Menangle,2300,Mobile,PACERS,7,LEAD,13,4,445.51,-45.51,30.8,-10.2
FieldSize,Menangle,2300,Mobile,PACERS,8,LEAD,53,18,1979.15,-179.15,34.0,-9.1
FieldSize,Menangle,2300,Mobile,PACERS,9,LEAD,96,33,2851.94,448.06,34.4,15.7
FieldSize,Menangle,2300,Mobile,TROTTERS,10,B/LEAD,100,14,1842.73,-442.73,14.0,-24.0
FieldSize,Menangle,2300,Mobile,TROTTERS,12,B/LEAD,1,0,20.0,-20.0,0.0,-100.0
FieldSize,Menangle,2300,Mobile,TROTTERS,5,B/LEAD,4,0,89.84,-89.84,0.0,-100.0
FieldSize,Menangle,2300,Mobile,TROTTERS,6,B/LEAD,10,2,210.89,-10.89,20.0,-5.2
FieldSize,Menangle,2300,Mobile,TROTTERS,7,B/LEAD,26,4,586.99,-186.99,15.4,-31.9
FieldSize,Menangle,2300,Mobile,TROTTERS,8,B/LEAD,54,14,925.9,474.1,25.9,51.2
FieldSize,Menangle,2300,Mobile,TROTTERS,9,B/LEAD,53,12,957.73,242.27,22.6,25.3
FieldSize,Menangle,2300,Mobile,TROTTERS,10,DEATH,69,9,900.19,-0.19,13.0,-0.0
FieldSize,Menangle,2300,Mobile,TROTTERS,12,DEATH,1,0,7.14,-7.14,0.0,-100.0
FieldSize,Menangle,2300,Mobile,TROTTERS,20,DEATH,2,0,5.88,-5.88,0.0,-100.0
FieldSize,Menangle,2300,Mobile,TROTTERS,5,DEATH,1,0,20.83,-20.83,0.0,-100.0
FieldSize,Menangle,2300,Mobile,TROTTERS,6,DEATH,5,1,206.03,-106.03,20.0,-51.5
FieldSize,Menangle,2300,Mobile,TROTTERS,7,DEATH,10,0,159.94,-159.94,0.0,-100.0
FieldSize,Menangle,2300,Mobile,TROTTERS,8,DEATH,36,1,754.52,-654.52,2.8,-86.7
FieldSize,Menangle,2300,Mobile,TROTTERS,9,DEATH,42,4,493.09,-93.09,9.5,-18.9
FieldSize,Menangle,2300,Mobile,TROTTERS,10,LEAD,100,32,3037.55,162.45,32.0,5.3
FieldSize,Menangle,2300,Mobile,TROTTERS,12,LEAD,1,1,58.82,41.18,100.0,70.0
FieldSize,Menangle,2300,Mobile,TROTTERS,20,LEAD,6,0,118.0,-118.0,0.0,-100.0
FieldSize,Menangle,2300,Mobile,TROTTERS,5,LEAD,4,4,263.34,136.66,100.0,51.9
FieldSize,Menangle,2300,Mobile,TROTTERS,6,LEAD,10,6,427.95,172.05,60.0,40.2
FieldSize,Menangle,2300,Mobile,TROTTERS,7,LEAD,28,17,1383.69,316.31,60.7,22.9
FieldSize,Menangle,2300,Mobile,TROTTERS,8,LEAD,58,18,1866.41,-66.41,31.0,-3.6
FieldSize,Menangle,2300,Mobile,TROTTERS,9,LEAD,61,28,2135.17,664.83,45.9,31.1
FieldSize,Menangle,2300,Stand,TROTTERS,10,B/LEAD,19,3,152.85,147.15,15.8,96.3
FieldSize,Menangle,2300,Stand,TROTTERS,11,B/LEAD,12,2,132.47,67.53,16.7,51.0
FieldSize,Menangle,2300,Stand,TROTTERS,12,B/LEAD,17,2,142.21,57.79,11.8,40.6
FieldSize,Menangle,2300,Stand,TROTTERS,13,B/LEAD,12,1,193.01,-93.01,8.3,-48.2
FieldSize,Menangle,2300,Stand,TROTTERS,14,B/LEAD,7,0,35.07,-35.07,0.0,-100.0
FieldSize,Menangle,2300,Stand,TROTTERS,5,B/LEAD,1,0,58.82,-58.82,0.0,-100.0
FieldSize,Menangle,2300,Stand,TROTTERS,6,B/LEAD,3,2,57.7,142.3,66.7,246.6
FieldSize,Menangle,2300,Stand,TROTTERS,7,B/LEAD,5,1,115.95,-15.95,20.0,-13.8
FieldSize,Menangle,2300,Stand,TROTTERS,8,B/LEAD,20,3,294.46,5.54,15.0,1.9
FieldSize,Menangle,2300,Stand,TROTTERS,9,B/LEAD,19,2,218.59,-18.59,10.5,-8.5
FieldSize,Menangle,2300,Stand,TROTTERS,10,DEATH,11,2,196.76,3.24,18.2,1.6
FieldSize,Menangle,2300,Stand,TROTTERS,11,DEATH,8,1,81.36,18.64,12.5,22.9
FieldSize,Menangle,2300,Stand,TROTTERS,12,DEATH,12,2,174.69,25.31,16.7,14.5
FieldSize,Menangle,2300,Stand,TROTTERS,13,DEATH,10,0,114.55,-114.55,0.0,-100.0
FieldSize,Menangle,2300,Stand,TROTTERS,14,DEATH,7,1,88.99,11.01,14.3,12.4
FieldSize,Menangle,2300,Stand,TROTTERS,6,DEATH,2,0,49.05,-49.05,0.0,-100.0
FieldSize,Menangle,2300,Stand,TROTTERS,7,DEATH,3,0,74.13,-74.13,0.0,-100.0
FieldSize,Menangle,2300,Stand,TROTTERS,8,DEATH,12,0,216.21,-216.21,0.0,-100.0
FieldSize,Menangle,2300,Stand,TROTTERS,9,DEATH,10,4,168.02,231.98,40.0,138.1
FieldSize,Menangle,2300,Stand,TROTTERS,10,LEAD,18,6,413.66,186.34,33.3,45.0
FieldSize,Menangle,2300,Stand,TROTTERS,11,LEAD,12,4,181.51,218.49,33.3,120.4
FieldSize,Menangle,2300,Stand,TROTTERS,12,LEAD,18,7,382.84,317.16,38.9,82.8
FieldSize,Menangle,2300,Stand,TROTTERS,13,LEAD,12,2,140.03,59.97,16.7,42.8
FieldSize,Menangle,2300,Stand,TROTTERS,14,LEAD,7,2,86.75,113.25,28.6,130.5
FieldSize,Menangle,2300,Stand,TROTTERS,5,LEAD,1,1,38.46,61.54,100.0,160.0
FieldSize,Menangle,2300,Stand,TROTTERS,6,LEAD,3,0,39.55,-39.55,0.0,-100.0
FieldSize,Menangle,2300,Stand,TROTTERS,7,LEAD,5,2,115.67,84.33,40.0,72.9
FieldSize,Menangle,2300,Stand,TROTTERS,8,LEAD,22,5,543.25,-43.25,22.7,-8.0
FieldSize,Menangle,2300,Stand,TROTTERS,9,LEAD,20,7,443.17,256.83,35.0,58.0
FieldSize,Menangle,2400,Mobile,PACERS,10,B/LEAD,25,2,299.84,-99.84,8.0,-33.3
FieldSize,Menangle,2400,Mobile,PACERS,12,B/LEAD,3,1,29.58,70.42,33.3,238.1
FieldSize,Menangle,2400,Mobile,PACERS,6,B/LEAD,1,0,18.18,-18.18,0.0,-100.0
FieldSize,Menangle,2400,Mobile,PACERS,7,B/LEAD,3,0,83.08,-83.08,0.0,-100.0
FieldSize,Menangle,2400,Mobile,PACERS,8,B/LEAD,5,1,85.24,14.76,20.0,17.3
FieldSize,Menangle,2400,Mobile,PACERS,9,B/LEAD,11,1,182.12,-82.12,9.1,-45.1
FieldSize,Menangle,2400,Mobile,PACERS,10,DEATH,25,3,471.83,-171.83,12.0,-36.4
FieldSize,Menangle,2400,Mobile,PACERS,12,DEATH,2,0,5.38,-5.38,0.0,-100.0
FieldSize,Menangle,2400,Mobile,PACERS,6,DEATH,1,0,13.33,-13.33,0.0,-100.0
FieldSize,Menangle,2400,Mobile,PACERS,7,DEATH,2,0,17.34,-17.34,0.0,-100.0
FieldSize,Menangle,2400,Mobile,PACERS,8,DEATH,5,0,83.1,-83.1,0.0,-100.0
FieldSize,Menangle,2400,Mobile,PACERS,9,DEATH,10,0,154.24,-154.24,0.0,-100.0
FieldSize,Menangle,2400,Mobile,PACERS,10,LEAD,25,11,984.2,115.8,44.0,11.8
FieldSize,Menangle,2400,Mobile,PACERS,12,LEAD,3,2,182.3,17.7,66.7,9.7
FieldSize,Menangle,2400,Mobile,PACERS,6,LEAD,1,1,71.43,28.57,100.0,40.0
FieldSize,Menangle,2400,Mobile,PACERS,7,LEAD,3,2,183.96,16.04,66.7,8.7
FieldSize,Menangle,2400,Mobile,PACERS,8,LEAD,5,3,236.7,63.3,60.0,26.7
FieldSize,Menangle,2400,Mobile,PACERS,9,LEAD,11,4,378.05,21.95,36.4,5.8
FieldSize,Menangle,2400,Mobile,TROTTERS,11,B/LEAD,1,0,3.85,-3.85,0.0,-100.0
FieldSize,Menangle,2400,Mobile,TROTTERS,12,B/LEAD,1,0,8.33,-8.33,0.0,-100.0
FieldSize,Menangle,2400,Mobile,TROTTERS,11,DEATH,1,0,41.67,-41.67,0.0,-100.0
FieldSize,Menangle,2400,Mobile,TROTTERS,12,DEATH,1,0,4.35,-4.35,0.0,-100.0
FieldSize,Menangle,2400,Mobile,TROTTERS,11,LEAD,1,0,34.48,-34.48,0.0,-100.0
FieldSize,Menangle,2400,Mobile,TROTTERS,12,LEAD,1,1,66.67,33.33,100.0,50.0
FieldSize,Menangle,3009,Mobile,PACERS,12,B/LEAD,2,1,14.46,85.54,50.0,591.6
FieldSize,Menangle,3009,Mobile,PACERS,12,DEATH,2,0,57.04,-57.04,0.0,-100.0
FieldSize,Menangle,3009,Mobile,PACERS,12,LEAD,2,0,48.46,-48.46,0.0,-100.0
FieldSize,Menangle,3009,Mobile,TROTTERS,12,B/LEAD,1,0,12.5,-12.5,0.0,-100.0
FieldSize,Menangle,3009,Mobile,TROTTERS,12,DEATH,1,0,20.83,-20.83,0.0,-100.0
FieldSize,Menangle,3009,Mobile,TROTTERS,12,LEAD,1,1,26.32,73.68,100.0,279.9
FieldSize,Menangle,3009,Stand,TROTTERS,13,B/LEAD,1,0,0.66,-0.66,0.0,-100.0
FieldSize,Menangle,3009,Stand,TROTTERS,13,LEAD,1,1,27.03,72.97,100.0,270.0
FieldSize,Menangle,3009,Stand,TROTTERS,9,LEAD,1,1,10.0,90.0,100.0,900.0
FieldSize,Mildura,1790,Mobile,PACERS,10,B/LEAD,564,55,6869.09,-1369.09,9.8,-19.9
FieldSize,Mildura,1790,Mobile,PACERS,11,B/LEAD,44,5,328.11,171.89,11.4,52.4
FieldSize,Mildura,1790,Mobile,PACERS,5,B/LEAD,11,1,151.65,-51.65,9.1,-34.1
FieldSize,Mildura,1790,Mobile,PACERS,6,B/LEAD,41,3,385.94,-85.94,7.3,-22.3
FieldSize,Mildura,1790,Mobile,PACERS,7,B/LEAD,100,5,1426.94,-926.94,5.0,-65.0
FieldSize,Mildura,1790,Mobile,PACERS,8,B/LEAD,202,17,2331.3,-631.3,8.4,-27.1
FieldSize,Mildura,1790,Mobile,PACERS,9,B/LEAD,329,36,4115.03,-515.03,10.9,-12.5
FieldSize,Mildura,1790,Mobile,PACERS,10,DEATH,562,75,10328.41,-2828.41,13.3,-27.4
FieldSize,Mildura,1790,Mobile,PACERS,11,DEATH,40,5,677.07,-177.07,12.5,-26.2
FieldSize,Mildura,1790,Mobile,PACERS,5,DEATH,10,2,304.33,-104.33,20.0,-34.3
FieldSize,Mildura,1790,Mobile,PACERS,6,DEATH,42,4,1148.83,-748.83,9.5,-65.2
FieldSize,Mildura,1790,Mobile,PACERS,7,DEATH,98,14,2421.68,-1021.68,14.3,-42.2
FieldSize,Mildura,1790,Mobile,PACERS,8,DEATH,199,44,5006.9,-606.9,22.1,-12.1
FieldSize,Mildura,1790,Mobile,PACERS,9,DEATH,326,48,6683.53,-1883.53,14.7,-28.2
FieldSize,Mildura,1790,Mobile,PACERS,10,LEAD,566,253,15842.39,9457.61,44.7,59.7
FieldSize,Mildura,1790,Mobile,PACERS,11,LEAD,41,18,1230.94,569.06,43.9,46.2
FieldSize,Mildura,1790,Mobile,PACERS,5,LEAD,11,8,358.1,441.9,72.7,123.4
FieldSize,Mildura,1790,Mobile,PACERS,6,LEAD,41,24,1670.29,729.71,58.5,43.7
FieldSize,Mildura,1790,Mobile,PACERS,7,LEAD,98,45,3127.61,1372.39,45.9,43.9
FieldSize,Mildura,1790,Mobile,PACERS,8,LEAD,202,79,6030.82,1869.18,39.1,31.0
FieldSize,Mildura,1790,Mobile,PACERS,9,LEAD,329,134,9611.85,3788.15,40.7,39.4
FieldSize,Mildura,2190,Mobile,PACERS,10,B/LEAD,489,55,5575.1,-75.1,11.2,-1.3
FieldSize,Mildura,2190,Mobile,PACERS,11,B/LEAD,46,7,440.94,259.06,15.2,58.8
FieldSize,Mildura,2190,Mobile,PACERS,5,B/LEAD,10,3,180.58,119.42,30.0,66.1
FieldSize,Mildura,2190,Mobile,PACERS,6,B/LEAD,37,3,586.44,-286.44,8.1,-48.8
FieldSize,Mildura,2190,Mobile,PACERS,7,B/LEAD,95,6,1023.46,-423.46,6.3,-41.4
FieldSize,Mildura,2190,Mobile,PACERS,8,B/LEAD,189,23,2352.07,-52.07,12.2,-2.2
FieldSize,Mildura,2190,Mobile,PACERS,9,B/LEAD,285,32,3608.69,-408.69,11.2,-11.3
FieldSize,Mildura,2190,Mobile,PACERS,10,DEATH,488,54,9109.25,-3709.25,11.1,-40.7
FieldSize,Mildura,2190,Mobile,PACERS,11,DEATH,46,6,995.29,-395.29,13.0,-39.7
FieldSize,Mildura,2190,Mobile,PACERS,5,DEATH,9,0,205.66,-205.66,0.0,-100.0
FieldSize,Mildura,2190,Mobile,PACERS,6,DEATH,37,6,940.46,-340.46,16.2,-36.2
FieldSize,Mildura,2190,Mobile,PACERS,7,DEATH,91,8,2172.06,-1372.06,8.8,-63.2
FieldSize,Mildura,2190,Mobile,PACERS,8,DEATH,194,28,4673.06,-1873.06,14.4,-40.1
FieldSize,Mildura,2190,Mobile,PACERS,9,DEATH,289,50,5798.98,-798.98,17.3,-13.8
FieldSize,Mildura,2190,Mobile,PACERS,10,LEAD,488,189,12998.07,5901.93,38.7,45.4
FieldSize,Mildura,2190,Mobile,PACERS,11,LEAD,45,15,1146.48,353.52,33.3,30.8
FieldSize,Mildura,2190,Mobile,PACERS,5,LEAD,10,3,351.08,-51.08,30.0,-14.5
FieldSize,Mildura,2190,Mobile,PACERS,6,LEAD,37,17,1309.15,390.85,45.9,29.9
FieldSize,Mildura,2190,Mobile,PACERS,7,LEAD,94,49,3144.63,1755.37,52.1,55.8
FieldSize,Mildura,2190,Mobile,PACERS,8,LEAD,190,74,5357.19,2042.81,38.9,38.1
FieldSize,Mildura,2190,Mobile,PACERS,9,LEAD,287,98,8026.35,1773.65,34.1,22.1
FieldSize,Mildura,2190,Stand,TROTTERS,7,B/LEAD,2,0,18.35,-18.35,0.0,-100.0
FieldSize,Mildura,2190,Stand,TROTTERS,7,DEATH,2,0,31.36,-31.36,0.0,-100.0
FieldSize,Mildura,2190,Stand,TROTTERS,7,LEAD,2,2,71.25,128.75,100.0,180.7
FieldSize,Mildura,2600,Mobile,PACERS,10,B/LEAD,10,1,125.62,-25.62,10.0,-20.4
FieldSize,Mildura,2600,Mobile,PACERS,11,B/LEAD,2,0,24.8,-24.8,0.0,-100.0
FieldSize,Mildura,2600,Mobile,PACERS,5,B/LEAD,1,0,57.14,-57.14,0.0,-100.0
FieldSize,Mildura,2600,Mobile,PACERS,6,B/LEAD,1,0,5.26,-5.26,0.0,-100.0
FieldSize,Mildura,2600,Mobile,PACERS,8,B/LEAD,2,0,25.59,-25.59,0.0,-100.0
FieldSize,Mildura,2600,Mobile,PACERS,9,B/LEAD,1,0,3.55,-3.55,0.0,-100.0
FieldSize,Mildura,2600,Mobile,PACERS,10,DEATH,10,2,217.67,-17.67,20.0,-8.1
FieldSize,Mildura,2600,Mobile,PACERS,11,DEATH,2,0,68.76,-68.76,0.0,-100.0
FieldSize,Mildura,2600,Mobile,PACERS,5,DEATH,1,0,12.5,-12.5,0.0,-100.0
FieldSize,Mildura,2600,Mobile,PACERS,6,DEATH,1,0,0.79,-0.79,0.0,-100.0
FieldSize,Mildura,2600,Mobile,PACERS,8,DEATH,2,1,77.03,22.97,50.0,29.8
FieldSize,Mildura,2600,Mobile,PACERS,9,DEATH,1,0,62.5,-62.5,0.0,-100.0
FieldSize,Mildura,2600,Mobile,PACERS,10,LEAD,10,5,297.17,202.83,50.0,68.3
FieldSize,Mildura,2600,Mobile,PACERS,11,LEAD,2,1,41.66,58.34,50.0,140.0
FieldSize,Mildura,2600,Mobile,PACERS,5,LEAD,1,1,40.0,60.0,100.0,150.0
FieldSize,Mildura,2600,Mobile,PACERS,6,LEAD,1,1,96.15,3.85,100.0,4.0
FieldSize,Mildura,2600,Mobile,PACERS,8,LEAD,2,1,31.5,68.5,50.0,217.5
FieldSize,Mildura,2600,Mobile,PACERS,9,LEAD,1,0,1.07,-1.07,0.0,-100.0
FieldSize,Mildura,2600,Stand,TROTTERS,7,B/LEAD,2,0,10.02,-10.02,0.0,-100.0
FieldSize,Mildura,2600,Stand,TROTTERS,8,B/LEAD,2,0,10.38,-10.38,0.0,-100.0
FieldSize,Mildura,2600,Stand,TROTTERS,7,DEATH,2,0,54.48,-54.48,0.0,-100.0
FieldSize,Mildura,2600,Stand,TROTTERS,8,DEATH,2,0,58.08,-58.08,0.0,-100.0
FieldSize,Mildura,2600,Stand,TROTTERS,7,LEAD,2,2,29.69,170.31,100.0,573.6
FieldSize,Mildura,2600,Stand,TROTTERS,8,LEAD,2,1,60.0,40.0,50.0,66.7
FieldSize,Mount Gambier,1780,Mobile,PACERS,4,B/LEAD,2,0,31.36,-31.36,0.0,-100.0
FieldSize,Mount Gambier,1780,Mobile,PACERS,5,B/LEAD,22,3,364.17,-64.17,13.6,-17.6
FieldSize,Mount Gambier,1780,Mobile,PACERS,6,B/LEAD,60,10,1075.41,-75.41,16.7,-7.0
FieldSize,Mount Gambier,1780,Mobile,PACERS,7,B/LEAD,45,7,669.48,30.52,15.6,4.6
FieldSize,Mount Gambier,1780,Mobile,PACERS,8,B/LEAD,49,4,720.31,-320.31,8.2,-44.5
FieldSize,Mount Gambier,1780,Mobile,PACERS,9,B/LEAD,45,0,554.51,-554.51,0.0,-100.0
FieldSize,Mount Gambier,1780,Mobile,PACERS,4,DEATH,2,0,86.96,-86.96,0.0,-100.0
FieldSize,Mount Gambier,1780,Mobile,PACERS,5,DEATH,18,2,631.89,-431.89,11.1,-68.3
FieldSize,Mount Gambier,1780,Mobile,PACERS,6,DEATH,59,9,1336.2,-436.2,15.3,-32.6
FieldSize,Mount Gambier,1780,Mobile,PACERS,7,DEATH,46,8,1100.79,-300.79,17.4,-27.3
FieldSize,Mount Gambier,1780,Mobile,PACERS,8,DEATH,49,8,1074.8,-274.8,16.3,-25.6
FieldSize,Mount Gambier,1780,Mobile,PACERS,9,DEATH,45,6,1067.99,-467.99,13.3,-43.8
FieldSize,Mount Gambier,1780,Mobile,PACERS,4,LEAD,3,3,140.64,159.36,100.0,113.3
FieldSize,Mount Gambier,1780,Mobile,PACERS,5,LEAD,22,16,974.72,625.28,72.7,64.1
FieldSize,Mount Gambier,1780,Mobile,PACERS,6,LEAD,59,30,1891.89,1108.11,50.8,58.6
FieldSize,Mount Gambier,1780,Mobile,PACERS,7,LEAD,46,23,1414.22,885.78,50.0,62.6
FieldSize,Mount Gambier,1780,Mobile,PACERS,8,LEAD,49,23,1550.68,749.32,46.9,48.3
FieldSize,Mount Gambier,1780,Mobile,PACERS,9,LEAD,46,24,1203.28,1196.72,52.2,99.5
FieldSize,Mount Gambier,1780,Mobile,TROTTERS,7,B/LEAD,1,1,14.29,85.71,100.0,599.8
FieldSize,Mount Gambier,1780,Mobile,TROTTERS,7,DEATH,1,0,11.76,-11.76,0.0,-100.0
FieldSize,Mount Gambier,1780,Mobile,TROTTERS,7,LEAD,1,0,7.69,-7.69,0.0,-100.0
FieldSize,Mount Gambier,2190,Mobile,PACERS,3,B/LEAD,1,0,8.33,-8.33,0.0,-100.0
FieldSize,Mount Gambier,2190,Mobile,PACERS,4,B/LEAD,2,0,21.5,-21.5,0.0,-100.0
FieldSize,Mount Gambier,2190,Mobile,PACERS,5,B/LEAD,4,2,69.17,130.83,50.0,189.1
FieldSize,Mount Gambier,2190,Mobile,PACERS,6,B/LEAD,18,1,200.74,-100.74,5.6,-50.2
FieldSize,Mount Gambier,2190,Mobile,PACERS,7,B/LEAD,12,1,156.21,-56.21,8.3,-36.0
FieldSize,Mount Gambier,2190,Mobile,PACERS,8,B/LEAD,15,2,155.99,44.01,13.3,28.2
FieldSize,Mount Gambier,2190,Mobile,PACERS,9,B/LEAD,12,5,235.98,264.02,41.7,111.9
FieldSize,Mount Gambier,2190,Mobile,PACERS,4,DEATH,2,0,64.39,-64.39,0.0,-100.0
FieldSize,Mount Gambier,2190,Mobile,PACERS,5,DEATH,4,0,88.81,-88.81,0.0,-100.0
FieldSize,Mount Gambier,2190,Mobile,PACERS,6,DEATH,18,1,348.63,-248.63,5.6,-71.3
FieldSize,Mount Gambier,2190,Mobile,PACERS,7,DEATH,12,0,167.9,-167.9,0.0,-100.0
FieldSize,Mount Gambier,2190,Mobile,PACERS,8,DEATH,15,1,412.88,-312.88,6.7,-75.8
FieldSize,Mount Gambier,2190,Mobile,PACERS,9,DEATH,13,2,379.28,-179.28,15.4,-47.3
FieldSize,Mount Gambier,2190,Mobile,PACERS,3,LEAD,1,1,81.97,18.03,100.0,22.0
FieldSize,Mount Gambier,2190,Mobile,PACERS,4,LEAD,2,2,95.86,104.14,100.0,108.6
FieldSize,Mount Gambier,2190,Mobile,PACERS,5,LEAD,4,2,178.26,21.74,50.0,12.2
FieldSize,Mount Gambier,2190,Mobile,PACERS,6,LEAD,17,8,478.09,321.91,47.1,67.3
FieldSize,Mount Gambier,2190,Mobile,PACERS,7,LEAD,12,8,387.72,412.28,66.7,106.3
FieldSize,Mount Gambier,2190,Mobile,PACERS,8,LEAD,15,6,407.72,192.28,40.0,47.2
FieldSize,Mount Gambier,2190,Mobile,PACERS,9,LEAD,13,5,337.95,162.05,38.5,48.0
FieldSize,Mount Gambier,2190,Mobile,TROTTERS,5,B/LEAD,2,1,66.35,33.65,50.0,50.7
FieldSize,Mount Gambier,2190,Mobile,TROTTERS,6,B/LEAD,5,1,102.06,-2.06,20.0,-2.0
FieldSize,Mount Gambier,2190,Mobile,TROTTERS,7,B/LEAD,5,2,119.16,80.84,40.0,67.8
FieldSize,Mount Gambier,2190,Mobile,TROTTERS,8,B/LEAD,1,0,45.45,-45.45,0.0,-100.0
FieldSize,Mount Gambier,2190,Mobile,TROTTERS,9,B/LEAD,1,0,1.64,-1.64,0.0,-100.0
FieldSize,Mount Gambier,2190,Mobile,TROTTERS,6,DEATH,4,1,108.16,-8.16,25.0,-7.5
FieldSize,Mount Gambier,2190,Mobile,TROTTERS,7,DEATH,4,1,101.82,-1.82,25.0,-1.8
FieldSize,Mount Gambier,2190,Mobile,TROTTERS,8,DEATH,1,0,0.99,-0.99,0.0,-100.0
FieldSize,Mount Gambier,2190,Mobile,TROTTERS,9,DEATH,1,0,4.35,-4.35,0.0,-100.0
FieldSize,Mount Gambier,2190,Mobile,TROTTERS,5,LEAD,2,1,32.78,67.22,50.0,205.1
FieldSize,Mount Gambier,2190,Mobile,TROTTERS,6,LEAD,5,2,232.4,-32.4,40.0,-13.9
FieldSize,Mount Gambier,2190,Mobile,TROTTERS,7,LEAD,5,2,101.82,98.18,40.0,96.4
FieldSize,Mount Gambier,2190,Mobile,TROTTERS,8,LEAD,1,1,64.52,35.48,100.0,55.0
FieldSize,Mount Gambier,2190,Mobile,TROTTERS,9,LEAD,1,0,25.0,-25.0,0.0,-100.0
FieldSize,Mount Gambier,2190,Stand,TROTTERS,4,B/LEAD,2,0,66.96,-66.96,0.0,-100.0
FieldSize,Mount Gambier,2190,Stand,TROTTERS,5,B/LEAD,11,1,172.6,-72.6,9.1,-42.1
FieldSize,Mount Gambier,2190,Stand,TROTTERS,6,B/LEAD,8,0,113.12,-113.12,0.0,-100.0
FieldSize,Mount Gambier,2190,Stand,TROTTERS,7,B/LEAD,4,2,108.05,91.95,50.0,85.1
FieldSize,Mount Gambier,2190,Stand,TROTTERS,8,B/LEAD,5,0,78.18,-78.18,0.0,-100.0
FieldSize,Mount Gambier,2190,Stand,TROTTERS,4,DEATH,1,0,18.18,-18.18,0.0,-100.0
FieldSize,Mount Gambier,2190,Stand,TROTTERS,5,DEATH,4,2,165.93,34.07,50.0,20.5
FieldSize,Mount Gambier,2190,Stand,TROTTERS,6,DEATH,6,2,156.6,-56.6,33.3,-36.1
FieldSize,Mount Gambier,2190,Stand,TROTTERS,7,DEATH,1,0,15.38,-15.38,0.0,-100.0
FieldSize,Mount Gambier,2190,Stand,TROTTERS,8,DEATH,5,0,49.58,-49.58,0.0,-100.0
FieldSize,Mount Gambier,2190,Stand,TROTTERS,4,LEAD,2,1,66.96,33.04,50.0,49.3
FieldSize,Mount Gambier,2190,Stand,TROTTERS,5,LEAD,11,3,265.99,34.01,27.3,12.8
FieldSize,Mount Gambier,2190,Stand,TROTTERS,6,LEAD,9,1,175.44,-75.44,11.1,-43.0
FieldSize,Mount Gambier,2190,Stand,TROTTERS,7,LEAD,4,1,54.49,45.51,25.0,83.5
FieldSize,Mount Gambier,2190,Stand,TROTTERS,8,LEAD,5,2,114.93,85.07,40.0,74.0
FieldSize,Mount Gambier,2580,Stand,TROTTERS,4,B/LEAD,1,1,37.04,62.96,100.0,170.0
FieldSize,Mount Gambier,2580,Stand,TROTTERS,6,B/LEAD,2,1,6.85,93.15,50.0,1359.9
FieldSize,Mount Gambier,2580,Stand,TROTTERS,7,B/LEAD,1,0,18.18,-18.18,0.0,-100.0
FieldSize,Mount Gambier,2580,Stand,TROTTERS,6,DEATH,2,0,75.64,-75.64,0.0,-100.0
FieldSize,Mount Gambier,2580,Stand,TROTTERS,7,DEATH,1,1,60.61,39.39,100.0,65.0
FieldSize,Mount Gambier,2580,Stand,TROTTERS,4,LEAD,1,0,47.62,-47.62,0.0,-100.0
FieldSize,Mount Gambier,2580,Stand,TROTTERS,6,LEAD,2,1,40.88,59.12,50.0,144.6
FieldSize,Mount Gambier,2580,Stand,TROTTERS,7,LEAD,1,0,4.35,-4.35,0.0,-100.0
FieldSize,Mount Gambier,2590,Mobile,PACERS,8,B/LEAD,1,0,18.18,-18.18,0.0,-100.0
FieldSize,Mount Gambier,2590,Mobile,PACERS,9,B/LEAD,4,1,64.69,35.31,25.0,54.6
FieldSize,Mount Gambier,2590,Mobile,PACERS,8,DEATH,1,1,41.67,58.33,100.0,140.0
FieldSize,Mount Gambier,2590,Mobile,PACERS,9,DEATH,4,1,53.02,46.98,25.0,88.6
FieldSize,Mount Gambier,2590,Mobile,PACERS,8,LEAD,1,0,37.04,-37.04,0.0,-100.0
FieldSize,Mount Gambier,2590,Mobile,PACERS,9,LEAD,4,1,99.92,0.08,25.0,0.1
FieldSize,Narrabri,1760,Mobile,PACERS,10,B/LEAD,14,1,165.29,-65.29,7.1,-39.5
FieldSize,Narrabri,1760,Mobile,PACERS,6,B/LEAD,3,0,39.24,-39.24,0.0,-100.0
FieldSize,Narrabri,1760,Mobile,PACERS,7,B/LEAD,6,0,88.19,-88.19,0.0,-100.0
FieldSize,Narrabri,1760,Mobile,PACERS,8,B/LEAD,11,0,140.41,-140.41,0.0,-100.0
FieldSize,Narrabri,1760,Mobile,PACERS,9,B/LEAD,9,2,82.49,117.51,22.2,142.5
FieldSize,Narrabri,1760,Mobile,PACERS,10,DEATH,14,2,210.27,-10.27,14.3,-4.9
FieldSize,Narrabri,1760,Mobile,PACERS,6,DEATH,3,0,53.4,-53.4,0.0,-100.0
FieldSize,Narrabri,1760,Mobile,PACERS,7,DEATH,6,1,140.51,-40.51,16.7,-28.8
FieldSize,Narrabri,1760,Mobile,PACERS,8,DEATH,11,3,244.22,55.78,27.3,22.8
FieldSize,Narrabri,1760,Mobile,PACERS,9,DEATH,9,0,160.49,-160.49,0.0,-100.0
FieldSize,Narrabri,1760,Mobile,PACERS,10,LEAD,14,6,398.86,201.14,42.9,50.4
FieldSize,Narrabri,1760,Mobile,PACERS,6,LEAD,3,1,133.75,-33.75,33.3,-25.2
FieldSize,Narrabri,1760,Mobile,PACERS,7,LEAD,6,4,153.13,246.87,66.7,161.2
FieldSize,Narrabri,1760,Mobile,PACERS,8,LEAD,11,1,210.44,-110.44,9.1,-52.5
FieldSize,Narrabri,1760,Mobile,PACERS,9,LEAD,9,3,240.32,59.68,33.3,24.8
FieldSize,Narrabri,2160,Mobile,PACERS,10,B/LEAD,12,2,128.62,71.38,16.7,55.5
FieldSize,Narrabri,2160,Mobile,PACERS,7,B/LEAD,5,0,38.44,-38.44,0.0,-100.0
FieldSize,Narrabri,2160,Mobile,PACERS,8,B/LEAD,5,0,57.37,-57.37,0.0,-100.0
FieldSize,Narrabri,2160,Mobile,PACERS,9,B/LEAD,7,2,96.14,103.86,28.6,108.0
FieldSize,Narrabri,2160,Mobile,PACERS,10,DEATH,12,1,231.92,-131.92,8.3,-56.9
FieldSize,Narrabri,2160,Mobile,PACERS,7,DEATH,5,2,82.33,117.67,40.0,142.9
FieldSize,Narrabri,2160,Mobile,PACERS,8,DEATH,5,1,120.89,-20.89,20.0,-17.3
FieldSize,Narrabri,2160,Mobile,PACERS,9,DEATH,7,1,187.06,-87.06,14.3,-46.5
FieldSize,Narrabri,2160,Mobile,PACERS,10,LEAD,12,4,221.53,178.47,33.3,80.6
FieldSize,Narrabri,2160,Mobile,PACERS,7,LEAD,5,0,131.11,-131.11,0.0,-100.0
FieldSize,Narrabri,2160,Mobile,PACERS,8,LEAD,5,2,148.9,51.1,40.0,34.3
FieldSize,Narrabri,2160,Mobile,PACERS,9,LEAD,7,0,126.46,-126.46,0.0,-100.0
FieldSize,Narrabri,2560,Mobile,PACERS,5,B/LEAD,1,1,20.0,80.0,100.0,400.0
FieldSize,Narrabri,2560,Mobile,PACERS,6,B/LEAD,1,0,10.0,-10.0,0.0,-100.0
FieldSize,Narrabri,2560,Mobile,PACERS,7,B/LEAD,3,0,39.21,-39.21,0.0,-100.0
FieldSize,Narrabri,2560,Mobile,PACERS,8,B/LEAD,1,0,20.0,-20.0,0.0,-100.0
FieldSize,Narrabri,2560,Mobile,PACERS,9,B/LEAD,1,0,2.44,-2.44,0.0,-100.0
FieldSize,Narrabri,2560,Mobile,PACERS,5,DEATH,1,0,7.69,-7.69,0.0,-100.0
FieldSize,Narrabri,2560,Mobile,PACERS,6,DEATH,1,0,1.96,-1.96,0.0,-100.0
FieldSize,Narrabri,2560,Mobile,PACERS,7,DEATH,3,0,65.37,-65.37,0.0,-100.0
FieldSize,Narrabri,2560,Mobile,PACERS,8,DEATH,1,0,3.85,-3.85,0.0,-100.0
FieldSize,Narrabri,2560,Mobile,PACERS,9,DEATH,1,0,28.57,-28.57,0.0,-100.0
FieldSize,Narrabri,2560,Mobile,PACERS,5,LEAD,1,0,40.0,-40.0,0.0,-100.0
FieldSize,Narrabri,2560,Mobile,PACERS,6,LEAD,1,0,23.81,-23.81,0.0,-100.0
FieldSize,Narrabri,2560,Mobile,PACERS,7,LEAD,3,1,81.55,18.45,33.3,22.6
FieldSize,Narrabri,2560,Mobile,PACERS,8,LEAD,1,1,33.33,66.67,100.0,200.0
FieldSize,Narrabri,2560,Mobile,PACERS,9,LEAD,1,0,1.64,-1.64,0.0,-100.0
FieldSize,Narrogin,1823,Mobile,PACERS,10,B/LEAD,63,6,683.26,-83.26,9.5,-12.2
FieldSize,Narrogin,1823,Mobile,PACERS,5,B/LEAD,6,1,185.77,-85.77,16.7,-46.2
FieldSize,Narrogin,1823,Mobile,PACERS,6,B/LEAD,7,0,111.36,-111.36,0.0,-100.0
FieldSize,Narrogin,1823,Mobile,PACERS,7,B/LEAD,22,3,210.13,89.87,13.6,42.8
FieldSize,Narrogin,1823,Mobile,PACERS,8,B/LEAD,21,2,259.1,-59.1,9.5,-22.8
FieldSize,Narrogin,1823,Mobile,PACERS,9,B/LEAD,27,3,314.8,-14.8,11.1,-4.7
FieldSize,Narrogin,1823,Mobile,PACERS,10,DEATH,61,6,1073.87,-473.87,9.8,-44.1
FieldSize,Narrogin,1823,Mobile,PACERS,5,DEATH,4,1,130.6,-30.6,25.0,-23.4
FieldSize,Narrogin,1823,Mobile,PACERS,6,DEATH,7,2,203.95,-3.95,28.6,-1.9
FieldSize,Narrogin,1823,Mobile,PACERS,7,DEATH,21,4,580.05,-180.05,19.0,-31.0
FieldSize,Narrogin,1823,Mobile,PACERS,8,DEATH,21,1,489.77,-389.77,4.8,-79.6
FieldSize,Narrogin,1823,Mobile,PACERS,9,DEATH,25,0,496.51,-496.51,0.0,-100.0
FieldSize,Narrogin,1823,Mobile,PACERS,10,LEAD,62,28,2067.27,732.73,45.2,35.4
FieldSize,Narrogin,1823,Mobile,PACERS,5,LEAD,6,3,202.61,97.39,50.0,48.1
FieldSize,Narrogin,1823,Mobile,PACERS,6,LEAD,7,3,295.04,4.96,42.9,1.7
FieldSize,Narrogin,1823,Mobile,PACERS,7,LEAD,21,8,709.6,90.4,38.1,12.7
FieldSize,Narrogin,1823,Mobile,PACERS,8,LEAD,21,11,649.85,450.15,52.4,69.3
FieldSize,Narrogin,1823,Mobile,PACERS,9,LEAD,27,13,924.43,375.57,48.1,40.6
FieldSize,Narrogin,1823,Stand,PACERS,10,B/LEAD,1,0,10.53,-10.53,0.0,-100.0
FieldSize,Narrogin,1823,Stand,PACERS,10,DEATH,1,0,15.38,-15.38,0.0,-100.0
FieldSize,Narrogin,1823,Stand,PACERS,10,LEAD,1,1,4.76,95.24,100.0,2000.8
FieldSize,Narrogin,2223,Stand,PACERS,10,B/LEAD,1,0,20.83,-20.83,0.0,-100.0
FieldSize,Narrogin,2223,Stand,PACERS,6,B/LEAD,1,0,1.1,-1.1,0.0,-100.0
FieldSize,Narrogin,2223,Stand,PACERS,9,B/LEAD,2,0,12.49,-12.49,0.0,-100.0
FieldSize,Narrogin,2223,Stand,PACERS,10,DEATH,1,0,20.0,-20.0,0.0,-100.0
FieldSize,Narrogin,2223,Stand,PACERS,6,DEATH,1,0,3.85,-3.85,0.0,-100.0
FieldSize,Narrogin,2223,Stand,PACERS,9,DEATH,2,0,49.86,-49.86,0.0,-100.0
FieldSize,Narrogin,2223,Stand,PACERS,10,LEAD,1,1,18.18,81.82,100.0,450.1
FieldSize,Narrogin,2223,Stand,PACERS,6,LEAD,1,0,52.63,-52.63,0.0,-100.0
FieldSize,Narrogin,2223,Stand,PACERS,9,LEAD,2,1,36.31,63.69,50.0,175.4
FieldSize,Narrogin,2242,Mobile,PACERS,10,B/LEAD,157,16,1751.9,-151.9,10.2,-8.7
FieldSize,Narrogin,2242,Mobile,PACERS,5,B/LEAD,3,0,52.46,-52.46,0.0,-100.0
FieldSize,Narrogin,2242,Mobile,PACERS,6,B/LEAD,16,1,256.44,-156.44,6.2,-61.0
FieldSize,Narrogin,2242,Mobile,PACERS,7,B/LEAD,45,1,519.18,-419.18,2.2,-80.7
FieldSize,Narrogin,2242,Mobile,PACERS,8,B/LEAD,91,4,985.56,-585.56,4.4,-59.4
FieldSize,Narrogin,2242,Mobile,PACERS,9,B/LEAD,107,5,1289.52,-789.52,4.7,-61.2
FieldSize,Narrogin,2242,Mobile,PACERS,10,DEATH,154,19,2875.8,-975.8,12.3,-33.9
FieldSize,Narrogin,2242,Mobile,PACERS,5,DEATH,3,3,190.1,109.9,100.0,57.8
FieldSize,Narrogin,2242,Mobile,PACERS,6,DEATH,13,3,289.41,10.59,23.1,3.7
FieldSize,Narrogin,2242,Mobile,PACERS,7,DEATH,45,9,1079.09,-179.09,20.0,-16.6
FieldSize,Narrogin,2242,Mobile,PACERS,8,DEATH,91,12,1940.04,-740.04,13.2,-38.1
FieldSize,Narrogin,2242,Mobile,PACERS,9,DEATH,108,11,2032.75,-932.75,10.2,-45.9
FieldSize,Narrogin,2242,Mobile,PACERS,10,LEAD,156,67,5126.05,1573.95,42.9,30.7
FieldSize,Narrogin,2242,Mobile,PACERS,5,LEAD,3,0,40.19,-40.19,0.0,-100.0
FieldSize,Narrogin,2242,Mobile,PACERS,6,LEAD,16,9,928.61,-28.61,56.2,-3.1
FieldSize,Narrogin,2242,Mobile,PACERS,7,LEAD,44,28,1902.87,897.13,63.6,47.1
FieldSize,Narrogin,2242,Mobile,PACERS,8,LEAD,90,43,3847.02,452.98,47.8,11.8
FieldSize,Narrogin,2242,Mobile,PACERS,9,LEAD,107,56,4702.33,897.67,52.3,19.1
FieldSize,Narrogin,2636,Stand,PACERS,10,B/LEAD,5,2,45.49,154.51,40.0,339.7
FieldSize,Narrogin,2636,Stand,PACERS,11,B/LEAD,9,1,55.26,44.74,11.1,81.0
FieldSize,Narrogin,2636,Stand,PACERS,12,B/LEAD,4,0,25.37,-25.37,0.0,-100.0
FieldSize,Narrogin,2636,Stand,PACERS,6,B/LEAD,2,0,83.82,-83.82,0.0,-100.0
FieldSize,Narrogin,2636,Stand,PACERS,7,B/LEAD,3,0,20.75,-20.75,0.0,-100.0
FieldSize,Narrogin,2636,Stand,PACERS,8,B/LEAD,5,2,39.58,160.42,40.0,405.3
FieldSize,Narrogin,2636,Stand,PACERS,9,B/LEAD,9,0,57.47,-57.47,0.0,-100.0
FieldSize,Narrogin,2636,Stand,PACERS,10,DEATH,5,0,77.3,-77.3,0.0,-100.0
FieldSize,Narrogin,2636,Stand,PACERS,11,DEATH,8,2,155.19,44.81,25.0,28.9
FieldSize,Narrogin,2636,Stand,PACERS,12,DEATH,4,0,21.37,-21.37,0.0,-100.0
FieldSize,Narrogin,2636,Stand,PACERS,6,DEATH,1,0,5.0,-5.0,0.0,-100.0
FieldSize,Narrogin,2636,Stand,PACERS,7,DEATH,3,0,36.35,-36.35,0.0,-100.0
FieldSize,Narrogin,2636,Stand,PACERS,8,DEATH,5,0,92.2,-92.2,0.0,-100.0
FieldSize,Narrogin,2636,Stand,PACERS,9,DEATH,9,0,170.43,-170.43,0.0,-100.0
FieldSize,Narrogin,2636,Stand,PACERS,10,LEAD,5,2,160.29,39.71,40.0,24.8
FieldSize,Narrogin,2636,Stand,PACERS,11,LEAD,8,1,314.11,-214.11,12.5,-68.2
FieldSize,Narrogin,2636,Stand,PACERS,12,LEAD,4,2,83.18,116.82,50.0,140.4
FieldSize,Narrogin,2636,Stand,PACERS,6,LEAD,2,0,70.45,-70.45,0.0,-100.0
FieldSize,Narrogin,2636,Stand,PACERS,7,LEAD,3,2,106.03,93.97,66.7,88.6
FieldSize,Narrogin,2636,Stand,PACERS,8,LEAD,5,2,228.68,-28.68,40.0,-12.5
FieldSize,Narrogin,2636,Stand,PACERS,9,LEAD,9,2,324.94,-124.94,22.2,-38.5
FieldSize,Narrogin,2662,Mobile,PACERS,10,B/LEAD,6,0,60.72,-60.72,0.0,-100.0
FieldSize,Narrogin,2662,Mobile,PACERS,5,B/LEAD,1,0,12.5,-12.5,0.0,-100.0
FieldSize,Narrogin,2662,Mobile,PACERS,6,B/LEAD,2,0,15.28,-15.28,0.0,-100.0
FieldSize,Narrogin,2662,Mobile,PACERS,7,B/LEAD,4,0,29.86,-29.86,0.0,-100.0
FieldSize,Narrogin,2662,Mobile,PACERS,8,B/LEAD,4,0,22.06,-22.06,0.0,-100.0
FieldSize,Narrogin,2662,Mobile,PACERS,9,B/LEAD,5,0,10.72,-10.72,0.0,-100.0
FieldSize,Narrogin,2662,Mobile,PACERS,10,DEATH,6,0,152.01,-152.01,0.0,-100.0
FieldSize,Narrogin,2662,Mobile,PACERS,5,DEATH,2,1,95.27,4.73,50.0,5.0
FieldSize,Narrogin,2662,Mobile,PACERS,6,DEATH,2,0,24.69,-24.69,0.0,-100.0
FieldSize,Narrogin,2662,Mobile,PACERS,7,DEATH,4,1,99.87,0.13,25.0,0.1
FieldSize,Narrogin,2662,Mobile,PACERS,8,DEATH,4,1,74.43,25.57,25.0,34.4
FieldSize,Narrogin,2662,Mobile,PACERS,9,DEATH,5,2,127.94,72.06,40.0,56.3
FieldSize,Narrogin,2662,Mobile,PACERS,10,LEAD,6,4,183.14,216.86,66.7,118.4
FieldSize,Narrogin,2662,Mobile,PACERS,6,LEAD,2,1,142.5,-42.5,50.0,-29.8
FieldSize,Narrogin,2662,Mobile,PACERS,7,LEAD,4,3,255.34,44.66,75.0,17.5
FieldSize,Narrogin,2662,Mobile,PACERS,8,LEAD,4,3,274.63,25.37,75.0,9.2
FieldSize,Narrogin,2662,Mobile,PACERS,9,LEAD,5,3,264.14,35.86,60.0,13.6
FieldSize,Narrogin,2662,Stand,PACERS,10,B/LEAD,1,0,36.36,-36.36,0.0,-100.0
FieldSize,Narrogin,2662,Stand,PACERS,10,DEATH,1,0,2.44,-2.44,0.0,-100.0
FieldSize,Narrogin,2662,Stand,PACERS,10,LEAD,1,0,5.56,-5.56,0.0,-100.0
FieldSize,Newcastle,1100,Mobile,PACERS,7,B/LEAD,3,0,35.1,-35.1,0.0,-100.0
FieldSize,Newcastle,1100,Mobile,PACERS,8,B/LEAD,1,0,18.18,-18.18,0.0,-100.0
FieldSize,Newcastle,1100,Mobile,PACERS,7,DEATH,3,2,37.67,162.33,66.7,430.9
FieldSize,Newcastle,1100,Mobile,PACERS,8,DEATH,1,0,11.76,-11.76,0.0,-100.0
FieldSize,Newcastle,1100,Mobile,PACERS,7,LEAD,3,1,47.25,52.75,33.3,111.6
FieldSize,Newcastle,1100,Mobile,PACERS,8,LEAD,1,1,64.52,35.48,100.0,55.0
FieldSize,Newcastle,1609,Mobile,PACERS,10,B/LEAD,1178,161,16618.78,-518.78,13.7,-3.1
FieldSize,Newcastle,1609,Mobile,PACERS,3,B/LEAD,1,0,21.74,-21.74,0.0,-100.0
FieldSize,Newcastle,1609,Mobile,PACERS,4,B/LEAD,2,1,25.76,74.24,50.0,288.2
FieldSize,Newcastle,1609,Mobile,PACERS,5,B/LEAD,8,1,200.46,-100.46,12.5,-50.1
FieldSize,Newcastle,1609,Mobile,PACERS,6,B/LEAD,41,9,853.85,46.15,22.0,5.4
FieldSize,Newcastle,1609,Mobile,PACERS,7,B/LEAD,93,10,1543.0,-543.0,10.8,-35.2
FieldSize,Newcastle,1609,Mobile,PACERS,8,B/LEAD,302,51,4282.67,817.33,16.9,19.1
FieldSize,Newcastle,1609,Mobile,PACERS,9,B/LEAD,619,90,9216.58,-216.58,14.5,-2.3
FieldSize,Newcastle,1609,Mobile,PACERS,10,DEATH,1172,126,19594.89,-6994.89,10.8,-35.7
FieldSize,Newcastle,1609,Mobile,PACERS,5,DEATH,4,2,165.51,34.49,50.0,20.8
FieldSize,Newcastle,1609,Mobile,PACERS,6,DEATH,30,6,710.59,-110.59,20.0,-15.6
FieldSize,Newcastle,1609,Mobile,PACERS,7,DEATH,83,8,1717.13,-917.13,9.6,-53.4
FieldSize,Newcastle,1609,Mobile,PACERS,8,DEATH,290,36,6253.84,-2653.84,12.4,-42.4
FieldSize,Newcastle,1609,Mobile,PACERS,9,DEATH,615,72,10814.0,-3614.0,11.7,-33.4
FieldSize,Newcastle,1609,Mobile,PACERS,10,LEAD,1182,473,33066.3,14233.7,40.0,43.0
FieldSize,Newcastle,1609,Mobile,PACERS,3,LEAD,1,0,44.44,-44.44,0.0,-100.0
FieldSize,Newcastle,1609,Mobile,PACERS,4,LEAD,2,0,96.43,-96.43,0.0,-100.0
FieldSize,Newcastle,1609,Mobile,PACERS,5,LEAD,7,0,176.2,-176.2,0.0,-100.0
FieldSize,Newcastle,1609,Mobile,PACERS,6,LEAD,42,16,1955.57,-355.57,38.1,-18.2
FieldSize,Newcastle,1609,Mobile,PACERS,7,LEAD,93,51,3659.88,1440.12,54.8,39.3
FieldSize,Newcastle,1609,Mobile,PACERS,8,LEAD,302,130,9979.26,3020.74,43.0,30.3
FieldSize,Newcastle,1609,Mobile,PACERS,9,LEAD,627,269,18843.25,8056.75,42.9,42.8
FieldSize,Newcastle,1609,Mobile,TROTTERS,6,B/LEAD,1,0,20.0,-20.0,0.0,-100.0
FieldSize,Newcastle,1609,Mobile,TROTTERS,6,DEATH,1,1,28.57,71.43,100.0,250.0
FieldSize,Newcastle,1609,Mobile,TROTTERS,6,LEAD,1,0,41.67,-41.67,0.0,-100.0
FieldSize,Newcastle,2030,Mobile,PACERS,10,B/LEAD,474,58,6549.56,-749.56,12.2,-11.4
FieldSize,Newcastle,2030,Mobile,PACERS,11,B/LEAD,6,2,106.62,93.38,33.3,87.6
FieldSize,Newcastle,2030,Mobile,PACERS,12,B/LEAD,15,2,215.42,-15.42,13.3,-7.2
FieldSize,Newcastle,2030,Mobile,PACERS,6,B/LEAD,8,1,207.45,-107.45,12.5,-51.8
FieldSize,Newcastle,2030,Mobile,PACERS,7,B/LEAD,24,4,293.66,106.34,16.7,36.2
FieldSize,Newcastle,2030,Mobile,PACERS,8,B/LEAD,91,9,1399.13,-499.13,9.9,-35.7
FieldSize,Newcastle,2030,Mobile,PACERS,9,B/LEAD,232,27,3139.98,-439.98,11.6,-14.0
FieldSize,Newcastle,2030,Mobile,PACERS,10,DEATH,473,36,7078.75,-3478.75,7.6,-49.1
FieldSize,Newcastle,2030,Mobile,PACERS,11,DEATH,6,0,42.79,-42.79,0.0,-100.0
FieldSize,Newcastle,2030,Mobile,PACERS,12,DEATH,16,0,265.18,-265.18,0.0,-100.0
FieldSize,Newcastle,2030,Mobile,PACERS,6,DEATH,7,0,87.57,-87.57,0.0,-100.0
FieldSize,Newcastle,2030,Mobile,PACERS,7,DEATH,23,2,389.35,-189.35,8.7,-48.6
FieldSize,Newcastle,2030,Mobile,PACERS,8,DEATH,90,12,1784.98,-584.98,13.3,-32.8
FieldSize,Newcastle,2030,Mobile,PACERS,9,DEATH,227,20,4038.14,-2038.14,8.8,-50.5
FieldSize,Newcastle,2030,Mobile,PACERS,10,LEAD,476,183,13953.72,4346.28,38.4,31.1
FieldSize,Newcastle,2030,Mobile,PACERS,11,LEAD,6,3,234.49,65.51,50.0,27.9
FieldSize,Newcastle,2030,Mobile,PACERS,12,LEAD,16,8,463.24,336.76,50.0,72.7
FieldSize,Newcastle,2030,Mobile,PACERS,6,LEAD,8,4,336.85,63.15,50.0,18.7
FieldSize,Newcastle,2030,Mobile,PACERS,7,LEAD,24,7,842.76,-142.76,29.2,-16.9
FieldSize,Newcastle,2030,Mobile,PACERS,8,LEAD,91,34,2851.17,548.83,37.4,19.2
FieldSize,Newcastle,2030,Mobile,PACERS,9,LEAD,235,97,7471.41,2228.59,41.3,29.8
FieldSize,Newcastle,2030,Mobile,TROTTERS,10,B/LEAD,1,0,18.18,-18.18,0.0,-100.0
FieldSize,Newcastle,2030,Mobile,TROTTERS,9,B/LEAD,1,0,2.94,-2.94,0.0,-100.0
FieldSize,Newcastle,2030,Mobile,TROTTERS,10,DEATH,1,0,5.88,-5.88,0.0,-100.0
FieldSize,Newcastle,2030,Mobile,TROTTERS,9,DEATH,1,0,38.46,-38.46,0.0,-100.0
FieldSize,Newcastle,2030,Mobile,TROTTERS,10,LEAD,1,0,10.0,-10.0,0.0,-100.0
FieldSize,Newcastle,2030,Mobile,TROTTERS,9,LEAD,1,1,28.57,71.43,100.0,250.0
FieldSize,Newcastle,2550,Mobile,PACERS,10,B/LEAD,4,0,9.58,-9.58,0.0,-100.0
FieldSize,Newcastle,2550,Mobile,PACERS,11,B/LEAD,1,0,1.64,-1.64,0.0,-100.0
FieldSize,Newcastle,2550,Mobile,PACERS,7,B/LEAD,2,0,3.67,-3.67,0.0,-100.0
FieldSize,Newcastle,2550,Mobile,PACERS,8,B/LEAD,1,0,38.46,-38.46,0.0,-100.0
FieldSize,Newcastle,2550,Mobile,PACERS,9,B/LEAD,2,0,54.97,-54.97,0.0,-100.0
FieldSize,Newcastle,2550,Mobile,PACERS,10,DEATH,4,1,109.4,-9.4,25.0,-8.6
FieldSize,Newcastle,2550,Mobile,PACERS,11,DEATH,1,0,6.67,-6.67,0.0,-100.0
FieldSize,Newcastle,2550,Mobile,PACERS,7,DEATH,2,0,32.9,-32.9,0.0,-100.0
FieldSize,Newcastle,2550,Mobile,PACERS,8,DEATH,1,0,32.26,-32.26,0.0,-100.0
FieldSize,Newcastle,2550,Mobile,PACERS,9,DEATH,2,2,58.44,141.56,100.0,242.2
FieldSize,Newcastle,2550,Mobile,PACERS,10,LEAD,4,2,78.39,121.61,50.0,155.1
FieldSize,Newcastle,2550,Mobile,PACERS,11,LEAD,1,0,20.83,-20.83,0.0,-100.0
FieldSize,Newcastle,2550,Mobile,PACERS,7,LEAD,2,2,166.66,33.34,100.0,20.0
FieldSize,Newcastle,2550,Mobile,PACERS,8,LEAD,1,0,16.67,-16.67,0.0,-100.0
FieldSize,Newcastle,2550,Mobile,PACERS,9,LEAD,2,0,31.94,-31.94,0.0,-100.0
FieldSize,Northam,1780,Mobile,PACERS,10,B/LEAD,52,5,670.66,-170.66,9.6,-25.4
FieldSize,Northam,1780,Mobile,PACERS,12,B/LEAD,1,1,29.41,70.59,100.0,240.0
FieldSize,Northam,1780,Mobile,PACERS,4,B/LEAD,1,0,2.94,-2.94,0.0,-100.0
FieldSize,Northam,1780,Mobile,PACERS,5,B/LEAD,5,0,93.67,-93.67,0.0,-100.0
FieldSize,Northam,1780,Mobile,PACERS,6,B/LEAD,2,0,39.56,-39.56,0.0,-100.0
FieldSize,Northam,1780,Mobile,PACERS,7,B/LEAD,11,2,178.98,21.02,18.2,11.7
FieldSize,Northam,1780,Mobile,PACERS,8,B/LEAD,22,4,527.8,-127.8,18.2,-24.2
FieldSize,Northam,1780,Mobile,PACERS,9,B/LEAD,35,5,458.75,41.25,14.3,9.0
FieldSize,Northam,1780,Mobile,PACERS,10,DEATH,52,8,750.02,49.98,15.4,6.7
FieldSize,Northam,1780,Mobile,PACERS,12,DEATH,1,0,37.04,-37.04,0.0,-100.0
FieldSize,Northam,1780,Mobile,PACERS,4,DEATH,1,0,15.38,-15.38,0.0,-100.0
FieldSize,Northam,1780,Mobile,PACERS,5,DEATH,3,0,30.72,-30.72,0.0,-100.0
FieldSize,Northam,1780,Mobile,PACERS,6,DEATH,2,0,28.71,-28.71,0.0,-100.0
FieldSize,Northam,1780,Mobile,PACERS,7,DEATH,11,1,227.61,-127.61,9.1,-56.1
FieldSize,Northam,1780,Mobile,PACERS,8,DEATH,21,2,417.07,-217.07,9.5,-52.0
FieldSize,Northam,1780,Mobile,PACERS,9,DEATH,35,3,593.84,-293.84,8.6,-49.5
FieldSize,Northam,1780,Mobile,PACERS,10,LEAD,52,22,1500.26,699.74,42.3,46.6
FieldSize,Northam,1780,Mobile,PACERS,12,LEAD,1,0,2.94,-2.94,0.0,-100.0
FieldSize,Northam,1780,Mobile,PACERS,4,LEAD,1,1,62.5,37.5,100.0,60.0
FieldSize,Northam,1780,Mobile,PACERS,5,LEAD,5,3,297.51,2.49,60.0,0.8
FieldSize,Northam,1780,Mobile,PACERS,6,LEAD,2,2,116.67,83.33,100.0,71.4
FieldSize,Northam,1780,Mobile,PACERS,7,LEAD,11,7,580.78,119.22,63.6,20.5
FieldSize,Northam,1780,Mobile,PACERS,8,LEAD,22,12,689.91,510.09,54.5,73.9
FieldSize,Northam,1780,Mobile,PACERS,9,LEAD,35,12,1283.2,-83.2,34.3,-6.5
FieldSize,Northam,2150,Stand,PACERS,10,B/LEAD,7,0,133.75,-133.75,0.0,-100.0
FieldSize,Northam,2150,Stand,PACERS,11,B/LEAD,6,1,54.62,45.38,16.7,83.1
FieldSize,Northam,2150,Stand,PACERS,12,B/LEAD,7,0,15.36,-15.36,0.0,-100.0
FieldSize,Northam,2150,Stand,PACERS,7,B/LEAD,2,0,15.46,-15.46,0.0,-100.0
FieldSize,Northam,2150,Stand,PACERS,8,B/LEAD,6,0,155.57,-155.57,0.0,-100.0
FieldSize,Northam,2150,Stand,PACERS,9,B/LEAD,4,0,25.03,-25.03,0.0,-100.0
FieldSize,Northam,2150,Stand,PACERS,10,DEATH,7,0,67.25,-67.25,0.0,-100.0
FieldSize,Northam,2150,Stand,PACERS,11,DEATH,6,1,169.03,-69.03,16.7,-40.8
FieldSize,Northam,2150,Stand,PACERS,12,DEATH,7,1,183.2,-83.2,14.3,-45.4
FieldSize,Northam,2150,Stand,PACERS,7,DEATH,2,0,22.03,-22.03,0.0,-100.0
FieldSize,Northam,2150,Stand,PACERS,8,DEATH,6,0,81.97,-81.97,0.0,-100.0
FieldSize,Northam,2150,Stand,PACERS,9,DEATH,4,1,95.15,4.85,25.0,5.1
FieldSize,Northam,2150,Stand,PACERS,10,LEAD,7,5,167.42,332.58,71.4,198.7
FieldSize,Northam,2150,Stand,PACERS,11,LEAD,6,3,146.52,153.48,50.0,104.8
FieldSize,Northam,2150,Stand,PACERS,12,LEAD,7,3,209.9,90.1,42.9,42.9
FieldSize,Northam,2150,Stand,PACERS,7,LEAD,2,2,154.43,45.57,100.0,29.5
FieldSize,Northam,2150,Stand,PACERS,8,LEAD,6,3,158.0,142.0,50.0,89.9
FieldSize,Northam,2150,Stand,PACERS,9,LEAD,4,1,168.93,-68.93,25.0,-40.8
FieldSize,Northam,2190,Mobile,PACERS,10,B/LEAD,205,21,2596.78,-496.78,10.2,-19.1
FieldSize,Northam,2190,Mobile,PACERS,11,B/LEAD,2,0,41.66,-41.66,0.0,-100.0
FieldSize,Northam,2190,Mobile,PACERS,12,B/LEAD,1,1,12.5,87.5,100.0,700.0
FieldSize,Northam,2190,Mobile,PACERS,5,B/LEAD,8,3,170.28,129.72,37.5,76.2
FieldSize,Northam,2190,Mobile,PACERS,6,B/LEAD,15,3,340.32,-40.32,20.0,-11.8
FieldSize,Northam,2190,Mobile,PACERS,7,B/LEAD,44,10,638.24,361.76,22.7,56.7
FieldSize,Northam,2190,Mobile,PACERS,8,B/LEAD,97,10,1322.35,-322.35,10.3,-24.4
FieldSize,Northam,2190,Mobile,PACERS,9,B/LEAD,132,20,1696.46,303.54,15.2,17.9
FieldSize,Northam,2190,Mobile,PACERS,10,DEATH,205,18,3903.2,-2103.2,8.8,-53.9
FieldSize,Northam,2190,Mobile,PACERS,11,DEATH,2,0,6.4,-6.4,0.0,-100.0
FieldSize,Northam,2190,Mobile,PACERS,12,DEATH,1,0,0.99,-0.99,0.0,-100.0
FieldSize,Northam,2190,Mobile,PACERS,5,DEATH,4,0,86.86,-86.86,0.0,-100.0
FieldSize,Northam,2190,Mobile,PACERS,6,DEATH,14,0,238.15,-238.15,0.0,-100.0
FieldSize,Northam,2190,Mobile,PACERS,7,DEATH,41,6,1146.69,-546.69,14.6,-47.7
FieldSize,Northam,2190,Mobile,PACERS,8,DEATH,97,11,1754.41,-654.41,11.3,-37.3
FieldSize,Northam,2190,Mobile,PACERS,9,DEATH,133,19,2627.13,-727.13,14.3,-27.7
FieldSize,Northam,2190,Mobile,PACERS,10,LEAD,207,101,7461.09,2638.91,48.8,35.4
FieldSize,Northam,2190,Mobile,PACERS,11,LEAD,2,2,87.44,112.56,100.0,128.7
FieldSize,Northam,2190,Mobile,PACERS,12,LEAD,1,0,36.36,-36.36,0.0,-100.0
FieldSize,Northam,2190,Mobile,PACERS,5,LEAD,8,4,521.84,-121.84,50.0,-23.3
FieldSize,Northam,2190,Mobile,PACERS,6,LEAD,15,8,697.35,102.65,53.3,14.7
FieldSize,Northam,2190,Mobile,PACERS,7,LEAD,44,25,1856.75,643.25,56.8,34.6
FieldSize,Northam,2190,Mobile,PACERS,8,LEAD,96,46,3950.5,649.5,47.9,16.4
FieldSize,Northam,2190,Mobile,PACERS,9,LEAD,132,48,4792.98,7.02,36.4,0.1
FieldSize,Northam,2560,Stand,PACERS,10,B/LEAD,6,0,57.16,-57.16,0.0,-100.0
FieldSize,Northam,2560,Stand,PACERS,11,B/LEAD,7,0,63.9,-63.9,0.0,-100.0
FieldSize,Northam,2560,Stand,PACERS,12,B/LEAD,5,0,28.07,-28.07,0.0,-100.0
FieldSize,Northam,2560,Stand,PACERS,7,B/LEAD,3,0,41.58,-41.58,0.0,-100.0
FieldSize,Northam,2560,Stand,PACERS,8,B/LEAD,4,1,72.49,27.51,25.0,38.0
FieldSize,Northam,2560,Stand,PACERS,9,B/LEAD,7,1,66.9,33.1,14.3,49.5
FieldSize,Northam,2560,Stand,PACERS,10,DEATH,6,0,86.29,-86.29,0.0,-100.0
FieldSize,Northam,2560,Stand,PACERS,11,DEATH,4,2,65.52,134.48,50.0,205.3
FieldSize,Northam,2560,Stand,PACERS,12,DEATH,5,1,123.53,-23.53,20.0,-19.0
FieldSize,Northam,2560,Stand,PACERS,7,DEATH,3,1,114.36,-14.36,33.3,-12.6
FieldSize,Northam,2560,Stand,PACERS,8,DEATH,4,0,71.41,-71.41,0.0,-100.0
FieldSize,Northam,2560,Stand,PACERS,9,DEATH,7,1,130.19,-30.19,14.3,-23.2
FieldSize,Northam,2560,Stand,PACERS,10,LEAD,6,5,242.37,257.63,83.3,106.3
FieldSize,Northam,2560,Stand,PACERS,11,LEAD,5,1,99.66,0.34,20.0,0.3
FieldSize,Northam,2560,Stand,PACERS,12,LEAD,5,1,200.28,-100.28,20.0,-50.1
FieldSize,Northam,2560,Stand,PACERS,7,LEAD,3,2,83.82,116.18,66.7,138.6
FieldSize,Northam,2560,Stand,PACERS,8,LEAD,4,2,171.7,28.3,50.0,16.5
FieldSize,Northam,2560,Stand,PACERS,9,LEAD,7,3,204.43,95.57,42.9,46.7
FieldSize,Northam,2620,Mobile,PACERS,10,B/LEAD,7,0,49.41,-49.41,0.0,-100.0
FieldSize,Northam,2620,Mobile,PACERS,6,B/LEAD,2,0,10.63,-10.63,0.0,-100.0
FieldSize,Northam,2620,Mobile,PACERS,7,B/LEAD,7,0,77.69,-77.69,0.0,-100.0
FieldSize,Northam,2620,Mobile,PACERS,8,B/LEAD,5,2,93.73,106.27,40.0,113.4
FieldSize,Northam,2620,Mobile,PACERS,9,B/LEAD,9,2,81.42,118.58,22.2,145.6
FieldSize,Northam,2620,Mobile,PACERS,10,DEATH,7,3,239.33,60.67,42.9,25.3
FieldSize,Northam,2620,Mobile,PACERS,6,DEATH,2,1,68.3,31.7,50.0,46.4
FieldSize,Northam,2620,Mobile,PACERS,7,DEATH,7,0,122.85,-122.85,0.0,-100.0
FieldSize,Northam,2620,Mobile,PACERS,8,DEATH,5,0,39.67,-39.67,0.0,-100.0
FieldSize,Northam,2620,Mobile,PACERS,9,DEATH,9,0,129.5,-129.5,0.0,-100.0
FieldSize,Northam,2620,Mobile,PACERS,10,LEAD,7,3,229.75,70.25,42.9,30.6
FieldSize,Northam,2620,Mobile,PACERS,6,LEAD,2,1,137.19,-37.19,50.0,-27.1
FieldSize,Northam,2620,Mobile,PACERS,7,LEAD,7,5,346.21,153.79,71.4,44.4
FieldSize,Northam,2620,Mobile,PACERS,8,LEAD,5,2,287.78,-87.78,40.0,-30.5
FieldSize,Northam,2620,Mobile,PACERS,9,LEAD,9,3,356.14,-56.14,33.3,-15.8
FieldSize,Ouyen,1654,Mobile,PACERS,10,B/LEAD,12,3,145.14,154.86,25.0,106.7
FieldSize,Ouyen,1654,Mobile,PACERS,11,B/LEAD,1,0,29.41,-29.41,0.0,-100.0
FieldSize,Ouyen,1654,Mobile,PACERS,7,B/LEAD,4,0,39.21,-39.21,0.0,-100.0
FieldSize,Ouyen,1654,Mobile,PACERS,8,B/LEAD,3,0,37.59,-37.59,0.0,-100.0
FieldSize,Ouyen,1654,Mobile,PACERS,9,B/LEAD,5,0,39.73,-39.73,0.0,-100.0
FieldSize,Ouyen,1654,Mobile,PACERS,10,DEATH,12,1,174.26,-74.26,8.3,-42.6
FieldSize,Ouyen,1654,Mobile,PACERS,11,DEATH,1,0,35.71,-35.71,0.0,-100.0
FieldSize,Ouyen,1654,Mobile,PACERS,7,DEATH,4,0,36.26,-36.26,0.0,-100.0
FieldSize,Ouyen,1654,Mobile,PACERS,8,DEATH,3,0,101.72,-101.72,0.0,-100.0
FieldSize,Ouyen,1654,Mobile,PACERS,9,DEATH,5,0,88.79,-88.79,0.0,-100.0
FieldSize,Ouyen,1654,Mobile,PACERS,10,LEAD,12,5,248.13,251.87,41.7,101.5
FieldSize,Ouyen,1654,Mobile,PACERS,11,LEAD,1,0,14.29,-14.29,0.0,-100.0
FieldSize,Ouyen,1654,Mobile,PACERS,7,LEAD,4,2,91.17,108.83,50.0,119.4
FieldSize,Ouyen,1654,Mobile,PACERS,8,LEAD,3,2,95.67,104.33,66.7,109.1
FieldSize,Ouyen,1654,Mobile,PACERS,9,LEAD,5,3,190.77,109.23,60.0,57.3
FieldSize,Ouyen,2040,Mobile,PACERS,10,B/LEAD,17,2,246.85,-46.85,11.8,-19.0
FieldSize,Ouyen,2040,Mobile,PACERS,11,B/LEAD,2,0,5.34,-5.34,0.0,-100.0
FieldSize,Ouyen,2040,Mobile,PACERS,5,B/LEAD,1,0,16.67,-16.67,0.0,-100.0
FieldSize,Ouyen,2040,Mobile,PACERS,6,B/LEAD,8,1,155.9,-55.9,12.5,-35.9
FieldSize,Ouyen,2040,Mobile,PACERS,7,B/LEAD,6,1,65.37,34.63,16.7,53.0
FieldSize,Ouyen,2040,Mobile,PACERS,8,B/LEAD,11,2,175.93,24.07,18.2,13.7
FieldSize,Ouyen,2040,Mobile,PACERS,9,B/LEAD,10,2,140.53,59.47,20.0,42.3
FieldSize,Ouyen,2040,Mobile,PACERS,10,DEATH,17,2,326.92,-126.92,11.8,-38.8
FieldSize,Ouyen,2040,Mobile,PACERS,11,DEATH,2,0,28.77,-28.77,0.0,-100.0
FieldSize,Ouyen,2040,Mobile,PACERS,5,DEATH,1,1,20.83,79.17,100.0,380.1
FieldSize,Ouyen,2040,Mobile,PACERS,6,DEATH,7,2,228.67,-28.67,28.6,-12.5
FieldSize,Ouyen,2040,Mobile,PACERS,7,DEATH,6,1,186.05,-86.05,16.7,-46.3
FieldSize,Ouyen,2040,Mobile,PACERS,8,DEATH,11,2,180.25,19.75,18.2,11.0
FieldSize,Ouyen,2040,Mobile,PACERS,9,DEATH,10,3,209.32,90.68,30.0,43.3
FieldSize,Ouyen,2040,Mobile,PACERS,10,LEAD,17,5,413.84,86.16,29.4,20.8
FieldSize,Ouyen,2040,Mobile,PACERS,11,LEAD,2,1,54.1,45.9,50.0,84.8
FieldSize,Ouyen,2040,Mobile,PACERS,5,LEAD,1,0,52.63,-52.63,0.0,-100.0
FieldSize,Ouyen,2040,Mobile,PACERS,6,LEAD,6,3,273.73,26.27,50.0,9.6
FieldSize,Ouyen,2040,Mobile,PACERS,7,LEAD,6,3,183.41,116.59,50.0,63.6
FieldSize,Ouyen,2040,Mobile,PACERS,8,LEAD,11,4,341.7,58.3,36.4,17.1
FieldSize,Ouyen,2040,Mobile,PACERS,9,LEAD,10,2,286.75,-86.75,20.0,-30.3
FieldSize,Ouyen,2423,Mobile,PACERS,10,B/LEAD,4,1,46.62,53.38,25.0,114.5
FieldSize,Ouyen,2423,Mobile,PACERS,11,B/LEAD,2,0,8.35,-8.35,0.0,-100.0
FieldSize,Ouyen,2423,Mobile,PACERS,10,DEATH,4,0,108.49,-108.49,0.0,-100.0
FieldSize,Ouyen,2423,Mobile,PACERS,11,DEATH,2,1,26.67,73.33,50.0,275.0
FieldSize,Ouyen,2423,Mobile,PACERS,10,LEAD,4,2,74.15,125.85,50.0,169.7
FieldSize,Ouyen,2423,Mobile,PACERS,11,LEAD,2,0,82.7,-82.7,0.0,-100.0
FieldSize,Parkes,1660,Mobile,PACERS,10,B/LEAD,365,38,5286.22,-1486.22,10.4,-28.1
FieldSize,Parkes,1660,Mobile,PACERS,6,B/LEAD,5,3,102.6,197.4,60.0,192.4
FieldSize,Parkes,1660,Mobile,PACERS,7,B/LEAD,17,1,382.56,-282.56,5.9,-73.9
FieldSize,Parkes,1660,Mobile,PACERS,8,B/LEAD,66,7,1047.2,-347.2,10.6,-33.2
FieldSize,Parkes,1660,Mobile,PACERS,9,B/LEAD,130,11,1856.87,-756.87,8.5,-40.8
FieldSize,Parkes,1660,Mobile,PACERS,10,DEATH,363,52,5908.45,-708.45,14.3,-12.0
FieldSize,Parkes,1660,Mobile,PACERS,6,DEATH,4,0,209.58,-209.58,0.0,-100.0
FieldSize,Parkes,1660,Mobile,PACERS,7,DEATH,18,5,238.17,261.83,27.8,109.9
FieldSize,Parkes,1660,Mobile,PACERS,8,DEATH,66,5,1203.15,-703.15,7.6,-58.4
FieldSize,Parkes,1660,Mobile,PACERS,9,DEATH,131,15,2213.29,-713.29,11.5,-32.2
FieldSize,Parkes,1660,Mobile,PACERS,10,LEAD,370,178,10480.31,7319.69,48.1,69.8
FieldSize,Parkes,1660,Mobile,PACERS,6,LEAD,5,1,56.98,43.02,20.0,75.5
FieldSize,Parkes,1660,Mobile,PACERS,7,LEAD,17,9,516.91,383.09,52.9,74.1
FieldSize,Parkes,1660,Mobile,PACERS,8,LEAD,65,41,2122.5,1977.5,63.1,93.2
FieldSize,Parkes,1660,Mobile,PACERS,9,LEAD,130,71,4051.9,3048.1,54.6,75.2
FieldSize,Parkes,2040,Mobile,PACERS,10,B/LEAD,148,18,1676.08,123.92,12.2,7.4
FieldSize,Parkes,2040,Mobile,PACERS,6,B/LEAD,2,0,39.29,-39.29,0.0,-100.0
FieldSize,Parkes,2040,Mobile,PACERS,7,B/LEAD,3,0,45.18,-45.18,0.0,-100.0
FieldSize,Parkes,2040,Mobile,PACERS,8,B/LEAD,38,5,547.13,-47.13,13.2,-8.6
FieldSize,Parkes,2040,Mobile,PACERS,9,B/LEAD,66,6,1153.56,-553.56,9.1,-48.0
FieldSize,Parkes,2040,Mobile,PACERS,10,DEATH,150,19,2504.48,-604.48,12.7,-24.1
FieldSize,Parkes,2040,Mobile,PACERS,6,DEATH,2,0,59.09,-59.09,0.0,-100.0
FieldSize,Parkes,2040,Mobile,PACERS,7,DEATH,3,0,63.96,-63.96,0.0,-100.0
FieldSize,Parkes,2040,Mobile,PACERS,8,DEATH,37,7,794.35,-94.35,18.9,-11.9
FieldSize,Parkes,2040,Mobile,PACERS,9,DEATH,66,9,943.18,-43.18,13.6,-4.6
FieldSize,Parkes,2040,Mobile,PACERS,10,LEAD,148,68,4390.47,2409.53,45.9,54.9
FieldSize,Parkes,2040,Mobile,PACERS,6,LEAD,2,1,44.59,55.41,50.0,124.3
FieldSize,Parkes,2040,Mobile,PACERS,7,LEAD,3,2,77.38,122.62,66.7,158.5
FieldSize,Parkes,2040,Mobile,PACERS,8,LEAD,38,15,1113.23,386.77,39.5,34.7
FieldSize,Parkes,2040,Mobile,PACERS,9,LEAD,67,29,1959.3,940.7,43.3,48.0
FieldSize,Parkes,2807,Mobile,PACERS,10,B/LEAD,1,0,2.44,-2.44,0.0,-100.0
FieldSize,Parkes,2807,Mobile,PACERS,10,DEATH,1,0,1.64,-1.64,0.0,-100.0
FieldSize,Parkes,2807,Mobile,PACERS,10,LEAD,1,1,83.33,16.67,100.0,20.0
FieldSize,Penrith,1720,Mobile,PACERS,10,B/LEAD,699,72,9386.45,-2186.45,10.3,-23.3
FieldSize,Penrith,1720,Mobile,PACERS,4,B/LEAD,2,0,42.36,-42.36,0.0,-100.0
FieldSize,Penrith,1720,Mobile,PACERS,5,B/LEAD,6,2,154.48,45.52,33.3,29.5
FieldSize,Penrith,1720,Mobile,PACERS,6,B/LEAD,17,2,366.06,-166.06,11.8,-45.4
FieldSize,Penrith,1720,Mobile,PACERS,7,B/LEAD,72,7,1161.48,-461.48,9.7,-39.7
FieldSize,Penrith,1720,Mobile,PACERS,8,B/LEAD,234,33,3926.01,-626.01,14.1,-15.9
FieldSize,Penrith,1720,Mobile,PACERS,9,B/LEAD,373,38,5643.42,-1843.42,10.2,-32.7
FieldSize,Penrith,1720,Mobile,PACERS,10,DEATH,689,80,11806.16,-3806.16,11.6,-32.2
FieldSize,Penrith,1720,Mobile,PACERS,5,DEATH,5,1,164.08,-64.08,20.0,-39.1
FieldSize,Penrith,1720,Mobile,PACERS,6,DEATH,15,1,250.61,-150.61,6.7,-60.1
FieldSize,Penrith,1720,Mobile,PACERS,7,DEATH,71,19,1814.67,85.33,26.8,4.7
FieldSize,Penrith,1720,Mobile,PACERS,8,DEATH,230,27,4563.22,-1863.22,11.7,-40.8
FieldSize,Penrith,1720,Mobile,PACERS,9,DEATH,361,50,6978.69,-1978.69,13.9,-28.4
FieldSize,Penrith,1720,Mobile,PACERS,10,LEAD,698,313,23123.26,8176.74,44.8,35.4
FieldSize,Penrith,1720,Mobile,PACERS,4,LEAD,2,2,154.76,45.24,100.0,29.2
FieldSize,Penrith,1720,Mobile,PACERS,5,LEAD,6,2,232.97,-32.97,33.3,-14.2
FieldSize,Penrith,1720,Mobile,PACERS,6,LEAD,17,8,665.3,134.7,47.1,20.2
FieldSize,Penrith,1720,Mobile,PACERS,7,LEAD,74,32,2558.07,641.93,43.2,25.1
FieldSize,Penrith,1720,Mobile,PACERS,8,LEAD,234,108,8205.75,2594.25,46.2,31.6
FieldSize,Penrith,1720,Mobile,PACERS,9,LEAD,373,154,11443.5,3956.5,41.3,34.6
FieldSize,Penrith,1720,Mobile,TROTTERS,10,B/LEAD,5,0,62.86,-62.86,0.0,-100.0
FieldSize,Penrith,1720,Mobile,TROTTERS,9,B/LEAD,1,0,8.33,-8.33,0.0,-100.0
FieldSize,Penrith,1720,Mobile,TROTTERS,10,DEATH,5,2,132.56,67.44,40.0,50.9
FieldSize,Penrith,1720,Mobile,TROTTERS,9,DEATH,1,1,6.67,93.33,100.0,1399.3
FieldSize,Penrith,1720,Mobile,TROTTERS,10,LEAD,4,0,55.17,-55.17,0.0,-100.0
FieldSize,Penrith,1720,Mobile,TROTTERS,9,LEAD,1,0,6.67,-6.67,0.0,-100.0
FieldSize,Penrith,2125,Mobile,PACERS,10,B/LEAD,301,37,4591.02,-891.02,12.3,-19.4
FieldSize,Penrith,2125,Mobile,PACERS,5,B/LEAD,1,0,20.0,-20.0,0.0,-100.0
FieldSize,Penrith,2125,Mobile,PACERS,6,B/LEAD,3,0,47.75,-47.75,0.0,-100.0
FieldSize,Penrith,2125,Mobile,PACERS,7,B/LEAD,24,7,398.71,301.29,29.2,75.6
FieldSize,Penrith,2125,Mobile,PACERS,8,B/LEAD,96,8,1553.9,-753.9,8.3,-48.5
FieldSize,Penrith,2125,Mobile,PACERS,9,B/LEAD,183,24,2849.42,-449.42,13.1,-15.8
FieldSize,Penrith,2125,Mobile,PACERS,10,DEATH,300,27,4994.31,-2294.31,9.0,-45.9
FieldSize,Penrith,2125,Mobile,PACERS,5,DEATH,1,0,11.11,-11.11,0.0,-100.0
FieldSize,Penrith,2125,Mobile,PACERS,6,DEATH,3,0,67.04,-67.04,0.0,-100.0
FieldSize,Penrith,2125,Mobile,PACERS,7,DEATH,24,3,566.19,-266.19,12.5,-47.0
FieldSize,Penrith,2125,Mobile,PACERS,8,DEATH,94,10,1566.63,-566.63,10.6,-36.2
FieldSize,Penrith,2125,Mobile,PACERS,9,DEATH,178,20,3096.0,-1096.0,11.2,-35.4
FieldSize,Penrith,2125,Mobile,PACERS,10,LEAD,303,142,9396.12,4803.88,46.9,51.1
FieldSize,Penrith,2125,Mobile,PACERS,5,LEAD,1,1,62.5,37.5,100.0,60.0
FieldSize,Penrith,2125,Mobile,PACERS,6,LEAD,3,2,129.34,70.66,66.7,54.6
FieldSize,Penrith,2125,Mobile,PACERS,7,LEAD,25,11,1023.0,77.0,44.0,7.5
FieldSize,Penrith,2125,Mobile,PACERS,8,LEAD,96,51,3711.69,1388.31,53.1,37.4
FieldSize,Penrith,2125,Mobile,PACERS,9,LEAD,181,73,6386.76,913.24,40.3,14.3
FieldSize,Penrith,2125,Mobile,TROTTERS,10,B/LEAD,5,0,76.75,-76.75,0.0,-100.0
FieldSize,Penrith,2125,Mobile,TROTTERS,7,B/LEAD,1,0,4.76,-4.76,0.0,-100.0
FieldSize,Penrith,2125,Mobile,TROTTERS,8,B/LEAD,1,0,9.09,-9.09,0.0,-100.0
FieldSize,Penrith,2125,Mobile,TROTTERS,9,B/LEAD,2,1,72.26,27.74,50.0,38.4
FieldSize,Penrith,2125,Mobile,TROTTERS,10,DEATH,5,1,105.94,-5.94,20.0,-5.6
FieldSize,Penrith,2125,Mobile,TROTTERS,7,DEATH,1,0,4.76,-4.76,0.0,-100.0
FieldSize,Penrith,2125,Mobile,TROTTERS,8,DEATH,1,0,11.76,-11.76,0.0,-100.0
FieldSize,Penrith,2125,Mobile,TROTTERS,9,DEATH,1,0,21.74,-21.74,0.0,-100.0
FieldSize,Penrith,2125,Mobile,TROTTERS,10,LEAD,5,2,142.53,57.47,40.0,40.3
FieldSize,Penrith,2125,Mobile,TROTTERS,7,LEAD,1,0,81.97,-81.97,0.0,-100.0
FieldSize,Penrith,2125,Mobile,TROTTERS,8,LEAD,1,0,43.48,-43.48,0.0,-100.0
FieldSize,Penrith,2125,Mobile,TROTTERS,9,LEAD,2,1,52.38,47.62,50.0,90.9
FieldSize,Penrith,2135,Mobile,PACERS,10,B/LEAD,2,0,26.7,-26.7,0.0,-100.0
FieldSize,Penrith,2135,Mobile,PACERS,10,DEATH,2,0,9.95,-9.95,0.0,-100.0
FieldSize,Penrith,2135,Mobile,PACERS,10,LEAD,2,1,29.32,70.68,50.0,241.1
FieldSize,Penrith,2525,Mobile,PACERS,10,B/LEAD,4,0,45.02,-45.02,0.0,-100.0
FieldSize,Penrith,2525,Mobile,PACERS,8,B/LEAD,1,0,2.44,-2.44,0.0,-100.0
FieldSize,Penrith,2525,Mobile,PACERS,9,B/LEAD,1,0,1.23,-1.23,0.0,-100.0
FieldSize,Penrith,2525,Mobile,PACERS,10,DEATH,4,2,60.98,139.02,50.0,228.0
FieldSize,Penrith,2525,Mobile,PACERS,8,DEATH,1,0,18.18,-18.18,0.0,-100.0
FieldSize,Penrith,2525,Mobile,PACERS,9,DEATH,1,0,37.04,-37.04,0.0,-100.0
FieldSize,Penrith,2525,Mobile,PACERS,10,LEAD,4,2,144.92,55.08,50.0,38.0
FieldSize,Penrith,2525,Mobile,PACERS,8,LEAD,1,1,80.0,20.0,100.0,25.0
FieldSize,Penrith,2525,Mobile,PACERS,9,LEAD,1,0,31.25,-31.25,0.0,-100.0
FieldSize,Penrith,2525,Stand,TROTTERS,11,B/LEAD,3,0,33.62,-33.62,0.0,-100.0
FieldSize,Penrith,2525,Stand,TROTTERS,7,B/LEAD,1,0,21.74,-21.74,0.0,-100.0
FieldSize,Penrith,2525,Stand,TROTTERS,9,B/LEAD,4,1,45.26,54.74,25.0,120.9
FieldSize,Penrith,2525,Stand,TROTTERS,11,DEATH,3,1,36.93,63.07,33.3,170.8
FieldSize,Penrith,2525,Stand,TROTTERS,7,DEATH,1,0,30.3,-30.3,0.0,-100.0
FieldSize,Penrith,2525,Stand,TROTTERS,9,DEATH,3,0,37.14,-37.14,0.0,-100.0
FieldSize,Penrith,2525,Stand,TROTTERS,11,LEAD,2,0,18.97,-18.97,0.0,-100.0
FieldSize,Penrith,2525,Stand,TROTTERS,7,LEAD,1,1,13.33,86.67,100.0,650.2
FieldSize,Penrith,2525,Stand,TROTTERS,9,LEAD,4,1,27.3,72.7,25.0,266.3
FieldSize,Pinjarra,1177,Mobile,PACERS,8,B/LEAD,3,0,63.23,-63.23,0.0,-100.0
FieldSize,Pinjarra,1177,Mobile,PACERS,9,B/LEAD,1,1,16.67,83.33,100.0,499.9
FieldSize,Pinjarra,1177,Mobile,PACERS,7,DEATH,1,1,62.5,37.5,100.0,60.0
FieldSize,Pinjarra,1177,Mobile,PACERS,8,DEATH,4,1,148.67,-48.67,25.0,-32.7
FieldSize,Pinjarra,1177,Mobile,PACERS,9,DEATH,1,0,18.18,-18.18,0.0,-100.0
FieldSize,Pinjarra,1177,Mobile,PACERS,10,LEAD,11,0,246.4,-246.4,0.0,-100.0
FieldSize,Pinjarra,1177,Mobile,PACERS,16,LEAD,4,0,58.86,-58.86,0.0,-100.0
FieldSize,Pinjarra,1177,Mobile,PACERS,7,LEAD,1,0,45.45,-45.45,0.0,-100.0
FieldSize,Pinjarra,1177,Mobile,PACERS,8,LEAD,8,1,266.07,-166.07,12.5,-62.4
FieldSize,Pinjarra,1177,Mobile,PACERS,9,LEAD,6,0,126.5,-126.5,0.0,-100.0
FieldSize,Pinjarra,1684,Mobile,PACERS,10,B/LEAD,65,5,840.16,-340.16,7.7,-40.5
FieldSize,Pinjarra,1684,Mobile,PACERS,11,B/LEAD,58,8,637.75,162.25,13.8,25.4
FieldSize,Pinjarra,1684,Mobile,PACERS,12,B/LEAD,76,7,959.78,-259.78,9.2,-27.1
FieldSize,Pinjarra,1684,Mobile,PACERS,14,B/LEAD,2,0,6.46,-6.46,0.0,-100.0
FieldSize,Pinjarra,1684,Mobile,PACERS,4,B/LEAD,7,3,273.85,26.15,42.9,9.5
FieldSize,Pinjarra,1684,Mobile,PACERS,5,B/LEAD,23,3,292.72,7.28,13.0,2.5
FieldSize,Pinjarra,1684,Mobile,PACERS,6,B/LEAD,36,6,743.53,-143.53,16.7,-19.3
FieldSize,Pinjarra,1684,Mobile,PACERS,7,B/LEAD,45,4,674.47,-274.47,8.9,-40.7
FieldSize,Pinjarra,1684,Mobile,PACERS,8,B/LEAD,71,10,1242.93,-242.93,14.1,-19.5
FieldSize,Pinjarra,1684,Mobile,PACERS,9,B/LEAD,73,14,1156.67,243.33,19.2,21.0
FieldSize,Pinjarra,1684,Mobile,PACERS,10,DEATH,63,5,1221.15,-721.15,7.9,-59.1
FieldSize,Pinjarra,1684,Mobile,PACERS,11,DEATH,57,6,930.75,-330.75,10.5,-35.5
FieldSize,Pinjarra,1684,Mobile,PACERS,12,DEATH,75,7,1120.42,-420.42,9.3,-37.5
FieldSize,Pinjarra,1684,Mobile,PACERS,14,DEATH,2,0,33.34,-33.34,0.0,-100.0
FieldSize,Pinjarra,1684,Mobile,PACERS,4,DEATH,3,0,49.92,-49.92,0.0,-100.0
FieldSize,Pinjarra,1684,Mobile,PACERS,5,DEATH,7,0,109.04,-109.04,0.0,-100.0
FieldSize,Pinjarra,1684,Mobile,PACERS,6,DEATH,25,3,758.08,-458.08,12.0,-60.4
FieldSize,Pinjarra,1684,Mobile,PACERS,7,DEATH,40,7,1088.12,-388.12,17.5,-35.7
FieldSize,Pinjarra,1684,Mobile,PACERS,8,DEATH,72,10,1392.23,-392.23,13.9,-28.2
FieldSize,Pinjarra,1684,Mobile,PACERS,9,DEATH,75,7,1236.87,-536.87,9.3,-43.4
FieldSize,Pinjarra,1684,Mobile,PACERS,10,LEAD,64,26,1960.44,639.56,40.6,32.6
FieldSize,Pinjarra,1684,Mobile,PACERS,11,LEAD,58,21,1800.05,299.95,36.2,16.7
FieldSize,Pinjarra,1684,Mobile,PACERS,12,LEAD,76,30,2162.68,837.32,39.5,38.7
FieldSize,Pinjarra,1684,Mobile,PACERS,14,LEAD,2,2,41.66,158.34,100.0,380.1
FieldSize,Pinjarra,1684,Mobile,PACERS,4,LEAD,8,5,403.43,96.57,62.5,23.9
FieldSize,Pinjarra,1684,Mobile,PACERS,5,LEAD,23,16,1371.13,228.87,69.6,16.7
FieldSize,Pinjarra,1684,Mobile,PACERS,6,LEAD,36,19,1488.63,411.37,52.8,27.6
FieldSize,Pinjarra,1684,Mobile,PACERS,7,LEAD,45,25,2021.98,478.02,55.6,23.6
FieldSize,Pinjarra,1684,Mobile,PACERS,8,LEAD,72,35,2499.65,1000.35,48.6,40.0
FieldSize,Pinjarra,1684,Mobile,PACERS,9,LEAD,74,31,2961.65,138.35,41.9,4.7
FieldSize,Pinjarra,1684,Mobile,TROTTERS,10,B/LEAD,1,0,11.76,-11.76,0.0,-100.0
FieldSize,Pinjarra,1684,Mobile,TROTTERS,11,B/LEAD,3,0,28.2,-28.2,0.0,-100.0
FieldSize,Pinjarra,1684,Mobile,TROTTERS,12,B/LEAD,1,0,2.94,-2.94,0.0,-100.0
FieldSize,Pinjarra,1684,Mobile,TROTTERS,6,B/LEAD,1,0,7.14,-7.14,0.0,-100.0
FieldSize,Pinjarra,1684,Mobile,TROTTERS,7,B/LEAD,2,0,3.06,-3.06,0.0,-100.0
FieldSize,Pinjarra,1684,Mobile,TROTTERS,8,B/LEAD,5,0,27.84,-27.84,0.0,-100.0
FieldSize,Pinjarra,1684,Mobile,TROTTERS,9,B/LEAD,5,1,43.95,56.05,20.0,127.5
FieldSize,Pinjarra,1684,Mobile,TROTTERS,10,DEATH,1,0,2.44,-2.44,0.0,-100.0
FieldSize,Pinjarra,1684,Mobile,TROTTERS,11,DEATH,3,2,57.06,142.94,66.7,250.5
FieldSize,Pinjarra,1684,Mobile,TROTTERS,12,DEATH,1,0,3.85,-3.85,0.0,-100.0
FieldSize,Pinjarra,1684,Mobile,TROTTERS,6,DEATH,1,1,5.26,94.74,100.0,1801.1
FieldSize,Pinjarra,1684,Mobile,TROTTERS,7,DEATH,2,1,104.67,-4.67,50.0,-4.5
FieldSize,Pinjarra,1684,Mobile,TROTTERS,8,DEATH,5,1,82.58,17.42,20.0,21.1
FieldSize,Pinjarra,1684,Mobile,TROTTERS,9,DEATH,5,0,106.48,-106.48,0.0,-100.0
FieldSize,Pinjarra,1684,Mobile,TROTTERS,10,LEAD,1,0,9.09,-9.09,0.0,-100.0
FieldSize,Pinjarra,1684,Mobile,TROTTERS,11,LEAD,3,0,52.48,-52.48,0.0,-100.0
FieldSize,Pinjarra,1684,Mobile,TROTTERS,12,LEAD,1,1,18.18,81.82,100.0,450.1
FieldSize,Pinjarra,1684,Mobile,TROTTERS,6,LEAD,1,0,14.29,-14.29,0.0,-100.0
FieldSize,Pinjarra,1684,Mobile,TROTTERS,7,LEAD,2,1,52.66,47.34,50.0,89.9
FieldSize,Pinjarra,1684,Mobile,TROTTERS,8,LEAD,5,1,108.52,-8.52,20.0,-7.9
FieldSize,Pinjarra,1684,Mobile,TROTTERS,9,LEAD,5,2,168.58,31.42,40.0,18.6
FieldSize,Pinjarra,2116,Stand,PACERS,10,B/LEAD,13,4,148.73,251.27,30.8,168.9
FieldSize,Pinjarra,2116,Stand,PACERS,11,B/LEAD,12,1,48.02,51.98,8.3,108.2
FieldSize,Pinjarra,2116,Stand,PACERS,12,B/LEAD,8,0,38.35,-38.35,0.0,-100.0
FieldSize,Pinjarra,2116,Stand,PACERS,6,B/LEAD,5,1,86.6,13.4,20.0,15.5
FieldSize,Pinjarra,2116,Stand,PACERS,7,B/LEAD,10,2,64.91,135.09,20.0,208.1
FieldSize,Pinjarra,2116,Stand,PACERS,8,B/LEAD,20,3,220.56,79.44,15.0,36.0
FieldSize,Pinjarra,2116,Stand,PACERS,9,B/LEAD,13,2,249.59,-49.59,15.4,-19.9
FieldSize,Pinjarra,2116,Stand,PACERS,10,DEATH,14,1,481.38,-381.38,7.1,-79.2
FieldSize,Pinjarra,2116,Stand,PACERS,11,DEATH,12,1,222.98,-122.98,8.3,-55.2
FieldSize,Pinjarra,2116,Stand,PACERS,12,DEATH,8,1,167.86,-67.86,12.5,-40.4
FieldSize,Pinjarra,2116,Stand,PACERS,6,DEATH,3,0,34.73,-34.73,0.0,-100.0
FieldSize,Pinjarra,2116,Stand,PACERS,7,DEATH,6,0,73.1,-73.1,0.0,-100.0
FieldSize,Pinjarra,2116,Stand,PACERS,8,DEATH,16,1,653.0,-553.0,6.2,-84.7
FieldSize,Pinjarra,2116,Stand,PACERS,9,DEATH,12,3,218.18,81.82,25.0,37.5
FieldSize,Pinjarra,2116,Stand,PACERS,10,LEAD,14,4,321.06,78.94,28.6,24.6
FieldSize,Pinjarra,2116,Stand,PACERS,11,LEAD,12,6,414.26,185.74,50.0,44.8
FieldSize,Pinjarra,2116,Stand,PACERS,12,LEAD,8,2,169.75,30.25,25.0,17.8
FieldSize,Pinjarra,2116,Stand,PACERS,6,LEAD,5,3,95.95,204.05,60.0,212.7
FieldSize,Pinjarra,2116,Stand,PACERS,7,LEAD,9,4,396.93,3.07,44.4,0.8
FieldSize,Pinjarra,2116,Stand,PACERS,8,LEAD,19,12,728.53,471.47,63.2,64.7
FieldSize,Pinjarra,2116,Stand,PACERS,9,LEAD,13,3,341.32,-41.32,23.1,-12.1
FieldSize,Pinjarra,2116,Stand,TROTTERS,10,B/LEAD,14,2,230.49,-30.49,14.3,-13.2
FieldSize,Pinjarra,2116,Stand,TROTTERS,11,B/LEAD,11,0,69.58,-69.58,0.0,-100.0
FieldSize,Pinjarra,2116,Stand,TROTTERS,12,B/LEAD,5,1,43.18,56.82,20.0,131.6
FieldSize,Pinjarra,2116,Stand,TROTTERS,5,B/LEAD,1,0,26.32,-26.32,0.0,-100.0
FieldSize,Pinjarra,2116,Stand,TROTTERS,6,B/LEAD,8,2,53.27,146.73,25.0,275.4
FieldSize,Pinjarra,2116,Stand,TROTTERS,7,B/LEAD,11,0,84.85,-84.85,0.0,-100.0
FieldSize,Pinjarra,2116,Stand,TROTTERS,8,B/LEAD,21,4,271.57,128.43,19.0,47.3
FieldSize,Pinjarra,2116,Stand,TROTTERS,9,B/LEAD,19,3,205.47,94.53,15.8,46.0
FieldSize,Pinjarra,2116,Stand,TROTTERS,10,DEATH,13,1,212.98,-112.98,7.7,-53.0
FieldSize,Pinjarra,2116,Stand,TROTTERS,11,DEATH,11,0,164.38,-164.38,0.0,-100.0
FieldSize,Pinjarra,2116,Stand,TROTTERS,12,DEATH,4,0,79.35,-79.35,0.0,-100.0
FieldSize,Pinjarra,2116,Stand,TROTTERS,5,DEATH,1,0,18.18,-18.18,0.0,-100.0
FieldSize,Pinjarra,2116,Stand,TROTTERS,6,DEATH,4,0,51.02,-51.02,0.0,-100.0
FieldSize,Pinjarra,2116,Stand,TROTTERS,7,DEATH,7,1,172.69,-72.69,14.3,-42.1
FieldSize,Pinjarra,2116,Stand,TROTTERS,8,DEATH,14,0,171.8,-171.8,0.0,-100.0
FieldSize,Pinjarra,2116,Stand,TROTTERS,9,DEATH,18,1,390.59,-290.59,5.6,-74.4
FieldSize,Pinjarra,2116,Stand,TROTTERS,10,LEAD,14,8,312.04,487.96,57.1,156.4
FieldSize,Pinjarra,2116,Stand,TROTTERS,11,LEAD,11,6,264.31,335.69,54.5,127.0
FieldSize,Pinjarra,2116,Stand,TROTTERS,12,LEAD,5,1,62.03,37.97,20.0,61.2
FieldSize,Pinjarra,2116,Stand,TROTTERS,5,LEAD,1,1,51.28,48.72,100.0,95.0
FieldSize,Pinjarra,2116,Stand,TROTTERS,6,LEAD,8,4,343.05,56.95,50.0,16.6
FieldSize,Pinjarra,2116,Stand,TROTTERS,7,LEAD,11,7,307.92,392.08,63.6,127.3
FieldSize,Pinjarra,2116,Stand,TROTTERS,8,LEAD,21,11,708.78,391.22,52.4,55.2
FieldSize,Pinjarra,2116,Stand,TROTTERS,9,LEAD,19,11,563.18,536.82,57.9,95.3
FieldSize,Pinjarra,2185,Mobile,PACERS,10,B/LEAD,186,26,2489.45,110.55,14.0,4.4
FieldSize,Pinjarra,2185,Mobile,PACERS,11,B/LEAD,172,17,1897.3,-197.3,9.9,-10.4
FieldSize,Pinjarra,2185,Mobile,PACERS,12,B/LEAD,199,18,2076.52,-276.52,9.0,-13.3
FieldSize,Pinjarra,2185,Mobile,PACERS,20,B/LEAD,4,0,44.06,-44.06,0.0,-100.0
FieldSize,Pinjarra,2185,Mobile,PACERS,22,B/LEAD,2,0,26.66,-26.66,0.0,-100.0
FieldSize,Pinjarra,2185,Mobile,PACERS,24,B/LEAD,6,0,66.04,-66.04,0.0,-100.0
FieldSize,Pinjarra,2185,Mobile,PACERS,4,B/LEAD,1,0,68.97,-68.97,0.0,-100.0
FieldSize,Pinjarra,2185,Mobile,PACERS,5,B/LEAD,18,3,288.75,11.25,16.7,3.9
FieldSize,Pinjarra,2185,Mobile,PACERS,6,B/LEAD,69,8,1011.92,-211.92,11.6,-20.9
FieldSize,Pinjarra,2185,Mobile,PACERS,7,B/LEAD,152,17,2079.29,-379.29,11.2,-18.2
FieldSize,Pinjarra,2185,Mobile,PACERS,8,B/LEAD,212,30,3078.07,-78.07,14.2,-2.5
FieldSize,Pinjarra,2185,Mobile,PACERS,9,B/LEAD,201,25,2792.91,-292.91,12.4,-10.5
FieldSize,Pinjarra,2185,Mobile,PACERS,10,DEATH,185,19,3147.47,-1247.47,10.3,-39.6
FieldSize,Pinjarra,2185,Mobile,PACERS,11,DEATH,171,11,2836.82,-1736.82,6.4,-61.2
FieldSize,Pinjarra,2185,Mobile,PACERS,12,DEATH,196,21,3056.91,-956.91,10.7,-31.3
FieldSize,Pinjarra,2185,Mobile,PACERS,20,DEATH,4,0,84.62,-84.62,0.0,-100.0
FieldSize,Pinjarra,2185,Mobile,PACERS,22,DEATH,2,0,40.0,-40.0,0.0,-100.0
FieldSize,Pinjarra,2185,Mobile,PACERS,24,DEATH,4,0,87.14,-87.14,0.0,-100.0
FieldSize,Pinjarra,2185,Mobile,PACERS,5,DEATH,8,0,141.17,-141.17,0.0,-100.0
FieldSize,Pinjarra,2185,Mobile,PACERS,6,DEATH,47,8,1106.29,-306.29,17.0,-27.7
FieldSize,Pinjarra,2185,Mobile,PACERS,7,DEATH,138,22,3180.53,-980.53,15.9,-30.8
FieldSize,Pinjarra,2185,Mobile,PACERS,8,DEATH,204,21,3986.64,-1886.64,10.3,-47.3
FieldSize,Pinjarra,2185,Mobile,PACERS,9,DEATH,201,15,3903.33,-2403.33,7.5,-61.6
FieldSize,Pinjarra,2185,Mobile,PACERS,10,LEAD,187,73,7195.92,104.08,39.0,1.4
FieldSize,Pinjarra,2185,Mobile,PACERS,11,LEAD,173,66,5974.07,625.93,38.2,10.5
FieldSize,Pinjarra,2185,Mobile,PACERS,12,LEAD,198,69,6340.9,559.1,34.8,8.8
FieldSize,Pinjarra,2185,Mobile,PACERS,20,LEAD,4,0,83.32,-83.32,0.0,-100.0
FieldSize,Pinjarra,2185,Mobile,PACERS,22,LEAD,2,2,51.28,148.72,100.0,290.0
FieldSize,Pinjarra,2185,Mobile,PACERS,24,LEAD,4,2,115.86,84.14,50.0,72.6
FieldSize,Pinjarra,2185,Mobile,PACERS,4,LEAD,1,1,38.46,61.54,100.0,160.0
FieldSize,Pinjarra,2185,Mobile,PACERS,5,LEAD,18,9,918.04,-18.04,50.0,-2.0
FieldSize,Pinjarra,2185,Mobile,PACERS,6,LEAD,69,34,3386.1,13.9,49.3,0.4
FieldSize,Pinjarra,2185,Mobile,PACERS,7,LEAD,150,74,6658.47,741.53,49.3,11.1
FieldSize,Pinjarra,2185,Mobile,PACERS,8,LEAD,213,94,8795.14,604.86,44.1,6.9
FieldSize,Pinjarra,2185,Mobile,PACERS,9,LEAD,204,94,8547.38,852.62,46.1,10.0
FieldSize,Pinjarra,2185,Mobile,TROTTERS,10,B/LEAD,15,3,159.59,140.41,20.0,88.0
FieldSize,Pinjarra,2185,Mobile,TROTTERS,11,B/LEAD,8,0,30.77,-30.77,0.0,-100.0
FieldSize,Pinjarra,2185,Mobile,TROTTERS,12,B/LEAD,7,1,108.98,-8.98,14.3,-8.2
FieldSize,Pinjarra,2185,Mobile,TROTTERS,20,B/LEAD,2,0,12.5,-12.5,0.0,-100.0
FieldSize,Pinjarra,2185,Mobile,TROTTERS,5,B/LEAD,1,0,6.67,-6.67,0.0,-100.0
FieldSize,Pinjarra,2185,Mobile,TROTTERS,6,B/LEAD,5,2,187.58,12.42,40.0,6.6
FieldSize,Pinjarra,2185,Mobile,TROTTERS,7,B/LEAD,18,3,354.48,-54.48,16.7,-15.4
FieldSize,Pinjarra,2185,Mobile,TROTTERS,8,B/LEAD,16,4,243.69,156.31,25.0,64.1
FieldSize,Pinjarra,2185,Mobile,TROTTERS,9,B/LEAD,18,1,190.61,-90.61,5.6,-47.5
FieldSize,Pinjarra,2185,Mobile,TROTTERS,10,DEATH,15,3,259.71,40.29,20.0,15.5
FieldSize,Pinjarra,2185,Mobile,TROTTERS,11,DEATH,8,0,130.24,-130.24,0.0,-100.0
FieldSize,Pinjarra,2185,Mobile,TROTTERS,12,DEATH,8,0,99.96,-99.96,0.0,-100.0
FieldSize,Pinjarra,2185,Mobile,TROTTERS,20,DEATH,2,0,25.0,-25.0,0.0,-100.0
FieldSize,Pinjarra,2185,Mobile,TROTTERS,5,DEATH,1,0,2.94,-2.94,0.0,-100.0
FieldSize,Pinjarra,2185,Mobile,TROTTERS,6,DEATH,4,0,46.18,-46.18,0.0,-100.0
FieldSize,Pinjarra,2185,Mobile,TROTTERS,7,DEATH,15,1,228.37,-128.37,6.7,-56.2
FieldSize,Pinjarra,2185,Mobile,TROTTERS,8,DEATH,16,2,252.99,-52.99,12.5,-20.9
FieldSize,Pinjarra,2185,Mobile,TROTTERS,9,DEATH,19,4,321.21,78.79,21.1,24.5
FieldSize,Pinjarra,2185,Mobile,TROTTERS,10,LEAD,16,3,489.92,-189.92,18.8,-38.8
FieldSize,Pinjarra,2185,Mobile,TROTTERS,11,LEAD,8,4,355.38,44.62,50.0,12.6
FieldSize,Pinjarra,2185,Mobile,TROTTERS,12,LEAD,7,1,174.04,-74.04,14.3,-42.5
FieldSize,Pinjarra,2185,Mobile,TROTTERS,20,LEAD,2,0,21.06,-21.06,0.0,-100.0
FieldSize,Pinjarra,2185,Mobile,TROTTERS,5,LEAD,1,1,28.57,71.43,100.0,250.0
FieldSize,Pinjarra,2185,Mobile,TROTTERS,6,LEAD,5,2,175.6,24.4,40.0,13.9
FieldSize,Pinjarra,2185,Mobile,TROTTERS,7,LEAD,18,11,786.57,313.43,61.1,39.8
FieldSize,Pinjarra,2185,Mobile,TROTTERS,8,LEAD,16,5,356.13,143.87,31.2,40.4
FieldSize,Pinjarra,2185,Mobile,TROTTERS,9,LEAD,19,6,631.06,-31.06,31.6,-4.9
FieldSize,Pinjarra,2631,Stand,PACERS,10,B/LEAD,18,2,216.6,-16.6,11.1,-7.7
FieldSize,Pinjarra,2631,Stand,PACERS,11,B/LEAD,7,0,104.87,-104.87,0.0,-100.0
FieldSize,Pinjarra,2631,Stand,PACERS,12,B/LEAD,6,0,30.76,-30.76,0.0,-100.0
FieldSize,Pinjarra,2631,Stand,PACERS,5,B/LEAD,2,0,41.11,-41.11,0.0,-100.0
FieldSize,Pinjarra,2631,Stand,PACERS,6,B/LEAD,6,0,72.56,-72.56,0.0,-100.0
FieldSize,Pinjarra,2631,Stand,PACERS,7,B/LEAD,18,4,291.97,108.03,22.2,37.0
FieldSize,Pinjarra,2631,Stand,PACERS,8,B/LEAD,23,0,279.16,-279.16,0.0,-100.0
FieldSize,Pinjarra,2631,Stand,PACERS,9,B/LEAD,13,1,117.94,-17.94,7.7,-15.2
FieldSize,Pinjarra,2631,Stand,PACERS,10,DEATH,18,5,374.53,125.47,27.8,33.5
FieldSize,Pinjarra,2631,Stand,PACERS,11,DEATH,6,1,83.52,16.48,16.7,19.7
FieldSize,Pinjarra,2631,Stand,PACERS,12,DEATH,6,0,106.75,-106.75,0.0,-100.0
FieldSize,Pinjarra,2631,Stand,PACERS,6,DEATH,4,1,124.32,-24.32,25.0,-19.6
FieldSize,Pinjarra,2631,Stand,PACERS,7,DEATH,9,0,227.68,-227.68,0.0,-100.0
FieldSize,Pinjarra,2631,Stand,PACERS,8,DEATH,19,3,570.43,-270.43,15.8,-47.4
FieldSize,Pinjarra,2631,Stand,PACERS,9,DEATH,12,2,219.91,-19.91,16.7,-9.1
FieldSize,Pinjarra,2631,Stand,PACERS,10,LEAD,18,7,670.14,29.86,38.9,4.5
FieldSize,Pinjarra,2631,Stand,PACERS,11,LEAD,6,2,103.2,96.8,33.3,93.8
FieldSize,Pinjarra,2631,Stand,PACERS,12,LEAD,6,3,172.32,127.68,50.0,74.1
FieldSize,Pinjarra,2631,Stand,PACERS,5,LEAD,2,2,102.5,97.5,100.0,95.1
FieldSize,Pinjarra,2631,Stand,PACERS,6,LEAD,6,4,297.56,102.44,66.7,34.4
FieldSize,Pinjarra,2631,Stand,PACERS,7,LEAD,18,8,726.16,73.84,44.4,10.2
FieldSize,Pinjarra,2631,Stand,PACERS,8,LEAD,23,16,806.4,793.6,69.6,98.4
FieldSize,Pinjarra,2631,Stand,PACERS,9,LEAD,13,6,502.37,97.63,46.2,19.4
FieldSize,Pinjarra,2631,Stand,TROTTERS,10,B/LEAD,5,0,31.75,-31.75,0.0,-100.0
FieldSize,Pinjarra,2631,Stand,TROTTERS,11,B/LEAD,5,0,10.75,-10.75,0.0,-100.0
FieldSize,Pinjarra,2631,Stand,TROTTERS,12,B/LEAD,2,0,10.73,-10.73,0.0,-100.0
FieldSize,Pinjarra,2631,Stand,TROTTERS,6,B/LEAD,3,0,12.32,-12.32,0.0,-100.0
FieldSize,Pinjarra,2631,Stand,TROTTERS,7,B/LEAD,6,1,52.64,47.36,16.7,90.0
FieldSize,Pinjarra,2631,Stand,TROTTERS,8,B/LEAD,10,1,182.75,-82.75,10.0,-45.3
FieldSize,Pinjarra,2631,Stand,TROTTERS,9,B/LEAD,3,1,51.16,48.84,33.3,95.5
FieldSize,Pinjarra,2631,Stand,TROTTERS,10,DEATH,5,1,80.93,19.07,20.0,23.6
FieldSize,Pinjarra,2631,Stand,TROTTERS,11,DEATH,5,0,82.33,-82.33,0.0,-100.0
FieldSize,Pinjarra,2631,Stand,TROTTERS,12,DEATH,2,0,80.61,-80.61,0.0,-100.0
FieldSize,Pinjarra,2631,Stand,TROTTERS,6,DEATH,3,1,68.29,31.71,33.3,46.4
FieldSize,Pinjarra,2631,Stand,TROTTERS,7,DEATH,3,0,80.88,-80.88,0.0,-100.0
FieldSize,Pinjarra,2631,Stand,TROTTERS,8,DEATH,9,1,144.22,-44.22,11.1,-30.7
FieldSize,Pinjarra,2631,Stand,TROTTERS,9,DEATH,2,0,6.79,-6.79,0.0,-100.0
FieldSize,Pinjarra,2631,Stand,TROTTERS,10,LEAD,5,1,190.85,-90.85,20.0,-47.6
FieldSize,Pinjarra,2631,Stand,TROTTERS,11,LEAD,4,0,40.82,-40.82,0.0,-100.0
FieldSize,Pinjarra,2631,Stand,TROTTERS,12,LEAD,2,2,37.14,162.86,100.0,438.5
FieldSize,Pinjarra,2631,Stand,TROTTERS,6,LEAD,3,2,170.74,29.26,66.7,17.1
FieldSize,Pinjarra,2631,Stand,TROTTERS,7,LEAD,6,1,152.08,-52.08,16.7,-34.2
FieldSize,Pinjarra,2631,Stand,TROTTERS,8,LEAD,10,5,236.81,263.19,50.0,111.1
FieldSize,Pinjarra,2631,Stand,TROTTERS,9,LEAD,3,2,86.79,113.21,66.7,130.4
FieldSize,Pinjarra,2692,Mobile,PACERS,10,B/LEAD,2,0,88.68,-88.68,0.0,-100.0
FieldSize,Pinjarra,2692,Mobile,PACERS,11,B/LEAD,1,0,12.5,-12.5,0.0,-100.0
FieldSize,Pinjarra,2692,Mobile,PACERS,12,B/LEAD,6,1,61.93,38.07,16.7,61.5
FieldSize,Pinjarra,2692,Mobile,PACERS,6,B/LEAD,2,0,32.47,-32.47,0.0,-100.0
FieldSize,Pinjarra,2692,Mobile,PACERS,7,B/LEAD,3,1,79.47,20.53,33.3,25.8
FieldSize,Pinjarra,2692,Mobile,PACERS,8,B/LEAD,4,0,78.32,-78.32,0.0,-100.0
FieldSize,Pinjarra,2692,Mobile,PACERS,9,B/LEAD,4,1,52.32,47.68,25.0,91.1
FieldSize,Pinjarra,2692,Mobile,PACERS,10,DEATH,2,0,13.25,-13.25,0.0,-100.0
FieldSize,Pinjarra,2692,Mobile,PACERS,11,DEATH,1,1,52.63,47.37,100.0,90.0
FieldSize,Pinjarra,2692,Mobile,PACERS,12,DEATH,6,1,173.57,-73.57,16.7,-42.4
FieldSize,Pinjarra,2692,Mobile,PACERS,6,DEATH,2,1,27.69,72.31,50.0,261.1
FieldSize,Pinjarra,2692,Mobile,PACERS,7,DEATH,3,0,14.37,-14.37,0.0,-100.0
FieldSize,Pinjarra,2692,Mobile,PACERS,8,DEATH,4,0,70.77,-70.77,0.0,-100.0
FieldSize,Pinjarra,2692,Mobile,PACERS,9,DEATH,4,0,59.73,-59.73,0.0,-100.0
FieldSize,Pinjarra,2692,Mobile,PACERS,10,LEAD,2,2,113.1,86.9,100.0,76.8
FieldSize,Pinjarra,2692,Mobile,PACERS,11,LEAD,1,0,35.71,-35.71,0.0,-100.0
FieldSize,Pinjarra,2692,Mobile,PACERS,12,LEAD,6,3,214.52,85.48,50.0,39.8
FieldSize,Pinjarra,2692,Mobile,PACERS,6,LEAD,2,0,141.3,-141.3,0.0,-100.0
FieldSize,Pinjarra,2692,Mobile,PACERS,7,LEAD,3,0,179.25,-179.25,0.0,-100.0
FieldSize,Pinjarra,2692,Mobile,PACERS,8,LEAD,4,2,190.0,10.0,50.0,5.3
FieldSize,Pinjarra,2692,Mobile,PACERS,9,LEAD,4,1,180.78,-80.78,25.0,-44.7
FieldSize,Pinjarra,2692,Mobile,TROTTERS,10,B/LEAD,3,0,23.76,-23.76,0.0,-100.0
FieldSize,Pinjarra,2692,Mobile,TROTTERS,12,B/LEAD,1,0,2.94,-2.94,0.0,-100.0
FieldSize,Pinjarra,2692,Mobile,TROTTERS,5,B/LEAD,1,0,13.33,-13.33,0.0,-100.0
FieldSize,Pinjarra,2692,Mobile,TROTTERS,6,B/LEAD,2,0,52.04,-52.04,0.0,-100.0
FieldSize,Pinjarra,2692,Mobile,TROTTERS,7,B/LEAD,7,1,29.73,70.27,14.3,236.4
FieldSize,Pinjarra,2692,Mobile,TROTTERS,8,B/LEAD,9,1,190.93,-90.93,11.1,-47.6
FieldSize,Pinjarra,2692,Mobile,TROTTERS,9,B/LEAD,7,0,68.1,-68.1,0.0,-100.0
FieldSize,Pinjarra,2692,Mobile,TROTTERS,10,DEATH,3,0,43.61,-43.61,0.0,-100.0
FieldSize,Pinjarra,2692,Mobile,TROTTERS,12,DEATH,1,1,52.63,47.37,100.0,90.0
FieldSize,Pinjarra,2692,Mobile,TROTTERS,5,DEATH,1,1,51.28,48.72,100.0,95.0
FieldSize,Pinjarra,2692,Mobile,TROTTERS,6,DEATH,2,0,37.03,-37.03,0.0,-100.0
FieldSize,Pinjarra,2692,Mobile,TROTTERS,7,DEATH,7,1,129.5,-29.5,14.3,-22.8
FieldSize,Pinjarra,2692,Mobile,TROTTERS,8,DEATH,9,0,79.93,-79.93,0.0,-100.0
FieldSize,Pinjarra,2692,Mobile,TROTTERS,9,DEATH,7,0,26.03,-26.03,0.0,-100.0
FieldSize,Pinjarra,2692,Mobile,TROTTERS,10,LEAD,3,1,40.37,59.63,33.3,147.7
FieldSize,Pinjarra,2692,Mobile,TROTTERS,12,LEAD,1,0,6.67,-6.67,0.0,-100.0
FieldSize,Pinjarra,2692,Mobile,TROTTERS,5,LEAD,1,0,9.09,-9.09,0.0,-100.0
FieldSize,Pinjarra,2692,Mobile,TROTTERS,6,LEAD,2,2,101.41,98.59,100.0,97.2
FieldSize,Pinjarra,2692,Mobile,TROTTERS,7,LEAD,7,3,354.7,-54.7,42.9,-15.4
FieldSize,Pinjarra,2692,Mobile,TROTTERS,8,LEAD,9,7,235.69,464.31,77.8,197.0
FieldSize,Pinjarra,2692,Mobile,TROTTERS,9,LEAD,7,4,275.18,124.82,57.1,45.4
FieldSize,Port Pirie,1100,Mobile,PACERS,4,B/LEAD,1,0,6.76,-6.76,0.0,-100.0
FieldSize,Port Pirie,1100,Mobile,PACERS,4,DEATH,1,0,43.48,-43.48,0.0,-100.0
FieldSize,Port Pirie,1100,Mobile,PACERS,4,LEAD,1,0,66.67,-66.67,0.0,-100.0
FieldSize,Port Pirie,1609,Mobile,PACERS,10,B/LEAD,19,5,198.08,301.92,26.3,152.4
FieldSize,Port Pirie,1609,Mobile,PACERS,3,B/LEAD,2,1,19.17,80.83,50.0,421.6
FieldSize,Port Pirie,1609,Mobile,PACERS,4,B/LEAD,6,1,112.48,-12.48,16.7,-11.1
FieldSize,Port Pirie,1609,Mobile,PACERS,5,B/LEAD,36,3,497.37,-197.37,8.3,-39.7
FieldSize,Port Pirie,1609,Mobile,PACERS,6,B/LEAD,99,5,1248.34,-748.34,5.1,-59.9
FieldSize,Port Pirie,1609,Mobile,PACERS,7,B/LEAD,93,12,1251.93,-51.93,12.9,-4.1
FieldSize,Port Pirie,1609,Mobile,PACERS,8,B/LEAD,74,3,1077.01,-777.01,4.1,-72.1
FieldSize,Port Pirie,1609,Mobile,PACERS,9,B/LEAD,46,2,485.07,-285.07,4.3,-58.8
FieldSize,Port Pirie,1609,Mobile,PACERS,10,DEATH,20,5,407.64,92.36,25.0,22.7
FieldSize,Port Pirie,1609,Mobile,PACERS,4,DEATH,4,1,155.93,-55.93,25.0,-35.9
FieldSize,Port Pirie,1609,Mobile,PACERS,5,DEATH,33,7,847.46,-147.46,21.2,-17.4
FieldSize,Port Pirie,1609,Mobile,PACERS,6,DEATH,99,23,2446.46,-146.46,23.2,-6.0
FieldSize,Port Pirie,1609,Mobile,PACERS,7,DEATH,93,18,2166.57,-366.57,19.4,-16.9
FieldSize,Port Pirie,1609,Mobile,PACERS,8,DEATH,74,14,1404.24,-4.24,18.9,-0.3
FieldSize,Port Pirie,1609,Mobile,PACERS,9,DEATH,45,5,603.42,-103.42,11.1,-17.1
FieldSize,Port Pirie,1609,Mobile,PACERS,10,LEAD,20,4,555.04,-155.04,20.0,-27.9
FieldSize,Port Pirie,1609,Mobile,PACERS,3,LEAD,2,1,162.43,-62.43,50.0,-38.4
FieldSize,Port Pirie,1609,Mobile,PACERS,4,LEAD,6,3,164.83,35.17,50.0,21.3
FieldSize,Port Pirie,1609,Mobile,PACERS,5,LEAD,36,17,1379.2,320.8,47.2,23.3
FieldSize,Port Pirie,1609,Mobile,PACERS,6,LEAD,101,43,3560.13,639.87,42.6,18.0
FieldSize,Port Pirie,1609,Mobile,PACERS,7,LEAD,94,27,3109.08,-409.08,28.7,-13.2
FieldSize,Port Pirie,1609,Mobile,PACERS,8,LEAD,74,24,1906.61,493.39,32.4,25.9
FieldSize,Port Pirie,1609,Mobile,PACERS,9,LEAD,46,19,1645.71,254.29,41.3,15.5
FieldSize,Port Pirie,1609,Mobile,TROTTERS,3,B/LEAD,1,1,31.25,68.75,100.0,220.0
FieldSize,Port Pirie,1609,Mobile,TROTTERS,6,B/LEAD,2,1,43.75,56.25,50.0,128.6
FieldSize,Port Pirie,1609,Mobile,TROTTERS,9,B/LEAD,1,0,3.85,-3.85,0.0,-100.0
FieldSize,Port Pirie,1609,Mobile,TROTTERS,6,DEATH,2,0,38.82,-38.82,0.0,-100.0
FieldSize,Port Pirie,1609,Mobile,TROTTERS,9,DEATH,1,1,25.64,74.36,100.0,290.0
FieldSize,Port Pirie,1609,Mobile,TROTTERS,3,LEAD,1,0,22.73,-22.73,0.0,-100.0
FieldSize,Port Pirie,1609,Mobile,TROTTERS,6,LEAD,2,0,75.71,-75.71,0.0,-100.0
FieldSize,Port Pirie,1609,Mobile,TROTTERS,9,LEAD,1,0,11.11,-11.11,0.0,-100.0
FieldSize,Port Pirie,1609,Stand,TROTTERS,3,DEATH,1,0,20.83,-20.83,0.0,-100.0
FieldSize,Port Pirie,1609,Stand,TROTTERS,3,LEAD,1,0,41.67,-41.67,0.0,-100.0
FieldSize,Port Pirie,2050,Mobile,PACERS,10,B/LEAD,5,0,50.22,-50.22,0.0,-100.0
FieldSize,Port Pirie,2050,Mobile,PACERS,3,B/LEAD,1,1,50.0,50.0,100.0,100.0
FieldSize,Port Pirie,2050,Mobile,PACERS,4,B/LEAD,2,0,17.64,-17.64,0.0,-100.0
FieldSize,Port Pirie,2050,Mobile,PACERS,5,B/LEAD,15,3,238.62,61.38,20.0,25.7
FieldSize,Port Pirie,2050,Mobile,PACERS,6,B/LEAD,43,5,716.1,-216.1,11.6,-30.2
FieldSize,Port Pirie,2050,Mobile,PACERS,7,B/LEAD,38,7,646.16,53.84,18.4,8.3
FieldSize,Port Pirie,2050,Mobile,PACERS,8,B/LEAD,28,4,449.52,-49.52,14.3,-11.0
FieldSize,Port Pirie,2050,Mobile,PACERS,9,B/LEAD,28,2,275.45,-75.45,7.1,-27.4
FieldSize,Port Pirie,2050,Mobile,PACERS,10,DEATH,5,2,105.49,94.51,40.0,89.6
FieldSize,Port Pirie,2050,Mobile,PACERS,4,DEATH,1,0,50.0,-50.0,0.0,-100.0
FieldSize,Port Pirie,2050,Mobile,PACERS,5,DEATH,13,3,399.31,-99.31,23.1,-24.9
FieldSize,Port Pirie,2050,Mobile,PACERS,6,DEATH,41,7,1025.94,-325.94,17.1,-31.8
FieldSize,Port Pirie,2050,Mobile,PACERS,7,DEATH,38,7,900.42,-200.42,18.4,-22.3
FieldSize,Port Pirie,2050,Mobile,PACERS,8,DEATH,28,0,467.24,-467.24,0.0,-100.0
FieldSize,Port Pirie,2050,Mobile,PACERS,9,DEATH,28,4,520.25,-120.25,14.3,-23.1
FieldSize,Port Pirie,2050,Mobile,PACERS,10,LEAD,5,1,163.28,-63.28,20.0,-38.8
FieldSize,Port Pirie,2050,Mobile,PACERS,3,LEAD,1,0,38.46,-38.46,0.0,-100.0
FieldSize,Port Pirie,2050,Mobile,PACERS,4,LEAD,2,1,67.03,32.97,50.0,49.2
FieldSize,Port Pirie,2050,Mobile,PACERS,5,LEAD,15,5,590.05,-90.05,33.3,-15.3
FieldSize,Port Pirie,2050,Mobile,PACERS,6,LEAD,42,10,1509.0,-509.0,23.8,-33.7
FieldSize,Port Pirie,2050,Mobile,PACERS,7,LEAD,38,12,999.21,200.79,31.6,20.1
FieldSize,Port Pirie,2050,Mobile,PACERS,8,LEAD,28,6,645.45,-145.45,21.4,-22.5
FieldSize,Port Pirie,2050,Mobile,PACERS,9,LEAD,28,6,891.63,-291.63,21.4,-32.7
FieldSize,Port Pirie,2050,Mobile,TROTTERS,10,B/LEAD,1,0,5.88,-5.88,0.0,-100.0
FieldSize,Port Pirie,2050,Mobile,TROTTERS,4,B/LEAD,1,0,33.33,-33.33,0.0,-100.0
FieldSize,Port Pirie,2050,Mobile,TROTTERS,5,B/LEAD,1,0,18.18,-18.18,0.0,-100.0
FieldSize,Port Pirie,2050,Mobile,TROTTERS,6,B/LEAD,1,0,5.56,-5.56,0.0,-100.0
FieldSize,Port Pirie,2050,Mobile,TROTTERS,7,B/LEAD,2,1,43.82,56.18,50.0,128.2
FieldSize,Port Pirie,2050,Mobile,TROTTERS,9,B/LEAD,1,1,5.56,94.44,100.0,1698.6
FieldSize,Port Pirie,2050,Mobile,TROTTERS,10,DEATH,1,0,20.83,-20.83,0.0,-100.0
FieldSize,Port Pirie,2050,Mobile,TROTTERS,5,DEATH,1,0,30.3,-30.3,0.0,-100.0
FieldSize,Port Pirie,2050,Mobile,TROTTERS,6,DEATH,1,1,38.46,61.54,100.0,160.0
FieldSize,Port Pirie,2050,Mobile,TROTTERS,7,DEATH,2,1,117.55,-17.55,50.0,-14.9
FieldSize,Port Pirie,2050,Mobile,TROTTERS,9,DEATH,1,0,5.56,-5.56,0.0,-100.0
FieldSize,Port Pirie,2050,Mobile,TROTTERS,10,LEAD,1,1,18.18,81.82,100.0,450.1
FieldSize,Port Pirie,2050,Mobile,TROTTERS,4,LEAD,1,0,47.62,-47.62,0.0,-100.0
FieldSize,Port Pirie,2050,Mobile,TROTTERS,5,LEAD,1,1,40.0,60.0,100.0,150.0
FieldSize,Port Pirie,2050,Mobile,TROTTERS,6,LEAD,1,0,45.45,-45.45,0.0,-100.0
FieldSize,Port Pirie,2050,Mobile,TROTTERS,7,LEAD,2,0,13.85,-13.85,0.0,-100.0
FieldSize,Port Pirie,2050,Mobile,TROTTERS,9,LEAD,1,0,18.18,-18.18,0.0,-100.0
FieldSize,Port Pirie,2050,Stand,PACERS,5,B/LEAD,2,1,46.25,53.75,50.0,116.2
FieldSize,Port Pirie,2050,Stand,PACERS,6,B/LEAD,3,1,67.62,32.38,33.3,47.9
FieldSize,Port Pirie,2050,Stand,PACERS,7,B/LEAD,3,2,70.95,129.05,66.7,181.9
FieldSize,Port Pirie,2050,Stand,PACERS,5,DEATH,1,0,18.18,-18.18,0.0,-100.0
FieldSize,Port Pirie,2050,Stand,PACERS,6,DEATH,2,0,8.21,-8.21,0.0,-100.0
FieldSize,Port Pirie,2050,Stand,PACERS,7,DEATH,3,0,59.75,-59.75,0.0,-100.0
FieldSize,Port Pirie,2050,Stand,PACERS,5,LEAD,2,0,55.6,-55.6,0.0,-100.0
FieldSize,Port Pirie,2050,Stand,PACERS,6,LEAD,3,2,87.7,112.3,66.7,128.1
FieldSize,Port Pirie,2050,Stand,PACERS,7,LEAD,3,1,48.57,51.43,33.3,105.9
FieldSize,Port Pirie,2050,Stand,TROTTERS,10,B/LEAD,2,0,14.7,-14.7,0.0,-100.0
FieldSize,Port Pirie,2050,Stand,TROTTERS,4,B/LEAD,1,1,43.48,56.52,100.0,130.0
FieldSize,Port Pirie,2050,Stand,TROTTERS,5,B/LEAD,3,0,28.85,-28.85,0.0,-100.0
FieldSize,Port Pirie,2050,Stand,TROTTERS,6,B/LEAD,3,0,38.77,-38.77,0.0,-100.0
FieldSize,Port Pirie,2050,Stand,TROTTERS,7,B/LEAD,4,1,66.67,33.33,25.0,50.0
FieldSize,Port Pirie,2050,Stand,TROTTERS,8,B/LEAD,3,1,52.49,47.51,33.3,90.5
FieldSize,Port Pirie,2050,Stand,TROTTERS,9,B/LEAD,1,0,7.69,-7.69,0.0,-100.0
FieldSize,Port Pirie,2050,Stand,TROTTERS,10,DEATH,2,0,30.95,-30.95,0.0,-100.0
FieldSize,Port Pirie,2050,Stand,TROTTERS,5,DEATH,1,1,21.74,78.26,100.0,360.0
FieldSize,Port Pirie,2050,Stand,TROTTERS,6,DEATH,2,1,74.37,25.63,50.0,34.5
FieldSize,Port Pirie,2050,Stand,TROTTERS,7,DEATH,4,1,62.99,37.01,25.0,58.8
FieldSize,Port Pirie,2050,Stand,TROTTERS,8,DEATH,3,0,30.32,-30.32,0.0,-100.0
FieldSize,Port Pirie,2050,Stand,TROTTERS,9,DEATH,1,0,25.64,-25.64,0.0,-100.0
FieldSize,Port Pirie,2050,Stand,TROTTERS,10,LEAD,2,2,37.14,162.86,100.0,438.5
FieldSize,Port Pirie,2050,Stand,TROTTERS,4,LEAD,1,0,20.0,-20.0,0.0,-100.0
FieldSize,Port Pirie,2050,Stand,TROTTERS,5,LEAD,3,1,74.07,25.93,33.3,35.0
FieldSize,Port Pirie,2050,Stand,TROTTERS,6,LEAD,3,1,79.29,20.71,33.3,26.1
FieldSize,Port Pirie,2050,Stand,TROTTERS,7,LEAD,4,1,57.11,42.89,25.0,75.1
FieldSize,Port Pirie,2050,Stand,TROTTERS,8,LEAD,3,1,47.15,52.85,33.3,112.1
FieldSize,Port Pirie,2050,Stand,TROTTERS,9,LEAD,1,0,5.26,-5.26,0.0,-100.0
FieldSize,Port Pirie,2530,Mobile,PACERS,10,B/LEAD,3,1,62.76,37.24,33.3,59.3
FieldSize,Port Pirie,2530,Mobile,PACERS,7,B/LEAD,1,0,15.38,-15.38,0.0,-100.0
FieldSize,Port Pirie,2530,Mobile,PACERS,9,B/LEAD,3,0,20.84,-20.84,0.0,-100.0
FieldSize,Port Pirie,2530,Mobile,PACERS,10,DEATH,2,1,33.56,66.44,50.0,198.0
FieldSize,Port Pirie,2530,Mobile,PACERS,7,DEATH,1,0,15.38,-15.38,0.0,-100.0
FieldSize,Port Pirie,2530,Mobile,PACERS,9,DEATH,3,0,66.67,-66.67,0.0,-100.0
FieldSize,Port Pirie,2530,Mobile,PACERS,10,LEAD,3,1,147.18,-47.18,33.3,-32.1
FieldSize,Port Pirie,2530,Mobile,PACERS,7,LEAD,1,1,14.29,85.71,100.0,599.8
FieldSize,Port Pirie,2530,Mobile,PACERS,9,LEAD,3,1,86.75,13.25,33.3,15.3
FieldSize,Port Pirie,2530,Stand,TROTTERS,11,B/LEAD,1,0,1.96,-1.96,0.0,-100.0
FieldSize,Port Pirie,2530,Stand,TROTTERS,12,B/LEAD,2,0,3.43,-3.43,0.0,-100.0
FieldSize,Port Pirie,2530,Stand,TROTTERS,7,B/LEAD,2,0,28.55,-28.55,0.0,-100.0
FieldSize,Port Pirie,2530,Stand,TROTTERS,9,B/LEAD,2,0,11.81,-11.81,0.0,-100.0
FieldSize,Port Pirie,2530,Stand,TROTTERS,11,DEATH,1,0,2.44,-2.44,0.0,-100.0
FieldSize,Port Pirie,2530,Stand,TROTTERS,12,DEATH,2,0,29.87,-29.87,0.0,-100.0
FieldSize,Port Pirie,2530,Stand,TROTTERS,7,DEATH,2,0,31.52,-31.52,0.0,-100.0
FieldSize,Port Pirie,2530,Stand,TROTTERS,9,DEATH,2,1,27.62,72.38,50.0,262.1
FieldSize,Port Pirie,2530,Stand,TROTTERS,11,LEAD,1,0,5.88,-5.88,0.0,-100.0
FieldSize,Port Pirie,2530,Stand,TROTTERS,12,LEAD,2,0,21.12,-21.12,0.0,-100.0
FieldSize,Port Pirie,2530,Stand,TROTTERS,7,LEAD,2,1,17.1,82.9,50.0,484.8
FieldSize,Port Pirie,2530,Stand,TROTTERS,9,LEAD,2,1,25.59,74.41,50.0,290.8
FieldSize,Redcliffe,1207,Mobile,PACERS,8,B/LEAD,2,0,30.68,-30.68,0.0,-100.0
FieldSize,Redcliffe,1207,Mobile,PACERS,8,DEATH,2,1,53.89,46.11,50.0,85.6
FieldSize,Redcliffe,1207,Mobile,PACERS,8,LEAD,2,0,70.72,-70.72,0.0,-100.0
FieldSize,Redcliffe,1780,Mobile,PACERS,10,B/LEAD,24,2,225.29,-25.29,8.3,-11.2
FieldSize,Redcliffe,1780,Mobile,PACERS,3,B/LEAD,1,1,21.74,78.26,100.0,360.0
FieldSize,Redcliffe,1780,Mobile,PACERS,4,B/LEAD,5,2,137.21,62.79,40.0,45.8
FieldSize,Redcliffe,1780,Mobile,PACERS,5,B/LEAD,27,3,426.05,-126.05,11.1,-29.6
FieldSize,Redcliffe,1780,Mobile,PACERS,6,B/LEAD,133,16,2150.09,-550.09,12.0,-25.6
FieldSize,Redcliffe,1780,Mobile,PACERS,7,B/LEAD,398,59,6633.17,-733.17,14.8,-11.1
FieldSize,Redcliffe,1780,Mobile,PACERS,8,B/LEAD,1172,139,17586.55,-3686.55,11.9,-21.0
FieldSize,Redcliffe,1780,Mobile,PACERS,9,B/LEAD,2976,349,40289.23,-5389.23,11.7,-13.4
FieldSize,Redcliffe,1780,Mobile,PACERS,10,DEATH,24,3,494.36,-194.36,12.5,-39.3
FieldSize,Redcliffe,1780,Mobile,PACERS,3,DEATH,1,0,38.46,-38.46,0.0,-100.0
FieldSize,Redcliffe,1780,Mobile,PACERS,4,DEATH,2,0,82.14,-82.14,0.0,-100.0
FieldSize,Redcliffe,1780,Mobile,PACERS,5,DEATH,21,5,605.75,-105.75,23.8,-17.5
FieldSize,Redcliffe,1780,Mobile,PACERS,6,DEATH,124,17,3401.41,-1701.41,13.7,-50.0
FieldSize,Redcliffe,1780,Mobile,PACERS,7,DEATH,407,69,8728.43,-1828.43,17.0,-20.9
FieldSize,Redcliffe,1780,Mobile,PACERS,8,DEATH,1179,169,23312.78,-6412.78,14.3,-27.5
FieldSize,Redcliffe,1780,Mobile,PACERS,9,DEATH,3011,376,56456.56,-18856.56,12.5,-33.4
FieldSize,Redcliffe,1780,Mobile,PACERS,10,LEAD,24,13,867.17,432.83,54.2,49.9
FieldSize,Redcliffe,1780,Mobile,PACERS,3,LEAD,1,0,57.14,-57.14,0.0,-100.0
FieldSize,Redcliffe,1780,Mobile,PACERS,4,LEAD,5,2,201.44,-1.44,40.0,-0.7
FieldSize,Redcliffe,1780,Mobile,PACERS,5,LEAD,27,15,1417.75,82.25,55.6,5.8
FieldSize,Redcliffe,1780,Mobile,PACERS,6,LEAD,133,60,5119.02,880.98,45.1,17.2
FieldSize,Redcliffe,1780,Mobile,PACERS,7,LEAD,401,164,13851.35,2548.65,40.9,18.4
FieldSize,Redcliffe,1780,Mobile,PACERS,8,LEAD,1170,431,36150.63,6949.37,36.8,19.2
FieldSize,Redcliffe,1780,Mobile,PACERS,9,LEAD,2974,1064,83521.95,22778.05,35.8,27.3
FieldSize,Redcliffe,1780,Mobile,TROTTERS,4,B/LEAD,1,1,26.32,73.68,100.0,279.9
FieldSize,Redcliffe,1780,Mobile,TROTTERS,6,B/LEAD,1,0,28.57,-28.57,0.0,-100.0
FieldSize,Redcliffe,1780,Mobile,TROTTERS,7,B/LEAD,1,1,9.09,90.91,100.0,1000.1
FieldSize,Redcliffe,1780,Mobile,TROTTERS,9,B/LEAD,2,0,29.94,-29.94,0.0,-100.0
FieldSize,Redcliffe,1780,Mobile,TROTTERS,7,DEATH,1,0,32.26,-32.26,0.0,-100.0
FieldSize,Redcliffe,1780,Mobile,TROTTERS,9,DEATH,2,0,50.31,-50.31,0.0,-100.0
FieldSize,Redcliffe,1780,Mobile,TROTTERS,4,LEAD,1,0,25.0,-25.0,0.0,-100.0
FieldSize,Redcliffe,1780,Mobile,TROTTERS,6,LEAD,1,1,20.0,80.0,100.0,400.0
FieldSize,Redcliffe,1780,Mobile,TROTTERS,7,LEAD,1,0,7.14,-7.14,0.0,-100.0
FieldSize,Redcliffe,1780,Mobile,TROTTERS,9,LEAD,2,0,17.26,-17.26,0.0,-100.0
FieldSize,Redcliffe,1780,Stand,PACERS,10,B/LEAD,12,2,80.6,119.4,16.7,148.1
FieldSize,Redcliffe,1780,Stand,PACERS,11,B/LEAD,2,0,2.63,-2.63,0.0,-100.0
FieldSize,Redcliffe,1780,Stand,PACERS,12,B/LEAD,6,0,26.22,-26.22,0.0,-100.0
FieldSize,Redcliffe,1780,Stand,PACERS,7,B/LEAD,1,0,3.23,-3.23,0.0,-100.0
FieldSize,Redcliffe,1780,Stand,PACERS,8,B/LEAD,2,0,8.2,-8.2,0.0,-100.0
FieldSize,Redcliffe,1780,Stand,PACERS,9,B/LEAD,1,0,1.23,-1.23,0.0,-100.0
FieldSize,Redcliffe,1780,Stand,PACERS,10,DEATH,12,1,252.26,-152.26,8.3,-60.4
FieldSize,Redcliffe,1780,Stand,PACERS,11,DEATH,2,0,44.04,-44.04,0.0,-100.0
FieldSize,Redcliffe,1780,Stand,PACERS,12,DEATH,5,1,66.84,33.16,20.0,49.6
FieldSize,Redcliffe,1780,Stand,PACERS,7,DEATH,1,1,76.92,23.08,100.0,30.0
FieldSize,Redcliffe,1780,Stand,PACERS,8,DEATH,2,0,48.34,-48.34,0.0,-100.0
FieldSize,Redcliffe,1780,Stand,PACERS,9,DEATH,1,0,13.33,-13.33,0.0,-100.0
FieldSize,Redcliffe,1780,Stand,PACERS,10,LEAD,12,3,222.4,77.6,25.0,34.9
FieldSize,Redcliffe,1780,Stand,PACERS,11,LEAD,2,1,11.01,88.99,50.0,808.3
FieldSize,Redcliffe,1780,Stand,PACERS,12,LEAD,5,1,56.47,43.53,20.0,77.1
FieldSize,Redcliffe,1780,Stand,PACERS,7,LEAD,1,0,13.33,-13.33,0.0,-100.0
FieldSize,Redcliffe,1780,Stand,PACERS,8,LEAD,2,1,8.0,92.0,50.0,1150.0
FieldSize,Redcliffe,1780,Stand,PACERS,9,LEAD,1,0,0.66,-0.66,0.0,-100.0
FieldSize,Redcliffe,1780,Stand,TROTTERS,3,B/LEAD,1,0,44.44,-44.44,0.0,-100.0
FieldSize,Redcliffe,1780,Stand,TROTTERS,3,LEAD,1,1,58.82,41.18,100.0,70.0
FieldSize,Redcliffe,2040,Mobile,PACERS,10,B/LEAD,189,22,2809.89,-609.89,11.6,-21.7
FieldSize,Redcliffe,2040,Mobile,PACERS,3,B/LEAD,1,1,66.67,33.33,100.0,50.0
FieldSize,Redcliffe,2040,Mobile,PACERS,4,B/LEAD,1,0,43.48,-43.48,0.0,-100.0
FieldSize,Redcliffe,2040,Mobile,PACERS,5,B/LEAD,4,2,76.76,123.24,50.0,160.6
FieldSize,Redcliffe,2040,Mobile,PACERS,6,B/LEAD,30,6,702.99,-102.99,20.0,-14.7
FieldSize,Redcliffe,2040,Mobile,PACERS,7,B/LEAD,84,11,1265.32,-165.32,13.1,-13.1
FieldSize,Redcliffe,2040,Mobile,PACERS,8,B/LEAD,258,33,4035.58,-735.58,12.8,-18.2
FieldSize,Redcliffe,2040,Mobile,PACERS,9,B/LEAD,618,96,9113.17,486.83,15.5,5.3
FieldSize,Redcliffe,2040,Mobile,PACERS,10,DEATH,200,20,3713.03,-1713.03,10.0,-46.1
FieldSize,Redcliffe,2040,Mobile,PACERS,5,DEATH,2,1,101.15,-1.15,50.0,-1.1
FieldSize,Redcliffe,2040,Mobile,PACERS,6,DEATH,28,5,657.57,-157.57,17.9,-24.0
FieldSize,Redcliffe,2040,Mobile,PACERS,7,DEATH,85,10,1811.13,-811.13,11.8,-44.8
FieldSize,Redcliffe,2040,Mobile,PACERS,8,DEATH,269,25,5004.99,-2504.99,9.3,-50.0
FieldSize,Redcliffe,2040,Mobile,PACERS,9,DEATH,626,70,10739.42,-3739.42,11.2,-34.8
FieldSize,Redcliffe,2040,Mobile,PACERS,10,LEAD,192,65,4829.82,1670.18,33.9,34.6
FieldSize,Redcliffe,2040,Mobile,PACERS,3,LEAD,1,0,37.04,-37.04,0.0,-100.0
FieldSize,Redcliffe,2040,Mobile,PACERS,4,LEAD,1,1,21.74,78.26,100.0,360.0
FieldSize,Redcliffe,2040,Mobile,PACERS,5,LEAD,4,0,181.16,-181.16,0.0,-100.0
FieldSize,Redcliffe,2040,Mobile,PACERS,6,LEAD,30,13,1090.67,209.33,43.3,19.2
FieldSize,Redcliffe,2040,Mobile,PACERS,7,LEAD,84,34,2752.63,647.37,40.5,23.5
FieldSize,Redcliffe,2040,Mobile,PACERS,8,LEAD,259,99,7690.04,2209.96,38.2,28.7
FieldSize,Redcliffe,2040,Mobile,PACERS,9,LEAD,618,201,17168.06,2931.94,32.5,17.1
FieldSize,Redcliffe,2040,Mobile,TROTTERS,7,B/LEAD,1,0,6.25,-6.25,0.0,-100.0
FieldSize,Redcliffe,2040,Mobile,TROTTERS,7,DEATH,1,0,30.3,-30.3,0.0,-100.0
FieldSize,Redcliffe,2040,Mobile,TROTTERS,7,LEAD,1,1,37.04,62.96,100.0,170.0
FieldSize,Redcliffe,2280,Mobile,PACERS,10,B/LEAD,15,2,208.34,-8.34,13.3,-4.0
FieldSize,Redcliffe,2280,Mobile,PACERS,4,B/LEAD,1,0,1.23,-1.23,0.0,-100.0
FieldSize,Redcliffe,2280,Mobile,PACERS,6,B/LEAD,3,0,67.09,-67.09,0.0,-100.0
FieldSize,Redcliffe,2280,Mobile,PACERS,7,B/LEAD,9,1,115.37,-15.37,11.1,-13.3
FieldSize,Redcliffe,2280,Mobile,PACERS,8,B/LEAD,8,0,74.97,-74.97,0.0,-100.0
FieldSize,Redcliffe,2280,Mobile,PACERS,9,B/LEAD,18,4,215.6,184.4,22.2,85.5
FieldSize,Redcliffe,2280,Mobile,PACERS,10,DEATH,15,1,197.35,-97.35,6.7,-49.3
FieldSize,Redcliffe,2280,Mobile,PACERS,6,DEATH,3,0,60.95,-60.95,0.0,-100.0
FieldSize,Redcliffe,2280,Mobile,PACERS,7,DEATH,9,1,251.3,-151.3,11.1,-60.2
FieldSize,Redcliffe,2280,Mobile,PACERS,8,DEATH,8,0,195.01,-195.01,0.0,-100.0
FieldSize,Redcliffe,2280,Mobile,PACERS,9,DEATH,17,2,345.42,-145.42,11.8,-42.1
FieldSize,Redcliffe,2280,Mobile,PACERS,10,LEAD,15,6,659.25,-59.25,40.0,-9.0
FieldSize,Redcliffe,2280,Mobile,PACERS,4,LEAD,1,0,23.81,-23.81,0.0,-100.0
FieldSize,Redcliffe,2280,Mobile,PACERS,6,LEAD,3,2,120.17,79.83,66.7,66.4
FieldSize,Redcliffe,2280,Mobile,PACERS,7,LEAD,9,5,390.53,109.47,55.6,28.0
FieldSize,Redcliffe,2280,Mobile,PACERS,8,LEAD,8,4,222.52,177.48,50.0,79.8
FieldSize,Redcliffe,2280,Mobile,PACERS,9,LEAD,18,7,509.73,190.27,38.9,37.3
FieldSize,Redcliffe,2280,Mobile,TROTTERS,10,B/LEAD,2,0,29.69,-29.69,0.0,-100.0
FieldSize,Redcliffe,2280,Mobile,TROTTERS,7,B/LEAD,1,0,8.33,-8.33,0.0,-100.0
FieldSize,Redcliffe,2280,Mobile,TROTTERS,8,B/LEAD,1,0,16.67,-16.67,0.0,-100.0
FieldSize,Redcliffe,2280,Mobile,TROTTERS,9,B/LEAD,2,0,16.61,-16.61,0.0,-100.0
FieldSize,Redcliffe,2280,Mobile,TROTTERS,10,DEATH,2,1,89.89,10.11,50.0,11.2
FieldSize,Redcliffe,2280,Mobile,TROTTERS,7,DEATH,1,0,7.69,-7.69,0.0,-100.0
FieldSize,Redcliffe,2280,Mobile,TROTTERS,8,DEATH,2,0,27.27,-27.27,0.0,-100.0
FieldSize,Redcliffe,2280,Mobile,TROTTERS,9,DEATH,2,0,27.69,-27.69,0.0,-100.0
FieldSize,Redcliffe,2280,Mobile,TROTTERS,10,LEAD,2,0,23.34,-23.34,0.0,-100.0
FieldSize,Redcliffe,2280,Mobile,TROTTERS,7,LEAD,1,1,74.07,25.93,100.0,35.0
FieldSize,Redcliffe,2280,Mobile,TROTTERS,8,LEAD,1,1,40.0,60.0,100.0,150.0
FieldSize,Redcliffe,2280,Mobile,TROTTERS,9,LEAD,2,0,37.4,-37.4,0.0,-100.0
FieldSize,Redcliffe,2280,Stand,PACERS,6,B/LEAD,1,0,18.18,-18.18,0.0,-100.0
FieldSize,Redcliffe,2280,Stand,PACERS,7,B/LEAD,1,0,6.25,-6.25,0.0,-100.0
FieldSize,Redcliffe,2280,Stand,PACERS,8,B/LEAD,1,0,11.76,-11.76,0.0,-100.0
FieldSize,Redcliffe,2280,Stand,PACERS,9,B/LEAD,1,0,0.66,-0.66,0.0,-100.0
FieldSize,Redcliffe,2280,Stand,PACERS,7,DEATH,1,0,11.76,-11.76,0.0,-100.0
FieldSize,Redcliffe,2280,Stand,PACERS,8,DEATH,1,0,18.18,-18.18,0.0,-100.0
FieldSize,Redcliffe,2280,Stand,PACERS,9,DEATH,1,1,50.0,50.0,100.0,100.0
FieldSize,Redcliffe,2280,Stand,PACERS,6,LEAD,1,1,83.33,16.67,100.0,20.0
FieldSize,Redcliffe,2280,Stand,PACERS,7,LEAD,1,0,23.81,-23.81,0.0,-100.0
FieldSize,Redcliffe,2280,Stand,PACERS,8,LEAD,1,0,27.78,-27.78,0.0,-100.0
FieldSize,Redcliffe,2280,Stand,PACERS,9,LEAD,1,0,8.33,-8.33,0.0,-100.0
FieldSize,Redcliffe,2280,Stand,TROTTERS,11,B/LEAD,1,0,4.76,-4.76,0.0,-100.0
FieldSize,Redcliffe,2280,Stand,TROTTERS,12,B/LEAD,1,0,11.76,-11.76,0.0,-100.0
FieldSize,Redcliffe,2280,Stand,TROTTERS,7,B/LEAD,4,1,113.58,-13.58,25.0,-12.0
FieldSize,Redcliffe,2280,Stand,TROTTERS,8,B/LEAD,6,2,82.2,117.8,33.3,143.3
FieldSize,Redcliffe,2280,Stand,TROTTERS,9,B/LEAD,6,0,58.35,-58.35,0.0,-100.0
FieldSize,Redcliffe,2280,Stand,TROTTERS,11,DEATH,1,0,4.76,-4.76,0.0,-100.0
FieldSize,Redcliffe,2280,Stand,TROTTERS,12,DEATH,1,0,4.76,-4.76,0.0,-100.0
FieldSize,Redcliffe,2280,Stand,TROTTERS,7,DEATH,4,1,68.67,31.33,25.0,45.6
FieldSize,Redcliffe,2280,Stand,TROTTERS,8,DEATH,6,0,145.07,-145.07,0.0,-100.0
FieldSize,Redcliffe,2280,Stand,TROTTERS,9,DEATH,6,2,140.51,59.49,33.3,42.3
FieldSize,Redcliffe,2280,Stand,TROTTERS,11,LEAD,1,0,10.0,-10.0,0.0,-100.0
FieldSize,Redcliffe,2280,Stand,TROTTERS,12,LEAD,1,0,46.51,-46.51,0.0,-100.0
FieldSize,Redcliffe,2280,Stand,TROTTERS,7,LEAD,4,2,110.88,89.12,50.0,80.4
FieldSize,Redcliffe,2280,Stand,TROTTERS,8,LEAD,6,3,100.59,199.41,50.0,198.2
FieldSize,Redcliffe,2280,Stand,TROTTERS,9,LEAD,6,2,109.78,90.22,33.3,82.2
FieldSize,Redcliffe,2613,Stand,PACERS,10,B/LEAD,1,0,1.41,-1.41,0.0,-100.0
FieldSize,Redcliffe,2613,Stand,PACERS,12,B/LEAD,7,1,74.71,25.29,14.3,33.9
FieldSize,Redcliffe,2613,Stand,PACERS,6,B/LEAD,2,1,24.18,75.82,50.0,313.6
FieldSize,Redcliffe,2613,Stand,PACERS,7,B/LEAD,2,1,19.05,80.95,50.0,424.9
FieldSize,Redcliffe,2613,Stand,PACERS,8,B/LEAD,2,0,14.35,-14.35,0.0,-100.0
FieldSize,Redcliffe,2613,Stand,PACERS,10,DEATH,1,0,41.67,-41.67,0.0,-100.0
FieldSize,Redcliffe,2613,Stand,PACERS,12,DEATH,5,0,68.47,-68.47,0.0,-100.0
FieldSize,Redcliffe,2613,Stand,PACERS,7,DEATH,2,1,53.78,46.22,50.0,85.9
FieldSize,Redcliffe,2613,Stand,PACERS,8,DEATH,2,0,22.62,-22.62,0.0,-100.0
FieldSize,Redcliffe,2613,Stand,PACERS,10,LEAD,1,1,13.33,86.67,100.0,650.2
FieldSize,Redcliffe,2613,Stand,PACERS,12,LEAD,6,4,101.4,298.6,66.7,294.5
FieldSize,Redcliffe,2613,Stand,PACERS,6,LEAD,2,0,49.54,-49.54,0.0,-100.0
FieldSize,Redcliffe,2613,Stand,PACERS,7,LEAD,2,0,85.3,-85.3,0.0,-100.0
FieldSize,Redcliffe,2613,Stand,PACERS,8,LEAD,2,0,23.81,-23.81,0.0,-100.0
FieldSize,Redcliffe,2613,Stand,TROTTERS,12,B/LEAD,1,0,1.64,-1.64,0.0,-100.0
FieldSize,Redcliffe,2613,Stand,TROTTERS,5,B/LEAD,1,0,23.81,-23.81,0.0,-100.0
FieldSize,Redcliffe,2613,Stand,TROTTERS,6,B/LEAD,1,0,2.44,-2.44,0.0,-100.0
FieldSize,Redcliffe,2613,Stand,TROTTERS,7,B/LEAD,1,0,9.09,-9.09,0.0,-100.0
FieldSize,Redcliffe,2613,Stand,TROTTERS,8,B/LEAD,2,0,15.79,-15.79,0.0,-100.0
FieldSize,Redcliffe,2613,Stand,TROTTERS,9,B/LEAD,3,0,33.12,-33.12,0.0,-100.0
FieldSize,Redcliffe,2613,Stand,TROTTERS,12,DEATH,1,0,13.33,-13.33,0.0,-100.0
FieldSize,Redcliffe,2613,Stand,TROTTERS,6,DEATH,1,0,10.0,-10.0,0.0,-100.0
FieldSize,Redcliffe,2613,Stand,TROTTERS,7,DEATH,1,0,25.0,-25.0,0.0,-100.0
FieldSize,Redcliffe,2613,Stand,TROTTERS,8,DEATH,2,0,30.96,-30.96,0.0,-100.0
FieldSize,Redcliffe,2613,Stand,TROTTERS,9,DEATH,3,0,66.96,-66.96,0.0,-100.0
FieldSize,Redcliffe,2613,Stand,TROTTERS,12,LEAD,1,0,11.76,-11.76,0.0,-100.0
FieldSize,Redcliffe,2613,Stand,TROTTERS,5,LEAD,1,0,16.67,-16.67,0.0,-100.0
FieldSize,Redcliffe,2613,Stand,TROTTERS,6,LEAD,1,0,30.3,-30.3,0.0,-100.0
FieldSize,Redcliffe,2613,Stand,TROTTERS,7,LEAD,1,1,44.44,55.56,100.0,125.0
FieldSize,Redcliffe,2613,Stand,TROTTERS,8,LEAD,2,0,14.2,-14.2,0.0,-100.0
FieldSize,Redcliffe,2613,Stand,TROTTERS,9,LEAD,3,3,88.45,211.55,100.0,239.2
FieldSize,Redcliffe,947,Mobile,PACERS,5,DEATH,38,5,1040.33,-540.33,13.2,-51.9
FieldSize,Redcliffe,947,Mobile,PACERS,5,LEAD,5,2,172.67,27.33,40.0,15.8
FieldSize,Scottsdale,1955,Stand,PACERS,10,B/LEAD,8,1,93.95,6.05,12.5,6.4
FieldSize,Scottsdale,1955,Stand,PACERS,5,B/LEAD,1,0,3.85,-3.85,0.0,-100.0
FieldSize,Scottsdale,1955,Stand,PACERS,6,B/LEAD,5,1,100.43,-0.43,20.0,-0.4
FieldSize,Scottsdale,1955,Stand,PACERS,7,B/LEAD,1,0,18.18,-18.18,0.0,-100.0
FieldSize,Scottsdale,1955,Stand,PACERS,8,B/LEAD,2,0,47.81,-47.81,0.0,-100.0
FieldSize,Scottsdale,1955,Stand,PACERS,9,B/LEAD,5,0,57.54,-57.54,0.0,-100.0
FieldSize,Scottsdale,1955,Stand,PACERS,10,DEATH,8,2,85.63,114.37,25.0,133.6
FieldSize,Scottsdale,1955,Stand,PACERS,5,DEATH,1,0,51.28,-51.28,0.0,-100.0
FieldSize,Scottsdale,1955,Stand,PACERS,6,DEATH,4,2,79.06,120.94,50.0,153.0
FieldSize,Scottsdale,1955,Stand,PACERS,7,DEATH,1,0,18.18,-18.18,0.0,-100.0
FieldSize,Scottsdale,1955,Stand,PACERS,8,DEATH,2,0,29.92,-29.92,0.0,-100.0
FieldSize,Scottsdale,1955,Stand,PACERS,9,DEATH,5,0,53.39,-53.39,0.0,-100.0
FieldSize,Scottsdale,1955,Stand,PACERS,10,LEAD,8,2,200.98,-0.98,25.0,-0.5
FieldSize,Scottsdale,1955,Stand,PACERS,5,LEAD,1,1,23.81,76.19,100.0,320.0
FieldSize,Scottsdale,1955,Stand,PACERS,6,LEAD,5,1,133.65,-33.65,20.0,-25.2
FieldSize,Scottsdale,1955,Stand,PACERS,7,LEAD,1,1,42.55,57.45,100.0,135.0
FieldSize,Scottsdale,1955,Stand,PACERS,8,LEAD,2,1,43.56,56.44,50.0,129.6
FieldSize,Scottsdale,1955,Stand,PACERS,9,LEAD,5,3,95.16,204.84,60.0,215.3
FieldSize,Scottsdale,2692,Stand,PACERS,10,B/LEAD,2,0,40.83,-40.83,0.0,-100.0
FieldSize,Scottsdale,2692,Stand,PACERS,9,B/LEAD,2,0,10.52,-10.52,0.0,-100.0
FieldSize,Scottsdale,2692,Stand,PACERS,10,DEATH,2,0,43.4,-43.4,0.0,-100.0
FieldSize,Scottsdale,2692,Stand,PACERS,9,DEATH,2,0,25.0,-25.0,0.0,-100.0
FieldSize,Scottsdale,2692,Stand,PACERS,10,LEAD,2,2,80.52,119.48,100.0,148.4
FieldSize,Scottsdale,2692,Stand,PACERS,9,LEAD,2,0,23.23,-23.23,0.0,-100.0
FieldSize,Shepparton,1690,Mobile,PACERS,10,B/LEAD,310,50,4091.58,908.42,16.1,22.2
FieldSize,Shepparton,1690,Mobile,PACERS,11,B/LEAD,41,4,395.21,4.79,9.8,1.2
FieldSize,Shepparton,1690,Mobile,PACERS,12,B/LEAD,29,1,252.89,-152.89,3.4,-60.5
FieldSize,Shepparton,1690,Mobile,PACERS,4,B/LEAD,1,0,83.33,-83.33,0.0,-100.0
FieldSize,Shepparton,1690,Mobile,PACERS,5,B/LEAD,9,1,160.68,-60.68,11.1,-37.8
FieldSize,Shepparton,1690,Mobile,PACERS,6,B/LEAD,33,9,498.18,401.82,27.3,80.7
FieldSize,Shepparton,1690,Mobile,PACERS,7,B/LEAD,68,11,1143.34,-43.34,16.2,-3.8
FieldSize,Shepparton,1690,Mobile,PACERS,8,B/LEAD,122,9,1616.12,-716.12,7.4,-44.3
FieldSize,Shepparton,1690,Mobile,PACERS,9,B/LEAD,184,31,2260.99,839.01,16.8,37.1
FieldSize,Shepparton,1690,Mobile,PACERS,10,DEATH,313,31,5220.96,-2120.96,9.9,-40.6
FieldSize,Shepparton,1690,Mobile,PACERS,11,DEATH,41,5,710.45,-210.45,12.2,-29.6
FieldSize,Shepparton,1690,Mobile,PACERS,12,DEATH,27,5,351.1,148.9,18.5,42.4
FieldSize,Shepparton,1690,Mobile,PACERS,5,DEATH,6,2,185.31,14.69,33.3,7.9
FieldSize,Shepparton,1690,Mobile,PACERS,6,DEATH,31,4,826.81,-426.81,12.9,-51.6
FieldSize,Shepparton,1690,Mobile,PACERS,7,DEATH,69,12,1551.87,-351.87,17.4,-22.7
FieldSize,Shepparton,1690,Mobile,PACERS,8,DEATH,120,21,2516.67,-416.67,17.5,-16.6
FieldSize,Shepparton,1690,Mobile,PACERS,9,DEATH,179,28,3408.25,-608.25,15.6,-17.8
FieldSize,Shepparton,1690,Mobile,PACERS,10,LEAD,313,106,7554.9,3045.1,33.9,40.3
FieldSize,Shepparton,1690,Mobile,PACERS,11,LEAD,41,11,895.78,204.22,26.8,22.8
FieldSize,Shepparton,1690,Mobile,PACERS,12,LEAD,29,5,658.07,-158.07,17.2,-24.0
FieldSize,Shepparton,1690,Mobile,PACERS,4,LEAD,1,0,2.79,-2.79,0.0,-100.0
FieldSize,Shepparton,1690,Mobile,PACERS,5,LEAD,9,6,429.17,170.83,66.7,39.8
FieldSize,Shepparton,1690,Mobile,PACERS,6,LEAD,34,15,1291.11,208.89,44.1,16.2
FieldSize,Shepparton,1690,Mobile,PACERS,7,LEAD,70,31,2273.59,826.41,44.3,36.3
FieldSize,Shepparton,1690,Mobile,PACERS,8,LEAD,122,45,3369.93,1130.07,36.9,33.5
FieldSize,Shepparton,1690,Mobile,PACERS,9,LEAD,181,62,4011.67,2188.33,34.3,54.5
FieldSize,Shepparton,1690,Mobile,TROTTERS,10,B/LEAD,25,4,274.97,125.03,16.0,45.5
FieldSize,Shepparton,1690,Mobile,TROTTERS,11,B/LEAD,4,1,61.68,38.32,25.0,62.1
FieldSize,Shepparton,1690,Mobile,TROTTERS,12,B/LEAD,5,1,85.4,14.6,20.0,17.1
FieldSize,Shepparton,1690,Mobile,TROTTERS,5,B/LEAD,1,0,22.73,-22.73,0.0,-100.0
FieldSize,Shepparton,1690,Mobile,TROTTERS,6,B/LEAD,7,2,141.43,58.57,28.6,41.4
FieldSize,Shepparton,1690,Mobile,TROTTERS,7,B/LEAD,8,1,126.65,-26.65,12.5,-21.0
FieldSize,Shepparton,1690,Mobile,TROTTERS,8,B/LEAD,19,2,213.69,-13.69,10.5,-6.4
FieldSize,Shepparton,1690,Mobile,TROTTERS,9,B/LEAD,20,3,195.78,104.22,15.0,53.2
FieldSize,Shepparton,1690,Mobile,TROTTERS,10,DEATH,25,6,408.28,191.72,24.0,47.0
FieldSize,Shepparton,1690,Mobile,TROTTERS,11,DEATH,4,0,22.85,-22.85,0.0,-100.0
FieldSize,Shepparton,1690,Mobile,TROTTERS,12,DEATH,5,1,54.7,45.3,20.0,82.8
FieldSize,Shepparton,1690,Mobile,TROTTERS,6,DEATH,4,0,104.02,-104.02,0.0,-100.0
FieldSize,Shepparton,1690,Mobile,TROTTERS,7,DEATH,11,2,209.68,-9.68,18.2,-4.6
FieldSize,Shepparton,1690,Mobile,TROTTERS,8,DEATH,17,3,308.3,-8.3,17.6,-2.7
FieldSize,Shepparton,1690,Mobile,TROTTERS,9,DEATH,19,2,348.69,-148.69,10.5,-42.6
FieldSize,Shepparton,1690,Mobile,TROTTERS,10,LEAD,26,7,644.27,55.73,26.9,8.7
FieldSize,Shepparton,1690,Mobile,TROTTERS,11,LEAD,4,3,237.07,62.93,75.0,26.5
FieldSize,Shepparton,1690,Mobile,TROTTERS,12,LEAD,4,1,64.17,35.83,25.0,55.8
FieldSize,Shepparton,1690,Mobile,TROTTERS,5,LEAD,1,0,31.25,-31.25,0.0,-100.0
FieldSize,Shepparton,1690,Mobile,TROTTERS,6,LEAD,7,3,300.24,-0.24,42.9,-0.1
FieldSize,Shepparton,1690,Mobile,TROTTERS,7,LEAD,10,4,265.91,134.09,40.0,50.4
FieldSize,Shepparton,1690,Mobile,TROTTERS,8,LEAD,18,4,465.0,-65.0,22.2,-14.0
FieldSize,Shepparton,1690,Mobile,TROTTERS,9,LEAD,20,8,469.3,330.7,40.0,70.5
FieldSize,Shepparton,2190,Mobile,PACERS,10,B/LEAD,151,20,1921.68,78.32,13.2,4.1
FieldSize,Shepparton,2190,Mobile,PACERS,11,B/LEAD,87,10,928.21,71.79,11.5,7.7
FieldSize,Shepparton,2190,Mobile,PACERS,12,B/LEAD,89,13,797.46,502.54,14.6,63.0
FieldSize,Shepparton,2190,Mobile,PACERS,4,B/LEAD,1,0,7.14,-7.14,0.0,-100.0
FieldSize,Shepparton,2190,Mobile,PACERS,5,B/LEAD,9,0,90.65,-90.65,0.0,-100.0
FieldSize,Shepparton,2190,Mobile,PACERS,6,B/LEAD,39,5,625.9,-125.9,12.8,-20.1
FieldSize,Shepparton,2190,Mobile,PACERS,7,B/LEAD,79,9,1104.6,-204.6,11.4,-18.5
FieldSize,Shepparton,2190,Mobile,PACERS,8,B/LEAD,135,14,2082.67,-682.67,10.4,-32.8
FieldSize,Shepparton,2190,Mobile,PACERS,9,B/LEAD,138,16,1708.14,-108.14,11.6,-6.3
FieldSize,Shepparton,2190,Mobile,PACERS,10,DEATH,148,16,2600.43,-1000.43,10.8,-38.5
FieldSize,Shepparton,2190,Mobile,PACERS,11,DEATH,87,16,1603.73,-3.73,18.4,-0.2
FieldSize,Shepparton,2190,Mobile,PACERS,12,DEATH,90,9,1147.19,-247.19,10.0,-21.5
FieldSize,Shepparton,2190,Mobile,PACERS,4,DEATH,1,0,25.0,-25.0,0.0,-100.0
FieldSize,Shepparton,2190,Mobile,PACERS,5,DEATH,5,0,193.02,-193.02,0.0,-100.0
FieldSize,Shepparton,2190,Mobile,PACERS,6,DEATH,31,7,940.06,-240.06,22.6,-25.5
FieldSize,Shepparton,2190,Mobile,PACERS,7,DEATH,74,7,1652.78,-952.78,9.5,-57.6
FieldSize,Shepparton,2190,Mobile,PACERS,8,DEATH,139,19,2562.01,-662.01,13.7,-25.8
FieldSize,Shepparton,2190,Mobile,PACERS,9,DEATH,137,14,2529.63,-1129.63,10.2,-44.7
FieldSize,Shepparton,2190,Mobile,PACERS,10,LEAD,151,61,4275.55,1824.45,40.4,42.7
FieldSize,Shepparton,2190,Mobile,PACERS,11,LEAD,88,31,2355.5,744.5,35.2,31.6
FieldSize,Shepparton,2190,Mobile,PACERS,12,LEAD,89,33,2505.33,794.67,37.1,31.7
FieldSize,Shepparton,2190,Mobile,PACERS,4,LEAD,1,1,74.07,25.93,100.0,35.0
FieldSize,Shepparton,2190,Mobile,PACERS,5,LEAD,9,7,360.2,339.8,77.8,94.3
FieldSize,Shepparton,2190,Mobile,PACERS,6,LEAD,39,16,1574.36,25.64,41.0,1.6
FieldSize,Shepparton,2190,Mobile,PACERS,7,LEAD,79,27,2626.25,73.75,34.2,2.8
FieldSize,Shepparton,2190,Mobile,PACERS,8,LEAD,136,43,3887.04,412.96,31.6,10.6
FieldSize,Shepparton,2190,Mobile,PACERS,9,LEAD,138,52,3801.65,1398.35,37.7,36.8
FieldSize,Shepparton,2190,Mobile,TROTTERS,10,B/LEAD,45,5,541.56,-41.56,11.1,-7.7
FieldSize,Shepparton,2190,Mobile,TROTTERS,11,B/LEAD,29,2,263.19,-63.19,6.9,-24.0
FieldSize,Shepparton,2190,Mobile,TROTTERS,12,B/LEAD,34,3,277.59,22.41,8.8,8.1
FieldSize,Shepparton,2190,Mobile,TROTTERS,5,B/LEAD,2,0,18.01,-18.01,0.0,-100.0
FieldSize,Shepparton,2190,Mobile,TROTTERS,6,B/LEAD,20,4,326.25,73.75,20.0,22.6
FieldSize,Shepparton,2190,Mobile,TROTTERS,7,B/LEAD,30,1,356.18,-256.18,3.3,-71.9
FieldSize,Shepparton,2190,Mobile,TROTTERS,8,B/LEAD,48,6,623.21,-23.21,12.5,-3.7
FieldSize,Shepparton,2190,Mobile,TROTTERS,9,B/LEAD,37,2,328.25,-128.25,5.4,-39.1
FieldSize,Shepparton,2190,Mobile,TROTTERS,10,DEATH,44,6,811.82,-211.82,13.6,-26.1
FieldSize,Shepparton,2190,Mobile,TROTTERS,11,DEATH,28,5,441.58,58.42,17.9,13.2
FieldSize,Shepparton,2190,Mobile,TROTTERS,12,DEATH,35,2,458.72,-258.72,5.7,-56.4
FieldSize,Shepparton,2190,Mobile,TROTTERS,5,DEATH,2,1,63.05,36.95,50.0,58.6
FieldSize,Shepparton,2190,Mobile,TROTTERS,6,DEATH,11,2,377.11,-177.11,18.2,-47.0
FieldSize,Shepparton,2190,Mobile,TROTTERS,7,DEATH,26,11,627.57,472.43,42.3,75.3
FieldSize,Shepparton,2190,Mobile,TROTTERS,8,DEATH,46,5,986.23,-486.23,10.9,-49.3
FieldSize,Shepparton,2190,Mobile,TROTTERS,9,DEATH,37,5,809.87,-309.87,13.5,-38.3
FieldSize,Shepparton,2190,Mobile,TROTTERS,10,LEAD,44,10,998.84,1.16,22.7,0.1
FieldSize,Shepparton,2190,Mobile,TROTTERS,11,LEAD,28,10,771.87,228.13,35.7,29.6
FieldSize,Shepparton,2190,Mobile,TROTTERS,12,LEAD,34,10,675.39,324.61,29.4,48.1
FieldSize,Shepparton,2190,Mobile,TROTTERS,5,LEAD,2,1,54.54,45.46,50.0,83.4
FieldSize,Shepparton,2190,Mobile,TROTTERS,6,LEAD,20,11,883.75,216.25,55.0,24.5
FieldSize,Shepparton,2190,Mobile,TROTTERS,7,LEAD,31,12,1091.72,108.28,38.7,9.9
FieldSize,Shepparton,2190,Mobile,TROTTERS,8,LEAD,49,20,1531.22,468.78,40.8,30.6
FieldSize,Shepparton,2190,Mobile,TROTTERS,9,LEAD,36,16,1112.53,487.47,44.4,43.8
FieldSize,Shepparton,2190,Stand,TROTTERS,10,B/LEAD,6,0,46.57,-46.57,0.0,-100.0
FieldSize,Shepparton,2190,Stand,TROTTERS,11,B/LEAD,6,0,103.06,-103.06,0.0,-100.0
FieldSize,Shepparton,2190,Stand,TROTTERS,12,B/LEAD,12,1,63.46,36.54,8.3,57.6
FieldSize,Shepparton,2190,Stand,TROTTERS,6,B/LEAD,7,1,82.93,17.07,14.3,20.6
FieldSize,Shepparton,2190,Stand,TROTTERS,7,B/LEAD,10,2,203.98,-3.98,20.0,-2.0
FieldSize,Shepparton,2190,Stand,TROTTERS,8,B/LEAD,14,0,109.47,-109.47,0.0,-100.0
FieldSize,Shepparton,2190,Stand,TROTTERS,9,B/LEAD,15,3,158.32,141.68,20.0,89.5
FieldSize,Shepparton,2190,Stand,TROTTERS,10,DEATH,6,3,172.73,127.27,50.0,73.7
FieldSize,Shepparton,2190,Stand,TROTTERS,11,DEATH,6,0,80.35,-80.35,0.0,-100.0
FieldSize,Shepparton,2190,Stand,TROTTERS,12,DEATH,12,3,228.29,71.71,25.0,31.4
FieldSize,Shepparton,2190,Stand,TROTTERS,6,DEATH,4,3,211.5,88.5,75.0,41.8
FieldSize,Shepparton,2190,Stand,TROTTERS,7,DEATH,5,1,138.18,-38.18,20.0,-27.6
FieldSize,Shepparton,2190,Stand,TROTTERS,8,DEATH,7,2,115.11,84.89,28.6,73.7
FieldSize,Shepparton,2190,Stand,TROTTERS,9,DEATH,15,1,281.15,-181.15,6.7,-64.4
FieldSize,Shepparton,2190,Stand,TROTTERS,10,LEAD,6,1,94.17,5.83,16.7,6.2
FieldSize,Shepparton,2190,Stand,TROTTERS,11,LEAD,6,1,87.63,12.37,16.7,14.1
FieldSize,Shepparton,2190,Stand,TROTTERS,12,LEAD,12,2,246.79,-46.79,16.7,-19.0
FieldSize,Shepparton,2190,Stand,TROTTERS,6,LEAD,7,1,147.93,-47.93,14.3,-32.4
FieldSize,Shepparton,2190,Stand,TROTTERS,7,LEAD,10,3,186.61,113.39,30.0,60.8
FieldSize,Shepparton,2190,Stand,TROTTERS,8,LEAD,13,4,350.84,49.16,30.8,14.0
FieldSize,Shepparton,2190,Stand,TROTTERS,9,LEAD,15,5,370.06,129.94,33.3,35.1
FieldSize,Shepparton,2690,Mobile,PACERS,10,B/LEAD,1,1,43.48,56.52,100.0,130.0
FieldSize,Shepparton,2690,Mobile,PACERS,11,B/LEAD,1,0,51.28,-51.28,0.0,-100.0
FieldSize,Shepparton,2690,Mobile,PACERS,12,B/LEAD,2,1,39.98,60.02,50.0,150.1
FieldSize,Shepparton,2690,Mobile,PACERS,5,B/LEAD,1,0,62.5,-62.5,0.0,-100.0
FieldSize,Shepparton,2690,Mobile,PACERS,7,B/LEAD,1,0,2.09,-2.09,0.0,-100.0
FieldSize,Shepparton,2690,Mobile,PACERS,8,B/LEAD,1,0,20.0,-20.0,0.0,-100.0
FieldSize,Shepparton,2690,Mobile,PACERS,9,B/LEAD,1,0,5.88,-5.88,0.0,-100.0
FieldSize,Shepparton,2690,Mobile,PACERS,10,DEATH,1,0,16.67,-16.67,0.0,-100.0
FieldSize,Shepparton,2690,Mobile,PACERS,11,DEATH,1,0,15.38,-15.38,0.0,-100.0
FieldSize,Shepparton,2690,Mobile,PACERS,12,DEATH,1,0,18.18,-18.18,0.0,-100.0
FieldSize,Shepparton,2690,Mobile,PACERS,5,DEATH,1,0,0.79,-0.79,0.0,-100.0
FieldSize,Shepparton,2690,Mobile,PACERS,8,DEATH,1,1,18.18,81.82,100.0,450.1
FieldSize,Shepparton,2690,Mobile,PACERS,9,DEATH,1,0,16.67,-16.67,0.0,-100.0
FieldSize,Shepparton,2690,Mobile,PACERS,10,LEAD,1,0,18.18,-18.18,0.0,-100.0
FieldSize,Shepparton,2690,Mobile,PACERS,11,LEAD,1,1,27.78,72.22,100.0,260.0
FieldSize,Shepparton,2690,Mobile,PACERS,12,LEAD,2,1,26.09,73.91,50.0,283.3
FieldSize,Shepparton,2690,Mobile,PACERS,5,LEAD,1,1,47.62,52.38,100.0,110.0
FieldSize,Shepparton,2690,Mobile,PACERS,7,LEAD,1,1,96.15,3.85,100.0,4.0
FieldSize,Shepparton,2690,Mobile,PACERS,8,LEAD,1,0,11.76,-11.76,0.0,-100.0
FieldSize,Shepparton,2690,Mobile,PACERS,9,LEAD,1,1,18.18,81.82,100.0,450.1
FieldSize,Shepparton,2690,Mobile,TROTTERS,6,B/LEAD,1,0,0.66,-0.66,0.0,-100.0
FieldSize,Shepparton,2690,Mobile,TROTTERS,6,DEATH,1,0,64.52,-64.52,0.0,-100.0
FieldSize,Shepparton,2690,Mobile,TROTTERS,6,LEAD,1,1,43.48,56.52,100.0,130.0
FieldSize,Shepparton,2690,Stand,TROTTERS,10,B/LEAD,2,0,13.23,-13.23,0.0,-100.0
FieldSize,Shepparton,2690,Stand,TROTTERS,5,B/LEAD,1,0,12.5,-12.5,0.0,-100.0
FieldSize,Shepparton,2690,Stand,TROTTERS,9,B/LEAD,1,1,23.81,76.19,100.0,320.0
FieldSize,Shepparton,2690,Stand,TROTTERS,10,DEATH,3,0,34.22,-34.22,0.0,-100.0
FieldSize,Shepparton,2690,Stand,TROTTERS,5,DEATH,1,0,2.94,-2.94,0.0,-100.0
FieldSize,Shepparton,2690,Stand,TROTTERS,9,DEATH,1,0,23.81,-23.81,0.0,-100.0
FieldSize,Shepparton,2690,Stand,TROTTERS,10,LEAD,2,1,7.9,92.1,50.0,1165.8
FieldSize,Shepparton,2690,Stand,TROTTERS,5,LEAD,1,1,31.25,68.75,100.0,220.0
FieldSize,Shepparton,2690,Stand,TROTTERS,9,LEAD,1,0,30.3,-30.3,0.0,-100.0
FieldSize,South Australia,1100,Mobile,PACERS,6,B/LEAD,2,1,61.48,38.52,50.0,62.7
FieldSize,South Australia,1100,Mobile,PACERS,6,DEATH,2,0,10.63,-10.63,0.0,-100.0
FieldSize,South Australia,1100,Mobile,PACERS,6,LEAD,2,0,73.23,-73.23,0.0,-100.0
FieldSize,South Australia,1609,Mobile,PACERS,5,B/LEAD,5,0,82.31,-82.31,0.0,-100.0
FieldSize,South Australia,1609,Mobile,PACERS,6,B/LEAD,16,3,223.21,76.79,18.8,34.4
FieldSize,South Australia,1609,Mobile,PACERS,7,B/LEAD,21,4,297.94,102.06,19.0,34.3
FieldSize,South Australia,1609,Mobile,PACERS,8,B/LEAD,17,3,182.53,117.47,17.6,64.4
FieldSize,South Australia,1609,Mobile,PACERS,9,B/LEAD,9,3,114.41,185.59,33.3,162.2
FieldSize,South Australia,1609,Mobile,PACERS,5,DEATH,4,1,101.54,-1.54,25.0,-1.5
FieldSize,South Australia,1609,Mobile,PACERS,6,DEATH,16,3,495.49,-195.49,18.8,-39.5
FieldSize,South Australia,1609,Mobile,PACERS,7,DEATH,21,3,400.97,-100.97,14.3,-25.2
FieldSize,South Australia,1609,Mobile,PACERS,8,DEATH,17,3,315.36,-15.36,17.6,-4.9
FieldSize,South Australia,1609,Mobile,PACERS,9,DEATH,9,2,86.01,113.99,22.2,132.5
FieldSize,South Australia,1609,Mobile,PACERS,5,LEAD,5,3,190.47,109.53,60.0,57.5
FieldSize,South Australia,1609,Mobile,PACERS,6,LEAD,16,6,405.44,194.56,37.5,48.0
FieldSize,South Australia,1609,Mobile,PACERS,7,LEAD,21,6,642.82,-42.82,28.6,-6.7
FieldSize,South Australia,1609,Mobile,PACERS,8,LEAD,17,4,335.63,64.37,23.5,19.2
FieldSize,South Australia,1609,Mobile,PACERS,9,LEAD,9,0,201.77,-201.77,0.0,-100.0
FieldSize,South Australia,1780,Mobile,PACERS,4,B/LEAD,1,0,20.0,-20.0,0.0,-100.0
FieldSize,South Australia,1780,Mobile,PACERS,5,B/LEAD,10,1,88.85,11.15,10.0,12.5
FieldSize,South Australia,1780,Mobile,PACERS,6,B/LEAD,14,2,239.25,-39.25,14.3,-16.4
FieldSize,South Australia,1780,Mobile,PACERS,7,B/LEAD,11,3,144.03,155.97,27.3,108.3
FieldSize,South Australia,1780,Mobile,PACERS,8,B/LEAD,25,3,355.83,-55.83,12.0,-15.7
FieldSize,South Australia,1780,Mobile,PACERS,9,B/LEAD,8,2,62.99,137.01,25.0,217.5
FieldSize,South Australia,1780,Mobile,PACERS,4,DEATH,1,1,37.04,62.96,100.0,170.0
FieldSize,South Australia,1780,Mobile,PACERS,5,DEATH,7,2,313.92,-113.92,28.6,-36.3
FieldSize,South Australia,1780,Mobile,PACERS,6,DEATH,15,3,427.8,-127.8,20.0,-29.9
FieldSize,South Australia,1780,Mobile,PACERS,7,DEATH,10,0,233.21,-233.21,0.0,-100.0
FieldSize,South Australia,1780,Mobile,PACERS,8,DEATH,24,3,553.47,-253.47,12.5,-45.8
FieldSize,South Australia,1780,Mobile,PACERS,9,DEATH,8,1,215.67,-115.67,12.5,-53.6
FieldSize,South Australia,1780,Mobile,PACERS,4,LEAD,1,0,13.33,-13.33,0.0,-100.0
FieldSize,South Australia,1780,Mobile,PACERS,5,LEAD,9,5,409.4,90.6,55.6,22.1
FieldSize,South Australia,1780,Mobile,PACERS,6,LEAD,15,8,427.58,372.42,53.3,87.1
FieldSize,South Australia,1780,Mobile,PACERS,7,LEAD,10,5,299.04,200.96,50.0,67.2
FieldSize,South Australia,1780,Mobile,PACERS,8,LEAD,24,9,583.74,316.26,37.5,54.2
FieldSize,South Australia,1780,Mobile,PACERS,9,LEAD,8,3,206.02,93.98,37.5,45.6
FieldSize,South Australia,2050,Mobile,PACERS,5,B/LEAD,2,0,95.24,-95.24,0.0,-100.0
FieldSize,South Australia,2050,Mobile,PACERS,6,B/LEAD,7,1,87.22,12.78,14.3,14.7
FieldSize,South Australia,2050,Mobile,PACERS,7,B/LEAD,6,0,53.37,-53.37,0.0,-100.0
FieldSize,South Australia,2050,Mobile,PACERS,8,B/LEAD,2,1,40.83,59.17,50.0,144.9
FieldSize,South Australia,2050,Mobile,PACERS,9,B/LEAD,5,0,57.73,-57.73,0.0,-100.0
FieldSize,South Australia,2050,Mobile,PACERS,5,DEATH,1,0,2.22,-2.22,0.0,-100.0
FieldSize,South Australia,2050,Mobile,PACERS,6,DEATH,7,0,263.53,-263.53,0.0,-100.0
FieldSize,South Australia,2050,Mobile,PACERS,7,DEATH,6,1,106.78,-6.78,16.7,-6.3
FieldSize,South Australia,2050,Mobile,PACERS,8,DEATH,2,1,48.99,51.01,50.0,104.1
FieldSize,South Australia,2050,Mobile,PACERS,9,DEATH,5,0,116.49,-116.49,0.0,-100.0
FieldSize,South Australia,2050,Mobile,PACERS,5,LEAD,2,0,54.06,-54.06,0.0,-100.0
FieldSize,South Australia,2050,Mobile,PACERS,6,LEAD,7,2,130.28,69.72,28.6,53.5
FieldSize,South Australia,2050,Mobile,PACERS,7,LEAD,6,3,244.69,55.31,50.0,22.6
FieldSize,South Australia,2050,Mobile,PACERS,8,LEAD,2,0,46.13,-46.13,0.0,-100.0
FieldSize,South Australia,2050,Mobile,PACERS,9,LEAD,5,3,112.95,187.05,60.0,165.6
FieldSize,South Australia,2050,Stand,TROTTERS,11,B/LEAD,1,0,3.01,-3.01,0.0,-100.0
FieldSize,South Australia,2050,Stand,TROTTERS,11,DEATH,1,1,27.03,72.97,100.0,270.0
FieldSize,South Australia,2050,Stand,TROTTERS,11,LEAD,1,0,17.54,-17.54,0.0,-100.0
FieldSize,South Australia,2190,Mobile,PACERS,5,B/LEAD,5,0,85.55,-85.55,0.0,-100.0
FieldSize,South Australia,2190,Mobile,PACERS,6,B/LEAD,3,1,31.93,68.07,33.3,213.2
FieldSize,South Australia,2190,Mobile,PACERS,7,B/LEAD,3,0,64.99,-64.99,0.0,-100.0
FieldSize,South Australia,2190,Mobile,PACERS,8,B/LEAD,1,0,22.73,-22.73,0.0,-100.0
FieldSize,South Australia,2190,Mobile,PACERS,9,B/LEAD,2,1,24.76,75.24,50.0,303.9
FieldSize,South Australia,2190,Mobile,PACERS,5,DEATH,5,2,116.45,83.55,40.0,71.7
FieldSize,South Australia,2190,Mobile,PACERS,6,DEATH,3,0,88.18,-88.18,0.0,-100.0
FieldSize,South Australia,2190,Mobile,PACERS,7,DEATH,3,0,81.71,-81.71,0.0,-100.0
FieldSize,South Australia,2190,Mobile,PACERS,8,DEATH,1,0,14.29,-14.29,0.0,-100.0
FieldSize,South Australia,2190,Mobile,PACERS,9,DEATH,2,0,51.09,-51.09,0.0,-100.0
FieldSize,South Australia,2190,Mobile,PACERS,5,LEAD,5,1,119.7,-19.7,20.0,-16.5
FieldSize,South Australia,2190,Mobile,PACERS,6,LEAD,3,1,123.24,-23.24,33.3,-18.9
FieldSize,South Australia,2190,Mobile,PACERS,7,LEAD,3,3,76.51,223.49,100.0,292.1
FieldSize,South Australia,2190,Mobile,PACERS,8,LEAD,1,1,71.43,28.57,100.0,40.0
FieldSize,South Australia,2190,Mobile,PACERS,9,LEAD,2,0,51.47,-51.47,0.0,-100.0
FieldSize,South Australia,2530,Mobile,PACERS,6,B/LEAD,1,0,4.88,-4.88,0.0,-100.0
FieldSize,South Australia,2530,Mobile,PACERS,6,DEATH,1,0,9.09,-9.09,0.0,-100.0
FieldSize,South Australia,2530,Mobile,PACERS,6,LEAD,1,1,58.82,41.18,100.0,70.0
FieldSize,South Australia,2580,Stand,TROTTERS,6,B/LEAD,1,1,14.29,85.71,100.0,599.8
FieldSize,South Australia,2580,Stand,TROTTERS,6,DEATH,1,0,10.0,-10.0,0.0,-100.0
FieldSize,South Australia,2580,Stand,TROTTERS,6,LEAD,1,0,20.0,-20.0,0.0,-100.0
FieldSize,South Australia,2590,Mobile,PACERS,8,B/LEAD,1,0,23.81,-23.81,0.0,-100.0
FieldSize,South Australia,2590,Mobile,PACERS,9,B/LEAD,1,0,9.09,-9.09,0.0,-100.0
FieldSize,South Australia,2590,Mobile,PACERS,8,DEATH,1,0,14.29,-14.29,0.0,-100.0
FieldSize,South Australia,2590,Mobile,PACERS,9,DEATH,1,0,12.5,-12.5,0.0,-100.0
FieldSize,South Australia,2590,Mobile,PACERS,8,LEAD,1,0,2.94,-2.94,0.0,-100.0
FieldSize,South Australia,2590,Mobile,PACERS,9,LEAD,1,1,68.97,31.03,100.0,45.0
FieldSize,St Arnaud,1740,Mobile,PACERS,10,B/LEAD,6,1,88.71,11.29,16.7,12.7
FieldSize,St Arnaud,1740,Mobile,PACERS,11,B/LEAD,1,0,22.22,-22.22,0.0,-100.0
FieldSize,St Arnaud,1740,Mobile,PACERS,5,B/LEAD,2,1,58.58,41.42,50.0,70.7
FieldSize,St Arnaud,1740,Mobile,PACERS,6,B/LEAD,2,1,42.42,57.58,50.0,135.7
FieldSize,St Arnaud,1740,Mobile,PACERS,7,B/LEAD,4,0,57.53,-57.53,0.0,-100.0
FieldSize,St Arnaud,1740,Mobile,PACERS,8,B/LEAD,2,0,18.64,-18.64,0.0,-100.0
FieldSize,St Arnaud,1740,Mobile,PACERS,9,B/LEAD,4,0,77.15,-77.15,0.0,-100.0
FieldSize,St Arnaud,1740,Mobile,PACERS,10,DEATH,6,0,129.11,-129.11,0.0,-100.0
FieldSize,St Arnaud,1740,Mobile,PACERS,11,DEATH,1,0,2.94,-2.94,0.0,-100.0
FieldSize,St Arnaud,1740,Mobile,PACERS,5,DEATH,2,0,64.31,-64.31,0.0,-100.0
FieldSize,St Arnaud,1740,Mobile,PACERS,6,DEATH,2,0,39.4,-39.4,0.0,-100.0
FieldSize,St Arnaud,1740,Mobile,PACERS,7,DEATH,4,2,101.42,98.58,50.0,97.2
FieldSize,St Arnaud,1740,Mobile,PACERS,8,DEATH,2,2,73.74,126.26,100.0,171.2
FieldSize,St Arnaud,1740,Mobile,PACERS,9,DEATH,4,0,52.0,-52.0,0.0,-100.0
FieldSize,St Arnaud,1740,Mobile,PACERS,10,LEAD,6,3,176.98,123.02,50.0,69.5
FieldSize,St Arnaud,1740,Mobile,PACERS,11,LEAD,1,1,52.63,47.37,100.0,90.0
FieldSize,St Arnaud,1740,Mobile,PACERS,5,LEAD,2,1,72.23,27.77,50.0,38.4
FieldSize,St Arnaud,1740,Mobile,PACERS,6,LEAD,2,1,86.08,13.92,50.0,16.2
FieldSize,St Arnaud,1740,Mobile,PACERS,7,LEAD,4,1,102.42,-2.42,25.0,-2.4
FieldSize,St Arnaud,1740,Mobile,PACERS,8,LEAD,2,0,39.53,-39.53,0.0,-100.0
FieldSize,St Arnaud,1740,Mobile,PACERS,9,LEAD,4,2,117.45,82.55,50.0,70.3
FieldSize,St Arnaud,1740,Mobile,TROTTERS,9,B/LEAD,1,1,45.45,54.55,100.0,120.0
FieldSize,St Arnaud,1740,Mobile,TROTTERS,9,DEATH,1,0,14.29,-14.29,0.0,-100.0
FieldSize,St Arnaud,1740,Mobile,TROTTERS,9,LEAD,1,0,13.33,-13.33,0.0,-100.0
FieldSize,St Arnaud,2120,Stand,TROTTERS,10,B/LEAD,1,0,1.96,-1.96,0.0,-100.0
FieldSize,St Arnaud,2120,Stand,TROTTERS,12,B/LEAD,3,0,23.14,-23.14,0.0,-100.0
FieldSize,St Arnaud,2120,Stand,TROTTERS,6,B/LEAD,1,0,29.41,-29.41,0.0,-100.0
FieldSize,St Arnaud,2120,Stand,TROTTERS,10,DEATH,1,1,22.73,77.27,100.0,339.9
FieldSize,St Arnaud,2120,Stand,TROTTERS,12,DEATH,3,0,84.34,-84.34,0.0,-100.0
FieldSize,St Arnaud,2120,Stand,TROTTERS,6,DEATH,1,1,20.0,80.0,100.0,400.0
FieldSize,St Arnaud,2120,Stand,TROTTERS,10,LEAD,1,0,15.38,-15.38,0.0,-100.0
FieldSize,St Arnaud,2120,Stand,TROTTERS,12,LEAD,3,1,39.86,60.14,33.3,150.9
FieldSize,St Arnaud,2120,Stand,TROTTERS,6,LEAD,1,0,10.0,-10.0,0.0,-100.0
FieldSize,St Arnaud,2150,Mobile,PACERS,10,B/LEAD,8,1,82.33,17.67,12.5,21.5
FieldSize,St Arnaud,2150,Mobile,PACERS,11,B/LEAD,1,1,18.18,81.82,100.0,450.1
FieldSize,St Arnaud,2150,Mobile,PACERS,4,B/LEAD,1,0,18.18,-18.18,0.0,-100.0
FieldSize,St Arnaud,2150,Mobile,PACERS,6,B/LEAD,1,0,35.71,-35.71,0.0,-100.0
FieldSize,St Arnaud,2150,Mobile,PACERS,7,B/LEAD,5,1,97.5,2.5,20.0,2.6
FieldSize,St Arnaud,2150,Mobile,PACERS,8,B/LEAD,1,0,16.67,-16.67,0.0,-100.0
FieldSize,St Arnaud,2150,Mobile,PACERS,9,B/LEAD,1,1,18.18,81.82,100.0,450.1
FieldSize,St Arnaud,2150,Mobile,PACERS,10,DEATH,8,0,142.99,-142.99,0.0,-100.0
FieldSize,St Arnaud,2150,Mobile,PACERS,11,DEATH,1,0,25.64,-25.64,0.0,-100.0
FieldSize,St Arnaud,2150,Mobile,PACERS,4,DEATH,1,0,32.26,-32.26,0.0,-100.0
FieldSize,St Arnaud,2150,Mobile,PACERS,6,DEATH,1,0,4.76,-4.76,0.0,-100.0
FieldSize,St Arnaud,2150,Mobile,PACERS,7,DEATH,5,2,128.58,71.42,40.0,55.5
FieldSize,St Arnaud,2150,Mobile,PACERS,8,DEATH,1,0,11.11,-11.11,0.0,-100.0
FieldSize,St Arnaud,2150,Mobile,PACERS,9,DEATH,1,0,18.18,-18.18,0.0,-100.0
FieldSize,St Arnaud,2150,Mobile,PACERS,10,LEAD,8,6,196.99,403.01,75.0,204.6
FieldSize,St Arnaud,2150,Mobile,PACERS,11,LEAD,1,0,16.67,-16.67,0.0,-100.0
FieldSize,St Arnaud,2150,Mobile,PACERS,4,LEAD,1,1,74.07,25.93,100.0,35.0
FieldSize,St Arnaud,2150,Mobile,PACERS,6,LEAD,1,1,26.32,73.68,100.0,279.9
FieldSize,St Arnaud,2150,Mobile,PACERS,7,LEAD,4,0,104.75,-104.75,0.0,-100.0
FieldSize,St Arnaud,2150,Mobile,PACERS,8,LEAD,1,0,14.29,-14.29,0.0,-100.0
FieldSize,St Arnaud,2150,Mobile,PACERS,9,LEAD,1,0,10.53,-10.53,0.0,-100.0
FieldSize,St Arnaud,2150,Mobile,TROTTERS,10,B/LEAD,1,0,4.35,-4.35,0.0,-100.0
FieldSize,St Arnaud,2150,Mobile,TROTTERS,10,DEATH,1,0,13.33,-13.33,0.0,-100.0
FieldSize,St Arnaud,2150,Mobile,TROTTERS,10,LEAD,1,1,60.61,39.39,100.0,65.0
FieldSize,St Arnaud,2520,Stand,TROTTERS,10,B/LEAD,1,0,2.94,-2.94,0.0,-100.0
FieldSize,St Arnaud,2520,Stand,TROTTERS,11,B/LEAD,2,0,41.91,-41.91,0.0,-100.0
FieldSize,St Arnaud,2520,Stand,TROTTERS,12,B/LEAD,1,0,3.85,-3.85,0.0,-100.0
FieldSize,St Arnaud,2520,Stand,TROTTERS,8,B/LEAD,1,0,10.0,-10.0,0.0,-100.0
FieldSize,St Arnaud,2520,Stand,TROTTERS,10,DEATH,1,0,27.78,-27.78,0.0,-100.0
FieldSize,St Arnaud,2520,Stand,TROTTERS,11,DEATH,2,0,26.25,-26.25,0.0,-100.0
FieldSize,St Arnaud,2520,Stand,TROTTERS,12,DEATH,1,0,2.44,-2.44,0.0,-100.0
FieldSize,St Arnaud,2520,Stand,TROTTERS,8,DEATH,1,0,20.0,-20.0,0.0,-100.0
FieldSize,St Arnaud,2520,Stand,TROTTERS,10,LEAD,1,1,18.18,81.82,100.0,450.1
FieldSize,St Arnaud,2520,Stand,TROTTERS,11,LEAD,2,2,58.08,141.92,100.0,244.4
FieldSize,St Arnaud,2520,Stand,TROTTERS,12,LEAD,1,1,20.0,80.0,100.0,400.0
FieldSize,St Arnaud,2520,Stand,TROTTERS,8,LEAD,1,1,25.0,75.0,100.0,300.0
FieldSize,Stawell,1785,Mobile,PACERS,10,B/LEAD,45,9,792.27,107.73,20.0,13.6
FieldSize,Stawell,1785,Mobile,PACERS,11,B/LEAD,5,0,11.98,-11.98,0.0,-100.0
FieldSize,Stawell,1785,Mobile,PACERS,5,B/LEAD,1,0,11.76,-11.76,0.0,-100.0
FieldSize,Stawell,1785,Mobile,PACERS,6,B/LEAD,11,3,135.05,164.95,27.3,122.1
FieldSize,Stawell,1785,Mobile,PACERS,7,B/LEAD,18,3,202.44,97.56,16.7,48.2
FieldSize,Stawell,1785,Mobile,PACERS,8,B/LEAD,27,5,392.33,107.67,18.5,27.4
FieldSize,Stawell,1785,Mobile,PACERS,9,B/LEAD,43,4,504.78,-104.78,9.3,-20.8
FieldSize,Stawell,1785,Mobile,PACERS,10,DEATH,45,7,734.83,-34.83,15.6,-4.7
FieldSize,Stawell,1785,Mobile,PACERS,11,DEATH,5,1,149.99,-49.99,20.0,-33.3
FieldSize,Stawell,1785,Mobile,PACERS,5,DEATH,1,0,18.18,-18.18,0.0,-100.0
FieldSize,Stawell,1785,Mobile,PACERS,6,DEATH,10,0,342.3,-342.3,0.0,-100.0
FieldSize,Stawell,1785,Mobile,PACERS,7,DEATH,18,6,643.35,-43.35,33.3,-6.7
FieldSize,Stawell,1785,Mobile,PACERS,8,DEATH,28,5,527.25,-27.25,17.9,-5.2
FieldSize,Stawell,1785,Mobile,PACERS,9,DEATH,43,7,778.45,-78.45,16.3,-10.1
FieldSize,Stawell,1785,Mobile,PACERS,10,LEAD,45,16,1344.99,255.01,35.6,19.0
FieldSize,Stawell,1785,Mobile,PACERS,11,LEAD,5,1,130.57,-30.57,20.0,-23.4
FieldSize,Stawell,1785,Mobile,PACERS,5,LEAD,1,1,66.67,33.33,100.0,50.0
FieldSize,Stawell,1785,Mobile,PACERS,6,LEAD,11,6,290.99,309.01,54.5,106.2
FieldSize,Stawell,1785,Mobile,PACERS,7,LEAD,18,5,423.08,76.92,27.8,18.2
FieldSize,Stawell,1785,Mobile,PACERS,8,LEAD,28,15,904.64,595.36,53.6,65.8
FieldSize,Stawell,1785,Mobile,PACERS,9,LEAD,43,22,1377.6,822.4,51.2,59.7
FieldSize,Stawell,1785,Mobile,TROTTERS,7,B/LEAD,2,0,16.66,-16.66,0.0,-100.0
FieldSize,Stawell,1785,Mobile,TROTTERS,9,B/LEAD,1,1,43.48,56.52,100.0,130.0
FieldSize,Stawell,1785,Mobile,TROTTERS,7,DEATH,2,0,43.7,-43.7,0.0,-100.0
FieldSize,Stawell,1785,Mobile,TROTTERS,9,DEATH,1,0,2.44,-2.44,0.0,-100.0
FieldSize,Stawell,1785,Mobile,TROTTERS,7,LEAD,2,2,96.73,103.27,100.0,106.8
FieldSize,Stawell,1785,Mobile,TROTTERS,9,LEAD,1,0,20.0,-20.0,0.0,-100.0
FieldSize,Stawell,2180,Mobile,PACERS,10,B/LEAD,44,3,477.31,-177.31,6.8,-37.1
FieldSize,Stawell,2180,Mobile,PACERS,11,B/LEAD,3,0,23.04,-23.04,0.0,-100.0
FieldSize,Stawell,2180,Mobile,PACERS,4,B/LEAD,1,0,2.94,-2.94,0.0,-100.0
FieldSize,Stawell,2180,Mobile,PACERS,5,B/LEAD,5,2,98.25,101.75,40.0,103.6
FieldSize,Stawell,2180,Mobile,PACERS,6,B/LEAD,11,3,172.83,127.17,27.3,73.6
FieldSize,Stawell,2180,Mobile,PACERS,7,B/LEAD,30,6,367.68,232.32,20.0,63.2
FieldSize,Stawell,2180,Mobile,PACERS,8,B/LEAD,27,7,551.13,148.87,25.9,27.0
FieldSize,Stawell,2180,Mobile,PACERS,9,B/LEAD,26,3,429.41,-129.41,11.5,-30.1
FieldSize,Stawell,2180,Mobile,PACERS,10,DEATH,45,8,886.98,-86.98,17.8,-9.8
FieldSize,Stawell,2180,Mobile,PACERS,11,DEATH,3,1,47.12,52.88,33.3,112.2
FieldSize,Stawell,2180,Mobile,PACERS,4,DEATH,1,0,25.0,-25.0,0.0,-100.0
FieldSize,Stawell,2180,Mobile,PACERS,5,DEATH,5,1,218.32,-118.32,20.0,-54.2
FieldSize,Stawell,2180,Mobile,PACERS,6,DEATH,11,2,323.62,-123.62,18.2,-38.2
FieldSize,Stawell,2180,Mobile,PACERS,7,DEATH,30,2,811.2,-611.2,6.7,-75.3
FieldSize,Stawell,2180,Mobile,PACERS,8,DEATH,27,2,508.43,-308.43,7.4,-60.7
FieldSize,Stawell,2180,Mobile,PACERS,9,DEATH,26,3,419.58,-119.58,11.5,-28.5
FieldSize,Stawell,2180,Mobile,PACERS,10,LEAD,44,18,1211.98,588.02,40.9,48.5
FieldSize,Stawell,2180,Mobile,PACERS,11,LEAD,3,2,87.27,112.73,66.7,129.2
FieldSize,Stawell,2180,Mobile,PACERS,4,LEAD,1,1,66.67,33.33,100.0,50.0
FieldSize,Stawell,2180,Mobile,PACERS,5,LEAD,5,2,166.75,33.25,40.0,19.9
FieldSize,Stawell,2180,Mobile,PACERS,6,LEAD,11,3,383.85,-83.85,27.3,-21.8
FieldSize,Stawell,2180,Mobile,PACERS,7,LEAD,30,15,1057.12,442.88,50.0,41.9
FieldSize,Stawell,2180,Mobile,PACERS,8,LEAD,27,9,569.36,330.64,33.3,58.1
FieldSize,Stawell,2180,Mobile,PACERS,9,LEAD,26,10,784.3,215.7,38.5,27.5
FieldSize,Stawell,2180,Mobile,TROTTERS,10,B/LEAD,7,0,73.51,-73.51,0.0,-100.0
FieldSize,Stawell,2180,Mobile,TROTTERS,11,B/LEAD,1,0,16.67,-16.67,0.0,-100.0
FieldSize,Stawell,2180,Mobile,TROTTERS,5,B/LEAD,2,0,18.33,-18.33,0.0,-100.0
FieldSize,Stawell,2180,Mobile,TROTTERS,6,B/LEAD,3,0,35.28,-35.28,0.0,-100.0
FieldSize,Stawell,2180,Mobile,TROTTERS,7,B/LEAD,9,2,140.76,59.24,22.2,42.1
FieldSize,Stawell,2180,Mobile,TROTTERS,8,B/LEAD,13,4,275.3,124.7,30.8,45.3
FieldSize,Stawell,2180,Mobile,TROTTERS,9,B/LEAD,10,3,125.67,174.33,30.0,138.7
FieldSize,Stawell,2180,Mobile,TROTTERS,10,DEATH,7,1,140.24,-40.24,14.3,-28.7
FieldSize,Stawell,2180,Mobile,TROTTERS,11,DEATH,1,1,27.03,72.97,100.0,270.0
FieldSize,Stawell,2180,Mobile,TROTTERS,5,DEATH,2,2,109.09,90.91,100.0,83.3
FieldSize,Stawell,2180,Mobile,TROTTERS,6,DEATH,2,1,87.18,12.82,50.0,14.7
FieldSize,Stawell,2180,Mobile,TROTTERS,7,DEATH,9,0,159.09,-159.09,0.0,-100.0
FieldSize,Stawell,2180,Mobile,TROTTERS,8,DEATH,12,2,212.81,-12.81,16.7,-6.0
FieldSize,Stawell,2180,Mobile,TROTTERS,9,DEATH,10,1,226.24,-126.24,10.0,-55.8
FieldSize,Stawell,2180,Mobile,TROTTERS,10,LEAD,7,2,135.74,64.26,28.6,47.3
FieldSize,Stawell,2180,Mobile,TROTTERS,11,LEAD,1,0,26.32,-26.32,0.0,-100.0
FieldSize,Stawell,2180,Mobile,TROTTERS,5,LEAD,2,0,72.02,-72.02,0.0,-100.0
FieldSize,Stawell,2180,Mobile,TROTTERS,6,LEAD,3,2,64.19,135.81,66.7,211.6
FieldSize,Stawell,2180,Mobile,TROTTERS,7,LEAD,9,5,245.95,254.05,55.6,103.3
FieldSize,Stawell,2180,Mobile,TROTTERS,8,LEAD,13,3,347.62,-47.62,23.1,-13.7
FieldSize,Stawell,2180,Mobile,TROTTERS,9,LEAD,10,5,206.15,293.85,50.0,142.5
FieldSize,Stawell,2180,Stand,TROTTERS,10,B/LEAD,3,0,32.96,-32.96,0.0,-100.0
FieldSize,Stawell,2180,Stand,TROTTERS,11,B/LEAD,2,2,40.0,160.0,100.0,400.0
FieldSize,Stawell,2180,Stand,TROTTERS,12,B/LEAD,3,0,18.15,-18.15,0.0,-100.0
FieldSize,Stawell,2180,Stand,TROTTERS,6,B/LEAD,2,0,33.69,-33.69,0.0,-100.0
FieldSize,Stawell,2180,Stand,TROTTERS,7,B/LEAD,1,0,15.38,-15.38,0.0,-100.0
FieldSize,Stawell,2180,Stand,TROTTERS,8,B/LEAD,2,0,4.58,-4.58,0.0,-100.0
FieldSize,Stawell,2180,Stand,TROTTERS,9,B/LEAD,4,0,47.28,-47.28,0.0,-100.0
FieldSize,Stawell,2180,Stand,TROTTERS,10,DEATH,3,2,79.72,120.28,66.7,150.9
FieldSize,Stawell,2180,Stand,TROTTERS,11,DEATH,2,0,61.14,-61.14,0.0,-100.0
FieldSize,Stawell,2180,Stand,TROTTERS,12,DEATH,2,0,27.78,-27.78,0.0,-100.0
FieldSize,Stawell,2180,Stand,TROTTERS,6,DEATH,1,0,34.48,-34.48,0.0,-100.0
FieldSize,Stawell,2180,Stand,TROTTERS,7,DEATH,1,0,9.09,-9.09,0.0,-100.0
FieldSize,Stawell,2180,Stand,TROTTERS,8,DEATH,2,0,27.27,-27.27,0.0,-100.0
FieldSize,Stawell,2180,Stand,TROTTERS,9,DEATH,4,1,79.07,20.93,25.0,26.5
FieldSize,Stawell,2180,Stand,TROTTERS,10,LEAD,3,0,19.32,-19.32,0.0,-100.0
FieldSize,Stawell,2180,Stand,TROTTERS,11,LEAD,2,0,36.95,-36.95,0.0,-100.0
FieldSize,Stawell,2180,Stand,TROTTERS,12,LEAD,2,1,25.4,74.6,50.0,293.7
FieldSize,Stawell,2180,Stand,TROTTERS,6,LEAD,2,2,63.63,136.37,100.0,214.3
FieldSize,Stawell,2180,Stand,TROTTERS,7,LEAD,1,0,6.67,-6.67,0.0,-100.0
FieldSize,Stawell,2180,Stand,TROTTERS,8,LEAD,2,1,42.99,57.01,50.0,132.6
FieldSize,Stawell,2180,Stand,TROTTERS,9,LEAD,4,2,88.47,111.53,50.0,126.1
FieldSize,Stawell,2600,Mobile,PACERS,7,B/LEAD,2,0,30.95,-30.95,0.0,-100.0
FieldSize,Stawell,2600,Mobile,PACERS,9,B/LEAD,3,0,66.36,-66.36,0.0,-100.0
FieldSize,Stawell,2600,Mobile,PACERS,7,DEATH,2,0,46.97,-46.97,0.0,-100.0
FieldSize,Stawell,2600,Mobile,PACERS,9,DEATH,3,0,107.53,-107.53,0.0,-100.0
FieldSize,Stawell,2600,Mobile,PACERS,7,LEAD,2,2,79.19,120.81,100.0,152.6
FieldSize,Stawell,2600,Mobile,PACERS,9,LEAD,3,1,65.52,34.48,33.3,52.6
FieldSize,Stawell,2600,Stand,TROTTERS,10,B/LEAD,1,0,1.64,-1.64,0.0,-100.0
FieldSize,Stawell,2600,Stand,TROTTERS,11,B/LEAD,1,0,14.29,-14.29,0.0,-100.0
FieldSize,Stawell,2600,Stand,TROTTERS,12,B/LEAD,1,0,1.96,-1.96,0.0,-100.0
FieldSize,Stawell,2600,Stand,TROTTERS,7,B/LEAD,1,0,3.85,-3.85,0.0,-100.0
FieldSize,Stawell,2600,Stand,TROTTERS,8,B/LEAD,1,0,3.23,-3.23,0.0,-100.0
FieldSize,Stawell,2600,Stand,TROTTERS,9,B/LEAD,2,0,23.38,-23.38,0.0,-100.0
FieldSize,Stawell,2600,Stand,TROTTERS,10,DEATH,1,0,5.26,-5.26,0.0,-100.0
FieldSize,Stawell,2600,Stand,TROTTERS,11,DEATH,1,0,4.35,-4.35,0.0,-100.0
FieldSize,Stawell,2600,Stand,TROTTERS,12,DEATH,1,0,11.11,-11.11,0.0,-100.0
FieldSize,Stawell,2600,Stand,TROTTERS,7,DEATH,1,0,7.69,-7.69,0.0,-100.0
FieldSize,Stawell,2600,Stand,TROTTERS,8,DEATH,1,0,27.78,-27.78,0.0,-100.0
FieldSize,Stawell,2600,Stand,TROTTERS,9,DEATH,2,0,57.14,-57.14,0.0,-100.0
FieldSize,Stawell,2600,Stand,TROTTERS,10,LEAD,1,1,23.81,76.19,100.0,320.0
FieldSize,Stawell,2600,Stand,TROTTERS,11,LEAD,1,1,18.18,81.82,100.0,450.1
FieldSize,Stawell,2600,Stand,TROTTERS,12,LEAD,1,1,6.67,93.33,100.0,1399.3
FieldSize,Stawell,2600,Stand,TROTTERS,7,LEAD,1,0,16.67,-16.67,0.0,-100.0
FieldSize,Stawell,2600,Stand,TROTTERS,8,LEAD,1,0,15.38,-15.38,0.0,-100.0
FieldSize,Stawell,2600,Stand,TROTTERS,9,LEAD,2,0,36.51,-36.51,0.0,-100.0
FieldSize,Strathalbyn,1710,Mobile,PACERS,5,B/LEAD,1,0,12.5,-12.5,0.0,-100.0
FieldSize,Strathalbyn,1710,Mobile,PACERS,6,B/LEAD,2,1,26.25,73.75,50.0,281.0
FieldSize,Strathalbyn,1710,Mobile,PACERS,7,B/LEAD,3,0,49.21,-49.21,0.0,-100.0
FieldSize,Strathalbyn,1710,Mobile,PACERS,9,B/LEAD,1,0,5.13,-5.13,0.0,-100.0
FieldSize,Strathalbyn,1710,Mobile,PACERS,5,DEATH,2,0,27.55,-27.55,0.0,-100.0
FieldSize,Strathalbyn,1710,Mobile,PACERS,6,DEATH,2,0,22.94,-22.94,0.0,-100.0
FieldSize,Strathalbyn,1710,Mobile,PACERS,7,DEATH,3,0,60.94,-60.94,0.0,-100.0
FieldSize,Strathalbyn,1710,Mobile,PACERS,9,DEATH,1,0,22.22,-22.22,0.0,-100.0
FieldSize,Strathalbyn,1710,Mobile,PACERS,5,LEAD,2,2,136.57,63.43,100.0,46.4
FieldSize,Strathalbyn,1710,Mobile,PACERS,6,LEAD,2,1,41.4,58.6,50.0,141.5
FieldSize,Strathalbyn,1710,Mobile,PACERS,7,LEAD,3,3,84.9,215.1,100.0,253.4
FieldSize,Strathalbyn,1710,Mobile,PACERS,9,LEAD,1,0,16.39,-16.39,0.0,-100.0
FieldSize,Strathalbyn,2110,Mobile,PACERS,9,B/LEAD,3,0,71.92,-71.92,0.0,-100.0
FieldSize,Strathalbyn,2110,Mobile,PACERS,9,DEATH,3,1,52.36,47.64,33.3,91.0
FieldSize,Strathalbyn,2110,Mobile,PACERS,9,LEAD,3,1,41.94,58.06,33.3,138.4
FieldSize,Strathalbyn,2110,Mobile,TROTTERS,8,B/LEAD,1,0,0.64,-0.64,0.0,-100.0
FieldSize,Strathalbyn,2110,Mobile,TROTTERS,8,DEATH,1,0,5.08,-5.08,0.0,-100.0
FieldSize,Strathalbyn,2110,Mobile,TROTTERS,8,LEAD,1,0,4.44,-4.44,0.0,-100.0
FieldSize,Strathalbyn,2110,Stand,TROTTERS,8,B/LEAD,1,0,35.71,-35.71,0.0,-100.0
FieldSize,Strathalbyn,2110,Stand,TROTTERS,8,DEATH,1,0,12.5,-12.5,0.0,-100.0
FieldSize,Strathalbyn,2110,Stand,TROTTERS,8,LEAD,1,1,34.48,65.52,100.0,190.0
FieldSize,Swan Hill,1609,Mobile,PACERS,6,B/LEAD,1,1,23.81,76.19,100.0,320.0
FieldSize,Swan Hill,1609,Mobile,PACERS,8,B/LEAD,1,1,14.08,85.92,100.0,610.2
FieldSize,Swan Hill,1609,Mobile,PACERS,9,B/LEAD,1,0,6.25,-6.25,0.0,-100.0
FieldSize,Swan Hill,1609,Mobile,PACERS,6,DEATH,1,0,37.04,-37.04,0.0,-100.0
FieldSize,Swan Hill,1609,Mobile,PACERS,8,DEATH,1,0,33.33,-33.33,0.0,-100.0
FieldSize,Swan Hill,1609,Mobile,PACERS,9,DEATH,1,1,76.92,23.08,100.0,30.0
FieldSize,Swan Hill,1609,Mobile,PACERS,6,LEAD,1,0,38.46,-38.46,0.0,-100.0
FieldSize,Swan Hill,1609,Mobile,PACERS,8,LEAD,1,0,45.45,-45.45,0.0,-100.0
FieldSize,Swan Hill,1609,Mobile,PACERS,9,LEAD,1,0,12.5,-12.5,0.0,-100.0
FieldSize,Swan Hill,1750,Mobile,PACERS,10,B/LEAD,42,5,541.02,-41.02,11.9,-7.6
FieldSize,Swan Hill,1750,Mobile,PACERS,11,B/LEAD,7,0,77.86,-77.86,0.0,-100.0
FieldSize,Swan Hill,1750,Mobile,PACERS,12,B/LEAD,3,0,44.35,-44.35,0.0,-100.0
FieldSize,Swan Hill,1750,Mobile,PACERS,3,B/LEAD,1,1,66.67,33.33,100.0,50.0
FieldSize,Swan Hill,1750,Mobile,PACERS,4,B/LEAD,3,0,27.96,-27.96,0.0,-100.0
FieldSize,Swan Hill,1750,Mobile,PACERS,5,B/LEAD,5,1,115.36,-15.36,20.0,-13.3
FieldSize,Swan Hill,1750,Mobile,PACERS,6,B/LEAD,28,3,498.79,-198.79,10.7,-39.9
FieldSize,Swan Hill,1750,Mobile,PACERS,7,B/LEAD,24,2,408.18,-208.18,8.3,-51.0
FieldSize,Swan Hill,1750,Mobile,PACERS,8,B/LEAD,43,4,455.25,-55.25,9.3,-12.1
FieldSize,Swan Hill,1750,Mobile,PACERS,9,B/LEAD,50,5,459.11,40.89,10.0,8.9
FieldSize,Swan Hill,1750,Mobile,PACERS,10,DEATH,42,2,629.74,-429.74,4.8,-68.2
FieldSize,Swan Hill,1750,Mobile,PACERS,11,DEATH,7,3,107.18,192.82,42.9,179.9
FieldSize,Swan Hill,1750,Mobile,PACERS,12,DEATH,3,1,30.76,69.24,33.3,225.1
FieldSize,Swan Hill,1750,Mobile,PACERS,4,DEATH,1,0,75.19,-75.19,0.0,-100.0
FieldSize,Swan Hill,1750,Mobile,PACERS,5,DEATH,3,0,47.09,-47.09,0.0,-100.0
FieldSize,Swan Hill,1750,Mobile,PACERS,6,DEATH,22,4,589.11,-189.11,18.2,-32.1
FieldSize,Swan Hill,1750,Mobile,PACERS,7,DEATH,24,8,783.37,16.63,33.3,2.1
FieldSize,Swan Hill,1750,Mobile,PACERS,8,DEATH,42,7,997.71,-297.71,16.7,-29.8
FieldSize,Swan Hill,1750,Mobile,PACERS,9,DEATH,51,5,916.14,-416.14,9.8,-45.4
FieldSize,Swan Hill,1750,Mobile,PACERS,10,LEAD,42,18,1120.81,679.19,42.9,60.6
FieldSize,Swan Hill,1750,Mobile,PACERS,11,LEAD,7,1,160.69,-60.69,14.3,-37.8
FieldSize,Swan Hill,1750,Mobile,PACERS,12,LEAD,4,0,70.92,-70.92,0.0,-100.0
FieldSize,Swan Hill,1750,Mobile,PACERS,3,LEAD,1,0,41.67,-41.67,0.0,-100.0
FieldSize,Swan Hill,1750,Mobile,PACERS,4,LEAD,3,2,127.41,72.59,66.7,57.0
FieldSize,Swan Hill,1750,Mobile,PACERS,5,LEAD,5,2,206.95,-6.95,40.0,-3.4
FieldSize,Swan Hill,1750,Mobile,PACERS,6,LEAD,28,13,1074.05,225.95,46.4,21.0
FieldSize,Swan Hill,1750,Mobile,PACERS,7,LEAD,24,8,642.93,157.07,33.3,24.4
FieldSize,Swan Hill,1750,Mobile,PACERS,8,LEAD,42,13,1189.13,110.87,31.0,9.3
FieldSize,Swan Hill,1750,Mobile,PACERS,9,LEAD,50,18,1434.89,365.11,36.0,25.4
FieldSize,Swan Hill,1750,Mobile,TROTTERS,7,B/LEAD,1,0,7.69,-7.69,0.0,-100.0
FieldSize,Swan Hill,1750,Mobile,TROTTERS,9,B/LEAD,2,0,4.51,-4.51,0.0,-100.0
FieldSize,Swan Hill,1750,Mobile,TROTTERS,7,DEATH,1,0,38.46,-38.46,0.0,-100.0
FieldSize,Swan Hill,1750,Mobile,TROTTERS,9,DEATH,2,1,75.71,24.29,50.0,32.1
FieldSize,Swan Hill,1750,Mobile,TROTTERS,7,LEAD,1,0,25.0,-25.0,0.0,-100.0
FieldSize,Swan Hill,1750,Mobile,TROTTERS,9,LEAD,2,0,27.08,-27.08,0.0,-100.0
FieldSize,Swan Hill,2240,Mobile,PACERS,10,B/LEAD,26,5,359.54,140.46,19.2,39.1
FieldSize,Swan Hill,2240,Mobile,PACERS,11,B/LEAD,12,2,191.94,8.06,16.7,4.2
FieldSize,Swan Hill,2240,Mobile,PACERS,12,B/LEAD,12,0,92.82,-92.82,0.0,-100.0
FieldSize,Swan Hill,2240,Mobile,PACERS,4,B/LEAD,4,2,116.06,83.94,50.0,72.3
FieldSize,Swan Hill,2240,Mobile,PACERS,5,B/LEAD,12,3,199.12,100.88,25.0,50.7
FieldSize,Swan Hill,2240,Mobile,PACERS,6,B/LEAD,24,2,359.0,-159.0,8.3,-44.3
FieldSize,Swan Hill,2240,Mobile,PACERS,7,B/LEAD,34,6,422.75,177.25,17.6,41.9
FieldSize,Swan Hill,2240,Mobile,PACERS,8,B/LEAD,40,3,505.1,-205.1,7.5,-40.6
FieldSize,Swan Hill,2240,Mobile,PACERS,9,B/LEAD,28,3,285.61,14.39,10.7,5.0
FieldSize,Swan Hill,2240,Mobile,PACERS,10,DEATH,25,5,617.51,-117.51,20.0,-19.0
FieldSize,Swan Hill,2240,Mobile,PACERS,11,DEATH,12,1,229.15,-129.15,8.3,-56.4
FieldSize,Swan Hill,2240,Mobile,PACERS,12,DEATH,12,2,219.19,-19.19,16.7,-8.8
FieldSize,Swan Hill,2240,Mobile,PACERS,4,DEATH,2,1,38.52,61.48,50.0,159.6
FieldSize,Swan Hill,2240,Mobile,PACERS,5,DEATH,6,0,214.24,-214.24,0.0,-100.0
FieldSize,Swan Hill,2240,Mobile,PACERS,6,DEATH,21,2,457.58,-257.58,9.5,-56.3
FieldSize,Swan Hill,2240,Mobile,PACERS,7,DEATH,32,4,734.0,-334.0,12.5,-45.5
FieldSize,Swan Hill,2240,Mobile,PACERS,8,DEATH,41,5,750.74,-250.74,12.2,-33.4
FieldSize,Swan Hill,2240,Mobile,PACERS,9,DEATH,28,2,485.28,-285.28,7.1,-58.8
FieldSize,Swan Hill,2240,Mobile,PACERS,10,LEAD,27,7,713.88,-13.88,25.9,-1.9
FieldSize,Swan Hill,2240,Mobile,PACERS,11,LEAD,12,5,150.85,349.15,41.7,231.5
FieldSize,Swan Hill,2240,Mobile,PACERS,12,LEAD,12,4,273.69,126.31,33.3,46.2
FieldSize,Swan Hill,2240,Mobile,PACERS,4,LEAD,4,1,160.44,-60.44,25.0,-37.7
FieldSize,Swan Hill,2240,Mobile,PACERS,5,LEAD,12,6,403.92,196.08,50.0,48.5
FieldSize,Swan Hill,2240,Mobile,PACERS,6,LEAD,24,12,1117.28,82.72,50.0,7.4
FieldSize,Swan Hill,2240,Mobile,PACERS,7,LEAD,33,14,1225.54,174.46,42.4,14.2
FieldSize,Swan Hill,2240,Mobile,PACERS,8,LEAD,41,19,1367.02,532.98,46.3,39.0
FieldSize,Swan Hill,2240,Mobile,PACERS,9,LEAD,28,17,815.6,884.4,60.7,108.4
FieldSize,Swan Hill,2240,Mobile,TROTTERS,11,B/LEAD,1,0,9.09,-9.09,0.0,-100.0
FieldSize,Swan Hill,2240,Mobile,TROTTERS,6,B/LEAD,1,0,9.09,-9.09,0.0,-100.0
FieldSize,Swan Hill,2240,Mobile,TROTTERS,7,B/LEAD,1,0,3.85,-3.85,0.0,-100.0
FieldSize,Swan Hill,2240,Mobile,TROTTERS,8,B/LEAD,1,1,13.33,86.67,100.0,650.2
FieldSize,Swan Hill,2240,Mobile,TROTTERS,9,B/LEAD,2,0,5.38,-5.38,0.0,-100.0
FieldSize,Swan Hill,2240,Mobile,TROTTERS,11,DEATH,1,0,51.28,-51.28,0.0,-100.0
FieldSize,Swan Hill,2240,Mobile,TROTTERS,7,DEATH,1,0,27.78,-27.78,0.0,-100.0
FieldSize,Swan Hill,2240,Mobile,TROTTERS,8,DEATH,1,0,18.18,-18.18,0.0,-100.0
FieldSize,Swan Hill,2240,Mobile,TROTTERS,9,DEATH,1,0,4.76,-4.76,0.0,-100.0
FieldSize,Swan Hill,2240,Mobile,TROTTERS,11,LEAD,1,0,20.0,-20.0,0.0,-100.0
FieldSize,Swan Hill,2240,Mobile,TROTTERS,6,LEAD,1,0,51.28,-51.28,0.0,-100.0
FieldSize,Swan Hill,2240,Mobile,TROTTERS,7,LEAD,1,0,38.46,-38.46,0.0,-100.0
FieldSize,Swan Hill,2240,Mobile,TROTTERS,8,LEAD,1,0,50.0,-50.0,0.0,-100.0
FieldSize,Swan Hill,2240,Mobile,TROTTERS,9,LEAD,2,0,55.13,-55.13,0.0,-100.0
FieldSize,Swan Hill,2240,Stand,TROTTERS,5,B/LEAD,5,1,101.94,-1.94,20.0,-1.9
FieldSize,Swan Hill,2240,Stand,TROTTERS,6,B/LEAD,10,0,111.96,-111.96,0.0,-100.0
FieldSize,Swan Hill,2240,Stand,TROTTERS,7,B/LEAD,5,2,92.89,107.11,40.0,115.3
FieldSize,Swan Hill,2240,Stand,TROTTERS,8,B/LEAD,4,0,36.7,-36.7,0.0,-100.0
FieldSize,Swan Hill,2240,Stand,TROTTERS,9,B/LEAD,1,0,4.76,-4.76,0.0,-100.0
FieldSize,Swan Hill,2240,Stand,TROTTERS,5,DEATH,2,1,101.73,-1.73,50.0,-1.7
FieldSize,Swan Hill,2240,Stand,TROTTERS,6,DEATH,4,0,124.6,-124.6,0.0,-100.0
FieldSize,Swan Hill,2240,Stand,TROTTERS,7,DEATH,3,0,91.05,-91.05,0.0,-100.0
FieldSize,Swan Hill,2240,Stand,TROTTERS,8,DEATH,3,0,52.27,-52.27,0.0,-100.0
FieldSize,Swan Hill,2240,Stand,TROTTERS,9,DEATH,1,0,6.25,-6.25,0.0,-100.0
FieldSize,Swan Hill,2240,Stand,TROTTERS,5,LEAD,5,2,112.55,87.45,40.0,77.7
FieldSize,Swan Hill,2240,Stand,TROTTERS,6,LEAD,10,4,203.64,196.36,40.0,96.4
FieldSize,Swan Hill,2240,Stand,TROTTERS,7,LEAD,5,1,125.62,-25.62,20.0,-20.4
FieldSize,Swan Hill,2240,Stand,TROTTERS,8,LEAD,4,0,61.32,-61.32,0.0,-100.0
FieldSize,Swan Hill,2240,Stand,TROTTERS,9,LEAD,1,1,18.18,81.82,100.0,450.1
FieldSize,Swan Hill,2790,Mobile,PACERS,10,B/LEAD,1,1,20.0,80.0,100.0,400.0
FieldSize,Swan Hill,2790,Mobile,PACERS,11,B/LEAD,1,0,1.09,-1.09,0.0,-100.0
FieldSize,Swan Hill,2790,Mobile,PACERS,12,B/LEAD,1,0,0.99,-0.99,0.0,-100.0
FieldSize,Swan Hill,2790,Mobile,PACERS,7,B/LEAD,1,0,1.41,-1.41,0.0,-100.0
FieldSize,Swan Hill,2790,Mobile,PACERS,10,DEATH,1,0,11.11,-11.11,0.0,-100.0
FieldSize,Swan Hill,2790,Mobile,PACERS,11,DEATH,1,0,13.89,-13.89,0.0,-100.0
FieldSize,Swan Hill,2790,Mobile,PACERS,12,DEATH,1,1,58.82,41.18,100.0,70.0
FieldSize,Swan Hill,2790,Mobile,PACERS,7,DEATH,1,0,10.0,-10.0,0.0,-100.0
FieldSize,Swan Hill,2790,Mobile,PACERS,10,LEAD,1,0,22.73,-22.73,0.0,-100.0
FieldSize,Swan Hill,2790,Mobile,PACERS,11,LEAD,1,0,21.28,-21.28,0.0,-100.0
FieldSize,Swan Hill,2790,Mobile,PACERS,12,LEAD,1,0,0.79,-0.79,0.0,-100.0
FieldSize,Swan Hill,2790,Mobile,PACERS,7,LEAD,1,1,51.28,48.72,100.0,95.0
FieldSize,Swan Hill,2790,Stand,TROTTERS,10,B/LEAD,2,0,6.73,-6.73,0.0,-100.0
FieldSize,Swan Hill,2790,Stand,TROTTERS,6,B/LEAD,1,0,1.23,-1.23,0.0,-100.0
FieldSize,Swan Hill,2790,Stand,TROTTERS,8,B/LEAD,1,0,0.66,-0.66,0.0,-100.0
FieldSize,Swan Hill,2790,Stand,TROTTERS,10,DEATH,2,2,58.33,141.67,100.0,242.9
FieldSize,Swan Hill,2790,Stand,TROTTERS,6,DEATH,1,1,54.05,45.95,100.0,85.0
FieldSize,Swan Hill,2790,Stand,TROTTERS,8,DEATH,1,0,15.38,-15.38,0.0,-100.0
FieldSize,Swan Hill,2790,Stand,TROTTERS,10,LEAD,2,0,20.38,-20.38,0.0,-100.0
FieldSize,Swan Hill,2790,Stand,TROTTERS,6,LEAD,1,0,47.62,-47.62,0.0,-100.0
FieldSize,Swan Hill,2790,Stand,TROTTERS,8,LEAD,1,1,54.05,45.95,100.0,85.0
FieldSize,Tamworth,1230,Mobile,PACERS,8,B/LEAD,4,0,26.3,-26.3,0.0,-100.0
FieldSize,Tamworth,1230,Mobile,PACERS,9,B/LEAD,2,0,14.2,-14.2,0.0,-100.0
FieldSize,Tamworth,1230,Mobile,PACERS,8,DEATH,4,0,100.76,-100.76,0.0,-100.0
FieldSize,Tamworth,1230,Mobile,PACERS,9,DEATH,2,0,32.05,-32.05,0.0,-100.0
FieldSize,Tamworth,1230,Mobile,PACERS,8,LEAD,4,2,111.71,88.29,50.0,79.0
FieldSize,Tamworth,1230,Mobile,PACERS,9,LEAD,2,0,39.56,-39.56,0.0,-100.0
FieldSize,Tamworth,1609,Mobile,PACERS,10,B/LEAD,517,64,7970.51,-1570.51,12.4,-19.7
FieldSize,Tamworth,1609,Mobile,PACERS,5,B/LEAD,4,1,65.76,34.24,25.0,52.1
FieldSize,Tamworth,1609,Mobile,PACERS,6,B/LEAD,11,1,133.4,-33.4,9.1,-25.0
FieldSize,Tamworth,1609,Mobile,PACERS,7,B/LEAD,22,3,480.25,-180.25,13.6,-37.5
FieldSize,Tamworth,1609,Mobile,PACERS,8,B/LEAD,119,11,1700.9,-600.9,9.2,-35.3
FieldSize,Tamworth,1609,Mobile,PACERS,9,B/LEAD,238,37,4040.32,-340.32,15.5,-8.4
FieldSize,Tamworth,1609,Mobile,PACERS,10,DEATH,517,70,8625.6,-1625.6,13.5,-18.8
FieldSize,Tamworth,1609,Mobile,PACERS,5,DEATH,2,0,39.4,-39.4,0.0,-100.0
FieldSize,Tamworth,1609,Mobile,PACERS,6,DEATH,11,2,300.41,-100.41,18.2,-33.4
FieldSize,Tamworth,1609,Mobile,PACERS,7,DEATH,22,2,438.16,-238.16,9.1,-54.4
FieldSize,Tamworth,1609,Mobile,PACERS,8,DEATH,120,20,2064.48,-64.48,16.7,-3.1
FieldSize,Tamworth,1609,Mobile,PACERS,9,DEATH,238,27,4262.71,-1562.71,11.3,-36.7
FieldSize,Tamworth,1609,Mobile,PACERS,10,LEAD,517,219,15100.83,6799.17,42.4,45.0
FieldSize,Tamworth,1609,Mobile,PACERS,5,LEAD,4,2,224.81,-24.81,50.0,-11.0
FieldSize,Tamworth,1609,Mobile,PACERS,6,LEAD,11,5,524.88,-24.88,45.5,-4.7
FieldSize,Tamworth,1609,Mobile,PACERS,7,LEAD,22,8,778.66,21.34,36.4,2.7
FieldSize,Tamworth,1609,Mobile,PACERS,8,LEAD,121,45,3938.44,561.56,37.2,14.3
FieldSize,Tamworth,1609,Mobile,PACERS,9,LEAD,239,101,7125.14,2974.86,42.3,41.8
FieldSize,Tamworth,1980,Mobile,PACERS,10,B/LEAD,372,48,5272.2,-472.2,12.9,-9.0
FieldSize,Tamworth,1980,Mobile,PACERS,6,B/LEAD,2,1,19.55,80.45,50.0,411.5
FieldSize,Tamworth,1980,Mobile,PACERS,7,B/LEAD,16,4,282.32,117.68,25.0,41.7
FieldSize,Tamworth,1980,Mobile,PACERS,8,B/LEAD,79,8,1385.76,-585.76,10.1,-42.3
FieldSize,Tamworth,1980,Mobile,PACERS,9,B/LEAD,178,23,2596.11,-296.11,12.9,-11.4
FieldSize,Tamworth,1980,Mobile,PACERS,10,DEATH,372,40,6348.22,-2348.22,10.8,-37.0
FieldSize,Tamworth,1980,Mobile,PACERS,6,DEATH,2,0,22.52,-22.52,0.0,-100.0
FieldSize,Tamworth,1980,Mobile,PACERS,7,DEATH,15,1,378.5,-278.5,6.7,-73.6
FieldSize,Tamworth,1980,Mobile,PACERS,8,DEATH,80,2,1274.47,-1074.47,2.5,-84.3
FieldSize,Tamworth,1980,Mobile,PACERS,9,DEATH,179,19,3334.39,-1434.39,10.6,-43.0
FieldSize,Tamworth,1980,Mobile,PACERS,10,LEAD,371,123,9790.69,2509.31,33.2,25.6
FieldSize,Tamworth,1980,Mobile,PACERS,6,LEAD,2,1,102.34,-2.34,50.0,-2.3
FieldSize,Tamworth,1980,Mobile,PACERS,7,LEAD,17,7,508.17,191.83,41.2,37.7
FieldSize,Tamworth,1980,Mobile,PACERS,8,LEAD,80,37,2322.77,1377.23,46.2,59.3
FieldSize,Tamworth,1980,Mobile,PACERS,9,LEAD,180,66,5416.87,1183.13,36.7,21.8
FieldSize,Tamworth,2360,Mobile,PACERS,10,B/LEAD,4,0,30.16,-30.16,0.0,-100.0
FieldSize,Tamworth,2360,Mobile,PACERS,6,B/LEAD,1,0,5.56,-5.56,0.0,-100.0
FieldSize,Tamworth,2360,Mobile,PACERS,7,B/LEAD,3,0,10.14,-10.14,0.0,-100.0
FieldSize,Tamworth,2360,Mobile,PACERS,8,B/LEAD,1,0,15.38,-15.38,0.0,-100.0
FieldSize,Tamworth,2360,Mobile,PACERS,9,B/LEAD,3,0,14.86,-14.86,0.0,-100.0
FieldSize,Tamworth,2360,Mobile,PACERS,10,DEATH,6,1,85.23,14.77,16.7,17.3
FieldSize,Tamworth,2360,Mobile,PACERS,6,DEATH,1,0,5.26,-5.26,0.0,-100.0
FieldSize,Tamworth,2360,Mobile,PACERS,7,DEATH,2,0,66.66,-66.66,0.0,-100.0
FieldSize,Tamworth,2360,Mobile,PACERS,8,DEATH,1,0,1.23,-1.23,0.0,-100.0
FieldSize,Tamworth,2360,Mobile,PACERS,9,DEATH,3,1,86.09,13.91,33.3,16.2
FieldSize,Tamworth,2360,Mobile,PACERS,10,LEAD,5,3,197.25,102.75,60.0,52.1
FieldSize,Tamworth,2360,Mobile,PACERS,6,LEAD,1,1,60.61,39.39,100.0,65.0
FieldSize,Tamworth,2360,Mobile,PACERS,7,LEAD,3,2,133.81,66.19,66.7,49.5
FieldSize,Tamworth,2360,Mobile,PACERS,8,LEAD,1,0,44.44,-44.44,0.0,-100.0
FieldSize,Tamworth,2360,Mobile,PACERS,9,LEAD,3,1,155.03,-55.03,33.3,-35.5
FieldSize,Temora,1635,Mobile,PACERS,10,B/LEAD,36,2,586.94,-386.94,5.6,-65.9
FieldSize,Temora,1635,Mobile,PACERS,6,B/LEAD,2,1,43.57,56.43,50.0,129.5
FieldSize,Temora,1635,Mobile,PACERS,7,B/LEAD,5,0,63.63,-63.63,0.0,-100.0
FieldSize,Temora,1635,Mobile,PACERS,8,B/LEAD,30,2,400.25,-200.25,6.7,-50.0
FieldSize,Temora,1635,Mobile,PACERS,9,B/LEAD,26,3,304.16,-4.16,11.5,-1.4
FieldSize,Temora,1635,Mobile,PACERS,10,DEATH,35,5,622.73,-122.73,14.3,-19.7
FieldSize,Temora,1635,Mobile,PACERS,6,DEATH,2,0,27.99,-27.99,0.0,-100.0
FieldSize,Temora,1635,Mobile,PACERS,7,DEATH,5,2,231.8,-31.8,40.0,-13.7
FieldSize,Temora,1635,Mobile,PACERS,8,DEATH,28,5,565.62,-65.62,17.9,-11.6
FieldSize,Temora,1635,Mobile,PACERS,9,DEATH,27,6,559.08,40.92,22.2,7.3
FieldSize,Temora,1635,Mobile,PACERS,10,LEAD,35,20,1047.92,952.08,57.1,90.9
FieldSize,Temora,1635,Mobile,PACERS,6,LEAD,2,1,108.97,-8.97,50.0,-8.2
FieldSize,Temora,1635,Mobile,PACERS,7,LEAD,5,2,124.24,75.76,40.0,61.0
FieldSize,Temora,1635,Mobile,PACERS,8,LEAD,29,11,987.12,112.88,37.9,11.4
FieldSize,Temora,1635,Mobile,PACERS,9,LEAD,27,11,674.03,425.97,40.7,63.2
FieldSize,Temora,2000,Mobile,PACERS,10,B/LEAD,21,2,337.86,-137.86,9.5,-40.8
FieldSize,Temora,2000,Mobile,PACERS,6,B/LEAD,2,0,18.89,-18.89,0.0,-100.0
FieldSize,Temora,2000,Mobile,PACERS,7,B/LEAD,12,1,208.3,-108.3,8.3,-52.0
FieldSize,Temora,2000,Mobile,PACERS,8,B/LEAD,19,4,367.24,32.76,21.1,8.9
FieldSize,Temora,2000,Mobile,PACERS,9,B/LEAD,24,0,316.37,-316.37,0.0,-100.0
FieldSize,Temora,2000,Mobile,PACERS,10,DEATH,21,2,300.89,-100.89,9.5,-33.5
FieldSize,Temora,2000,Mobile,PACERS,6,DEATH,2,0,89.61,-89.61,0.0,-100.0
FieldSize,Temora,2000,Mobile,PACERS,7,DEATH,13,1,233.79,-133.79,7.7,-57.2
FieldSize,Temora,2000,Mobile,PACERS,8,DEATH,21,1,420.68,-320.68,4.8,-76.2
FieldSize,Temora,2000,Mobile,PACERS,9,DEATH,25,1,366.1,-266.1,4.0,-72.7
FieldSize,Temora,2000,Mobile,PACERS,10,LEAD,21,7,544.53,155.47,33.3,28.6
FieldSize,Temora,2000,Mobile,PACERS,6,LEAD,2,0,56.51,-56.51,0.0,-100.0
FieldSize,Temora,2000,Mobile,PACERS,7,LEAD,11,5,332.08,167.92,45.5,50.6
FieldSize,Temora,2000,Mobile,PACERS,8,LEAD,20,9,614.01,285.99,45.0,46.6
FieldSize,Temora,2000,Mobile,PACERS,9,LEAD,24,10,707.68,292.32,41.7,41.3
FieldSize,Temora,2360,Mobile,PACERS,8,B/LEAD,1,0,4.76,-4.76,0.0,-100.0
FieldSize,Temora,2360,Mobile,PACERS,8,DEATH,1,0,57.14,-57.14,0.0,-100.0
FieldSize,Temora,2360,Mobile,PACERS,8,LEAD,1,1,40.0,60.0,100.0,150.0
FieldSize,Temora,2386,Mobile,PACERS,10,B/LEAD,4,0,55.57,-55.57,0.0,-100.0
FieldSize,Temora,2386,Mobile,PACERS,8,B/LEAD,1,0,11.76,-11.76,0.0,-100.0
FieldSize,Temora,2386,Mobile,PACERS,9,B/LEAD,1,1,16.67,83.33,100.0,499.9
FieldSize,Temora,2386,Mobile,PACERS,10,DEATH,3,0,83.33,-83.33,0.0,-100.0
FieldSize,Temora,2386,Mobile,PACERS,8,DEATH,1,0,13.33,-13.33,0.0,-100.0
FieldSize,Temora,2386,Mobile,PACERS,9,DEATH,1,0,25.0,-25.0,0.0,-100.0
FieldSize,Temora,2386,Mobile,PACERS,10,LEAD,4,2,93.22,106.78,50.0,114.5
FieldSize,Temora,2386,Mobile,PACERS,8,LEAD,1,1,16.67,83.33,100.0,499.9
FieldSize,Temora,2386,Mobile,PACERS,9,LEAD,1,0,10.0,-10.0,0.0,-100.0
FieldSize,Terang,1680,Mobile,PACERS,10,B/LEAD,40,5,474.64,25.36,12.5,5.3
FieldSize,Terang,1680,Mobile,PACERS,11,B/LEAD,6,1,24.14,75.86,16.7,314.3
FieldSize,Terang,1680,Mobile,PACERS,12,B/LEAD,4,1,19.74,80.26,25.0,406.6
FieldSize,Terang,1680,Mobile,PACERS,5,B/LEAD,4,1,56.01,43.99,25.0,78.5
FieldSize,Terang,1680,Mobile,PACERS,6,B/LEAD,13,2,325.73,-125.73,15.4,-38.6
FieldSize,Terang,1680,Mobile,PACERS,7,B/LEAD,17,0,242.56,-242.56,0.0,-100.0
FieldSize,Terang,1680,Mobile,PACERS,8,B/LEAD,31,6,440.46,159.54,19.4,36.2
FieldSize,Terang,1680,Mobile,PACERS,9,B/LEAD,39,5,529.75,-29.75,12.8,-5.6
FieldSize,Terang,1680,Mobile,PACERS,10,DEATH,41,6,765.55,-165.55,14.6,-21.6
FieldSize,Terang,1680,Mobile,PACERS,11,DEATH,6,1,187.76,-87.76,16.7,-46.7
FieldSize,Terang,1680,Mobile,PACERS,12,DEATH,4,2,31.81,168.19,50.0,528.7
FieldSize,Terang,1680,Mobile,PACERS,5,DEATH,3,0,133.47,-133.47,0.0,-100.0
FieldSize,Terang,1680,Mobile,PACERS,6,DEATH,11,1,185.37,-85.37,9.1,-46.1
FieldSize,Terang,1680,Mobile,PACERS,7,DEATH,15,2,273.44,-73.44,13.3,-26.9
FieldSize,Terang,1680,Mobile,PACERS,8,DEATH,30,2,497.31,-297.31,6.7,-59.8
FieldSize,Terang,1680,Mobile,PACERS,9,DEATH,38,5,680.62,-180.62,13.2,-26.5
FieldSize,Terang,1680,Mobile,PACERS,10,LEAD,40,13,854.33,445.67,32.5,52.2
FieldSize,Terang,1680,Mobile,PACERS,11,LEAD,5,1,133.85,-33.85,20.0,-25.3
FieldSize,Terang,1680,Mobile,PACERS,12,LEAD,4,0,86.12,-86.12,0.0,-100.0
FieldSize,Terang,1680,Mobile,PACERS,5,LEAD,4,1,171.26,-71.26,25.0,-41.6
FieldSize,Terang,1680,Mobile,PACERS,6,LEAD,13,9,483.06,416.94,69.2,86.3
FieldSize,Terang,1680,Mobile,PACERS,7,LEAD,17,11,639.75,460.25,64.7,71.9
FieldSize,Terang,1680,Mobile,PACERS,8,LEAD,31,12,978.63,221.37,38.7,22.6
FieldSize,Terang,1680,Mobile,PACERS,9,LEAD,39,21,1000.95,1099.05,53.8,109.8
FieldSize,Terang,1680,Mobile,TROTTERS,10,B/LEAD,4,1,55.43,44.57,25.0,80.4
FieldSize,Terang,1680,Mobile,TROTTERS,11,B/LEAD,1,0,0.99,-0.99,0.0,-100.0
FieldSize,Terang,1680,Mobile,TROTTERS,6,B/LEAD,1,0,8.33,-8.33,0.0,-100.0
FieldSize,Terang,1680,Mobile,TROTTERS,8,B/LEAD,2,0,45.59,-45.59,0.0,-100.0
FieldSize,Terang,1680,Mobile,TROTTERS,9,B/LEAD,3,0,11.76,-11.76,0.0,-100.0
FieldSize,Terang,1680,Mobile,TROTTERS,10,DEATH,4,1,57.2,42.8,25.0,74.8
FieldSize,Terang,1680,Mobile,TROTTERS,11,DEATH,1,1,71.43,28.57,100.0,40.0
FieldSize,Terang,1680,Mobile,TROTTERS,8,DEATH,2,0,46.98,-46.98,0.0,-100.0
FieldSize,Terang,1680,Mobile,TROTTERS,9,DEATH,3,0,75.84,-75.84,0.0,-100.0
FieldSize,Terang,1680,Mobile,TROTTERS,10,LEAD,4,1,159.26,-59.26,25.0,-37.2
FieldSize,Terang,1680,Mobile,TROTTERS,11,LEAD,1,0,11.76,-11.76,0.0,-100.0
FieldSize,Terang,1680,Mobile,TROTTERS,6,LEAD,1,0,3.23,-3.23,0.0,-100.0
FieldSize,Terang,1680,Mobile,TROTTERS,8,LEAD,2,1,63.48,36.52,50.0,57.5
FieldSize,Terang,1680,Mobile,TROTTERS,9,LEAD,3,0,77.33,-77.33,0.0,-100.0
FieldSize,Terang,1680,Stand,TROTTERS,9,B/LEAD,1,0,1.41,-1.41,0.0,-100.0
FieldSize,Terang,1680,Stand,TROTTERS,9,DEATH,1,0,3.23,-3.23,0.0,-100.0
FieldSize,Terang,1680,Stand,TROTTERS,9,LEAD,1,0,7.69,-7.69,0.0,-100.0
FieldSize,Terang,2180,Mobile,PACERS,10,B/LEAD,19,3,217.94,82.06,15.8,37.7
FieldSize,Terang,2180,Mobile,PACERS,11,B/LEAD,15,1,239.85,-139.85,6.7,-58.3
FieldSize,Terang,2180,Mobile,PACERS,12,B/LEAD,5,1,11.89,88.11,20.0,741.0
FieldSize,Terang,2180,Mobile,PACERS,4,B/LEAD,1,1,25.0,75.0,100.0,300.0
FieldSize,Terang,2180,Mobile,PACERS,5,B/LEAD,2,0,13.02,-13.02,0.0,-100.0
FieldSize,Terang,2180,Mobile,PACERS,6,B/LEAD,13,2,260.75,-60.75,15.4,-23.3
FieldSize,Terang,2180,Mobile,PACERS,7,B/LEAD,23,6,363.08,236.92,26.1,65.3
FieldSize,Terang,2180,Mobile,PACERS,8,B/LEAD,22,2,325.15,-125.15,9.1,-38.5
FieldSize,Terang,2180,Mobile,PACERS,9,B/LEAD,20,2,366.02,-166.02,10.0,-45.4
FieldSize,Terang,2180,Mobile,PACERS,10,DEATH,19,4,363.17,36.83,21.1,10.1
FieldSize,Terang,2180,Mobile,PACERS,11,DEATH,15,2,218.36,-18.36,13.3,-8.4
FieldSize,Terang,2180,Mobile,PACERS,12,DEATH,5,0,52.03,-52.03,0.0,-100.0
FieldSize,Terang,2180,Mobile,PACERS,5,DEATH,2,1,144.37,-44.37,50.0,-30.7
FieldSize,Terang,2180,Mobile,PACERS,6,DEATH,12,0,320.38,-320.38,0.0,-100.0
FieldSize,Terang,2180,Mobile,PACERS,7,DEATH,23,4,467.04,-67.04,17.4,-14.4
FieldSize,Terang,2180,Mobile,PACERS,8,DEATH,22,8,574.5,225.5,36.4,39.3
FieldSize,Terang,2180,Mobile,PACERS,9,DEATH,20,1,323.55,-223.55,5.0,-69.1
FieldSize,Terang,2180,Mobile,PACERS,10,LEAD,19,7,596.28,103.72,36.8,17.4
FieldSize,Terang,2180,Mobile,PACERS,11,LEAD,15,7,486.0,214.0,46.7,44.0
FieldSize,Terang,2180,Mobile,PACERS,12,LEAD,5,1,72.42,27.58,20.0,38.1
FieldSize,Terang,2180,Mobile,PACERS,4,LEAD,1,0,46.51,-46.51,0.0,-100.0
FieldSize,Terang,2180,Mobile,PACERS,5,LEAD,2,1,46.15,53.85,50.0,116.7
FieldSize,Terang,2180,Mobile,PACERS,6,LEAD,12,6,356.79,243.21,50.0,68.2
FieldSize,Terang,2180,Mobile,PACERS,7,LEAD,23,7,770.9,-70.9,30.4,-9.2
FieldSize,Terang,2180,Mobile,PACERS,8,LEAD,22,7,673.25,26.75,31.8,4.0
FieldSize,Terang,2180,Mobile,PACERS,9,LEAD,20,9,576.3,323.7,45.0,56.2
FieldSize,Terang,2180,Mobile,TROTTERS,10,B/LEAD,7,3,95.53,204.47,42.9,214.0
FieldSize,Terang,2180,Mobile,TROTTERS,11,B/LEAD,4,1,41.81,58.19,25.0,139.2
FieldSize,Terang,2180,Mobile,TROTTERS,5,B/LEAD,2,0,15.44,-15.44,0.0,-100.0
FieldSize,Terang,2180,Mobile,TROTTERS,6,B/LEAD,3,0,18.86,-18.86,0.0,-100.0
FieldSize,Terang,2180,Mobile,TROTTERS,7,B/LEAD,5,1,117.92,-17.92,20.0,-15.2
FieldSize,Terang,2180,Mobile,TROTTERS,8,B/LEAD,13,2,173.75,26.25,15.4,15.1
FieldSize,Terang,2180,Mobile,TROTTERS,9,B/LEAD,6,0,35.38,-35.38,0.0,-100.0
FieldSize,Terang,2180,Mobile,TROTTERS,10,DEATH,7,1,91.07,8.93,14.3,9.8
FieldSize,Terang,2180,Mobile,TROTTERS,11,DEATH,4,0,20.6,-20.6,0.0,-100.0
FieldSize,Terang,2180,Mobile,TROTTERS,5,DEATH,1,0,1.96,-1.96,0.0,-100.0
FieldSize,Terang,2180,Mobile,TROTTERS,6,DEATH,3,0,61.51,-61.51,0.0,-100.0
FieldSize,Terang,2180,Mobile,TROTTERS,7,DEATH,5,0,33.76,-33.76,0.0,-100.0
FieldSize,Terang,2180,Mobile,TROTTERS,8,DEATH,13,3,233.65,66.35,23.1,28.4
FieldSize,Terang,2180,Mobile,TROTTERS,9,DEATH,6,0,147.42,-147.42,0.0,-100.0
FieldSize,Terang,2180,Mobile,TROTTERS,10,LEAD,7,2,191.0,9.0,28.6,4.7
FieldSize,Terang,2180,Mobile,TROTTERS,11,LEAD,4,2,147.45,52.55,50.0,35.6
FieldSize,Terang,2180,Mobile,TROTTERS,5,LEAD,3,3,99.29,200.71,100.0,202.1
FieldSize,Terang,2180,Mobile,TROTTERS,6,LEAD,3,3,168.22,131.78,100.0,78.3
FieldSize,Terang,2180,Mobile,TROTTERS,7,LEAD,5,4,257.73,142.27,80.0,55.2
FieldSize,Terang,2180,Mobile,TROTTERS,8,LEAD,12,5,238.17,261.83,41.7,109.9
FieldSize,Terang,2180,Mobile,TROTTERS,9,LEAD,5,2,102.92,97.08,40.0,94.3
FieldSize,Terang,2180,Stand,TROTTERS,10,B/LEAD,3,0,52.01,-52.01,0.0,-100.0
FieldSize,Terang,2180,Stand,TROTTERS,11,B/LEAD,1,0,28.57,-28.57,0.0,-100.0
FieldSize,Terang,2180,Stand,TROTTERS,12,B/LEAD,1,0,7.46,-7.46,0.0,-100.0
FieldSize,Terang,2180,Stand,TROTTERS,6,B/LEAD,4,2,105.86,94.14,50.0,88.9
FieldSize,Terang,2180,Stand,TROTTERS,7,B/LEAD,2,0,16.61,-16.61,0.0,-100.0
FieldSize,Terang,2180,Stand,TROTTERS,8,B/LEAD,6,0,20.42,-20.42,0.0,-100.0
FieldSize,Terang,2180,Stand,TROTTERS,9,B/LEAD,2,0,15.38,-15.38,0.0,-100.0
FieldSize,Terang,2180,Stand,TROTTERS,10,DEATH,3,0,46.79,-46.79,0.0,-100.0
FieldSize,Terang,2180,Stand,TROTTERS,11,DEATH,1,1,29.41,70.59,100.0,240.0
FieldSize,Terang,2180,Stand,TROTTERS,12,DEATH,1,0,7.46,-7.46,0.0,-100.0
FieldSize,Terang,2180,Stand,TROTTERS,6,DEATH,1,0,4.98,-4.98,0.0,-100.0
FieldSize,Terang,2180,Stand,TROTTERS,7,DEATH,1,0,20.0,-20.0,0.0,-100.0
FieldSize,Terang,2180,Stand,TROTTERS,8,DEATH,6,1,94.87,5.13,16.7,5.4
FieldSize,Terang,2180,Stand,TROTTERS,9,DEATH,2,0,14.59,-14.59,0.0,-100.0
FieldSize,Terang,2180,Stand,TROTTERS,10,LEAD,3,1,58.34,41.66,33.3,71.4
FieldSize,Terang,2180,Stand,TROTTERS,11,LEAD,1,0,7.14,-7.14,0.0,-100.0
FieldSize,Terang,2180,Stand,TROTTERS,12,LEAD,1,0,4.13,-4.13,0.0,-100.0
FieldSize,Terang,2180,Stand,TROTTERS,6,LEAD,4,1,77.58,22.42,25.0,28.9
FieldSize,Terang,2180,Stand,TROTTERS,7,LEAD,2,0,24.47,-24.47,0.0,-100.0
FieldSize,Terang,2180,Stand,TROTTERS,8,LEAD,6,3,184.44,115.56,50.0,62.7
FieldSize,Terang,2180,Stand,TROTTERS,9,LEAD,2,0,18.13,-18.13,0.0,-100.0
FieldSize,Terang,2680,Mobile,PACERS,11,B/LEAD,1,0,0.66,-0.66,0.0,-100.0
FieldSize,Terang,2680,Mobile,PACERS,12,B/LEAD,2,0,12.1,-12.1,0.0,-100.0
FieldSize,Terang,2680,Mobile,PACERS,8,B/LEAD,2,1,11.53,88.47,50.0,767.3
FieldSize,Terang,2680,Mobile,PACERS,11,DEATH,1,1,54.05,45.95,100.0,85.0
FieldSize,Terang,2680,Mobile,PACERS,12,DEATH,2,0,24.01,-24.01,0.0,-100.0
FieldSize,Terang,2680,Mobile,PACERS,8,DEATH,2,0,117.68,-117.68,0.0,-100.0
FieldSize,Terang,2680,Mobile,PACERS,11,LEAD,1,0,10.0,-10.0,0.0,-100.0
FieldSize,Terang,2680,Mobile,PACERS,12,LEAD,2,2,58.73,141.27,100.0,240.5
FieldSize,Terang,2680,Mobile,PACERS,8,LEAD,2,0,40.0,-40.0,0.0,-100.0
FieldSize,Terang,2680,Stand,TROTTERS,10,B/LEAD,1,1,22.73,77.27,100.0,339.9
FieldSize,Terang,2680,Stand,TROTTERS,6,B/LEAD,1,0,6.25,-6.25,0.0,-100.0
FieldSize,Terang,2680,Stand,TROTTERS,7,B/LEAD,1,0,0.66,-0.66,0.0,-100.0
FieldSize,Terang,2680,Stand,TROTTERS,8,B/LEAD,2,1,34.72,65.28,50.0,188.0
FieldSize,Terang,2680,Stand,TROTTERS,9,B/LEAD,1,0,2.94,-2.94,0.0,-100.0
FieldSize,Terang,2680,Stand,TROTTERS,10,DEATH,1,0,10.0,-10.0,0.0,-100.0
FieldSize,Terang,2680,Stand,TROTTERS,6,DEATH,1,0,3.23,-3.23,0.0,-100.0
FieldSize,Terang,2680,Stand,TROTTERS,7,DEATH,1,0,14.29,-14.29,0.0,-100.0
FieldSize,Terang,2680,Stand,TROTTERS,8,DEATH,2,0,59.29,-59.29,0.0,-100.0
FieldSize,Terang,2680,Stand,TROTTERS,9,DEATH,1,0,20.0,-20.0,0.0,-100.0
FieldSize,Terang,2680,Stand,TROTTERS,10,LEAD,1,0,57.14,-57.14,0.0,-100.0
FieldSize,Terang,2680,Stand,TROTTERS,6,LEAD,1,0,18.18,-18.18,0.0,-100.0
FieldSize,Terang,2680,Stand,TROTTERS,7,LEAD,1,0,2.44,-2.44,0.0,-100.0
FieldSize,Terang,2680,Stand,TROTTERS,8,LEAD,2,1,23.31,76.69,50.0,329.0
FieldSize,Terang,2680,Stand,TROTTERS,9,LEAD,1,0,38.46,-38.46,0.0,-100.0
FieldSize,Victor Harbor,1660,Mobile,PACERS,10,B/LEAD,3,0,33.44,-33.44,0.0,-100.0
FieldSize,Victor Harbor,1660,Mobile,PACERS,5,B/LEAD,3,1,89.63,10.37,33.3,11.6
FieldSize,Victor Harbor,1660,Mobile,PACERS,6,B/LEAD,9,1,67.73,32.27,11.1,47.6
FieldSize,Victor Harbor,1660,Mobile,PACERS,7,B/LEAD,11,1,217.32,-117.32,9.1,-54.0
FieldSize,Victor Harbor,1660,Mobile,PACERS,8,B/LEAD,9,1,120.32,-20.32,11.1,-16.9
FieldSize,Victor Harbor,1660,Mobile,PACERS,9,B/LEAD,3,0,23.04,-23.04,0.0,-100.0
FieldSize,Victor Harbor,1660,Mobile,PACERS,10,DEATH,3,1,91.51,8.49,33.3,9.3
FieldSize,Victor Harbor,1660,Mobile,PACERS,5,DEATH,3,0,33.05,-33.05,0.0,-100.0
FieldSize,Victor Harbor,1660,Mobile,PACERS,6,DEATH,9,4,255.3,144.7,44.4,56.7
FieldSize,Victor Harbor,1660,Mobile,PACERS,7,DEATH,11,2,267.12,-67.12,18.2,-25.1
FieldSize,Victor Harbor,1660,Mobile,PACERS,8,DEATH,9,1,140.28,-40.28,11.1,-28.7
FieldSize,Victor Harbor,1660,Mobile,PACERS,9,DEATH,3,1,69.85,30.15,33.3,43.2
FieldSize,Victor Harbor,1660,Mobile,PACERS,10,LEAD,3,1,81.54,18.46,33.3,22.6
FieldSize,Victor Harbor,1660,Mobile,PACERS,5,LEAD,3,1,140.19,-40.19,33.3,-28.7
FieldSize,Victor Harbor,1660,Mobile,PACERS,6,LEAD,9,1,211.65,-111.65,11.1,-52.8
FieldSize,Victor Harbor,1660,Mobile,PACERS,7,LEAD,11,5,237.39,262.61,45.5,110.6
FieldSize,Victor Harbor,1660,Mobile,PACERS,8,LEAD,9,5,311.47,188.53,55.6,60.5
FieldSize,Victor Harbor,1660,Mobile,PACERS,9,LEAD,3,1,111.3,-11.3,33.3,-10.2
FieldSize,Victor Harbor,2160,Mobile,PACERS,10,B/LEAD,4,3,119.61,180.39,75.0,150.8
FieldSize,Victor Harbor,2160,Mobile,PACERS,5,B/LEAD,3,0,58.85,-58.85,0.0,-100.0
FieldSize,Victor Harbor,2160,Mobile,PACERS,6,B/LEAD,2,0,26.67,-26.67,0.0,-100.0
FieldSize,Victor Harbor,2160,Mobile,PACERS,7,B/LEAD,4,0,42.12,-42.12,0.0,-100.0
FieldSize,Victor Harbor,2160,Mobile,PACERS,8,B/LEAD,2,0,4.41,-4.41,0.0,-100.0
FieldSize,Victor Harbor,2160,Mobile,PACERS,9,B/LEAD,5,0,48.14,-48.14,0.0,-100.0
FieldSize,Victor Harbor,2160,Mobile,PACERS,10,DEATH,4,0,20.65,-20.65,0.0,-100.0
FieldSize,Victor Harbor,2160,Mobile,PACERS,5,DEATH,2,1,28.04,71.96,50.0,256.6
FieldSize,Victor Harbor,2160,Mobile,PACERS,6,DEATH,2,2,108.55,91.45,100.0,84.2
FieldSize,Victor Harbor,2160,Mobile,PACERS,7,DEATH,4,0,95.11,-95.11,0.0,-100.0
FieldSize,Victor Harbor,2160,Mobile,PACERS,8,DEATH,2,0,92.93,-92.93,0.0,-100.0
FieldSize,Victor Harbor,2160,Mobile,PACERS,9,DEATH,5,1,110.79,-10.79,20.0,-9.7
FieldSize,Victor Harbor,2160,Mobile,PACERS,10,LEAD,4,0,83.34,-83.34,0.0,-100.0
FieldSize,Victor Harbor,2160,Mobile,PACERS,5,LEAD,3,0,172.58,-172.58,0.0,-100.0
FieldSize,Victor Harbor,2160,Mobile,PACERS,6,LEAD,2,0,25.87,-25.87,0.0,-100.0
FieldSize,Victor Harbor,2160,Mobile,PACERS,7,LEAD,4,1,96.42,3.58,25.0,3.7
FieldSize,Victor Harbor,2160,Mobile,PACERS,8,LEAD,2,2,109.85,90.15,100.0,82.1
FieldSize,Victor Harbor,2160,Mobile,PACERS,9,LEAD,5,1,109.96,-9.96,20.0,-9.1
FieldSize,Victor Harbor,2160,Mobile,TROTTERS,10,B/LEAD,2,0,12.94,-12.94,0.0,-100.0
FieldSize,Victor Harbor,2160,Mobile,TROTTERS,6,B/LEAD,2,0,20.42,-20.42,0.0,-100.0
FieldSize,Victor Harbor,2160,Mobile,TROTTERS,7,B/LEAD,3,0,53.89,-53.89,0.0,-100.0
FieldSize,Victor Harbor,2160,Mobile,TROTTERS,8,B/LEAD,1,0,64.52,-64.52,0.0,-100.0
FieldSize,Victor Harbor,2160,Mobile,TROTTERS,9,B/LEAD,2,1,7.22,92.78,50.0,1285.0
FieldSize,Victor Harbor,2160,Mobile,TROTTERS,10,DEATH,2,0,19.05,-19.05,0.0,-100.0
FieldSize,Victor Harbor,2160,Mobile,TROTTERS,6,DEATH,2,1,95.45,4.55,50.0,4.8
FieldSize,Victor Harbor,2160,Mobile,TROTTERS,7,DEATH,3,2,128.26,71.74,66.7,55.9
FieldSize,Victor Harbor,2160,Mobile,TROTTERS,8,DEATH,1,0,10.0,-10.0,0.0,-100.0
FieldSize,Victor Harbor,2160,Mobile,TROTTERS,9,DEATH,2,1,91.91,8.09,50.0,8.8
FieldSize,Victor Harbor,2160,Mobile,TROTTERS,10,LEAD,2,2,64.78,135.22,100.0,208.7
FieldSize,Victor Harbor,2160,Mobile,TROTTERS,6,LEAD,2,1,55.31,44.69,50.0,80.8
FieldSize,Victor Harbor,2160,Mobile,TROTTERS,7,LEAD,3,0,25.78,-25.78,0.0,-100.0
FieldSize,Victor Harbor,2160,Mobile,TROTTERS,8,LEAD,1,0,25.0,-25.0,0.0,-100.0
FieldSize,Victor Harbor,2160,Mobile,TROTTERS,9,LEAD,2,0,27.27,-27.27,0.0,-100.0
FieldSize,Victor Harbor,2160,Stand,TROTTERS,10,B/LEAD,1,0,18.18,-18.18,0.0,-100.0
FieldSize,Victor Harbor,2160,Stand,TROTTERS,5,B/LEAD,2,0,14.05,-14.05,0.0,-100.0
FieldSize,Victor Harbor,2160,Stand,TROTTERS,6,B/LEAD,1,0,9.26,-9.26,0.0,-100.0
FieldSize,Victor Harbor,2160,Stand,TROTTERS,7,B/LEAD,1,1,50.0,50.0,100.0,100.0
FieldSize,Victor Harbor,2160,Stand,TROTTERS,10,DEATH,1,0,5.26,-5.26,0.0,-100.0
FieldSize,Victor Harbor,2160,Stand,TROTTERS,5,DEATH,1,1,68.97,31.03,100.0,45.0
FieldSize,Victor Harbor,2160,Stand,TROTTERS,6,DEATH,1,1,24.39,75.61,100.0,310.0
FieldSize,Victor Harbor,2160,Stand,TROTTERS,10,LEAD,1,1,26.32,73.68,100.0,279.9
FieldSize,Victor Harbor,2160,Stand,TROTTERS,5,LEAD,2,1,50.96,49.04,50.0,96.2
FieldSize,Victor Harbor,2160,Stand,TROTTERS,6,LEAD,1,0,10.99,-10.99,0.0,-100.0
FieldSize,Victor Harbor,2160,Stand,TROTTERS,7,LEAD,1,0,23.81,-23.81,0.0,-100.0
FieldSize,Victor Harbor,2660,Stand,PACERS,8,B/LEAD,2,0,35.36,-35.36,0.0,-100.0
FieldSize,Victor Harbor,2660,Stand,PACERS,8,DEATH,2,0,72.94,-72.94,0.0,-100.0
FieldSize,Victor Harbor,2660,Stand,PACERS,8,LEAD,2,1,36.87,63.13,50.0,171.2
FieldSize,Victor Harbor,2660,Stand,TROTTERS,6,B/LEAD,1,0,18.52,-18.52,0.0,-100.0
FieldSize,Victor Harbor,2660,Stand,TROTTERS,7,B/LEAD,1,0,20.83,-20.83,0.0,-100.0
FieldSize,Victor Harbor,2660,Stand,TROTTERS,6,DEATH,1,1,55.56,44.44,100.0,80.0
FieldSize,Victor Harbor,2660,Stand,TROTTERS,7,DEATH,1,0,21.74,-21.74,0.0,-100.0
FieldSize,Victor Harbor,2660,Stand,TROTTERS,6,LEAD,1,0,13.7,-13.7,0.0,-100.0
FieldSize,Victor Harbor,2660,Stand,TROTTERS,7,LEAD,1,1,27.03,72.97,100.0,270.0
FieldSize,Wagga,1740,Mobile,PACERS,10,B/LEAD,852,117,10690.5,1009.5,13.7,9.4
FieldSize,Wagga,1740,Mobile,PACERS,11,B/LEAD,2,1,35.71,64.29,50.0,180.0
FieldSize,Wagga,1740,Mobile,PACERS,12,B/LEAD,2,0,15.56,-15.56,0.0,-100.0
FieldSize,Wagga,1740,Mobile,PACERS,4,B/LEAD,3,2,81.36,118.64,66.7,145.8
FieldSize,Wagga,1740,Mobile,PACERS,5,B/LEAD,7,2,172.89,27.11,28.6,15.7
FieldSize,Wagga,1740,Mobile,PACERS,6,B/LEAD,40,7,665.82,34.18,17.5,5.1
FieldSize,Wagga,1740,Mobile,PACERS,7,B/LEAD,80,10,1338.93,-338.93,12.5,-25.3
FieldSize,Wagga,1740,Mobile,PACERS,8,B/LEAD,270,35,4395.66,-895.66,13.0,-20.4
FieldSize,Wagga,1740,Mobile,PACERS,9,B/LEAD,462,70,7470.42,-470.42,15.2,-6.3
FieldSize,Wagga,1740,Mobile,PACERS,10,DEATH,841,88,13097.95,-4297.95,10.5,-32.8
FieldSize,Wagga,1740,Mobile,PACERS,11,DEATH,1,0,2.94,-2.94,0.0,-100.0
FieldSize,Wagga,1740,Mobile,PACERS,12,DEATH,2,0,4.02,-4.02,0.0,-100.0
FieldSize,Wagga,1740,Mobile,PACERS,5,DEATH,2,1,117.94,-17.94,50.0,-15.2
FieldSize,Wagga,1740,Mobile,PACERS,6,DEATH,28,5,557.51,-57.51,17.9,-10.3
FieldSize,Wagga,1740,Mobile,PACERS,7,DEATH,74,6,1211.18,-611.18,8.1,-50.5
FieldSize,Wagga,1740,Mobile,PACERS,8,DEATH,268,41,5011.86,-911.86,15.3,-18.2
FieldSize,Wagga,1740,Mobile,PACERS,9,DEATH,455,61,7744.66,-1644.66,13.4,-21.2
FieldSize,Wagga,1740,Mobile,PACERS,10,LEAD,847,326,26227.02,6372.98,38.5,24.3
FieldSize,Wagga,1740,Mobile,PACERS,11,LEAD,2,0,84.35,-84.35,0.0,-100.0
FieldSize,Wagga,1740,Mobile,PACERS,12,LEAD,2,2,83.88,116.12,100.0,138.4
FieldSize,Wagga,1740,Mobile,PACERS,4,LEAD,3,1,218.59,-118.59,33.3,-54.3
FieldSize,Wagga,1740,Mobile,PACERS,5,LEAD,7,3,345.3,-45.3,42.9,-13.1
FieldSize,Wagga,1740,Mobile,PACERS,6,LEAD,40,24,1997.3,402.7,60.0,20.2
FieldSize,Wagga,1740,Mobile,PACERS,7,LEAD,78,40,3348.81,651.19,51.3,19.4
FieldSize,Wagga,1740,Mobile,PACERS,8,LEAD,266,107,9256.85,1443.15,40.2,15.6
FieldSize,Wagga,1740,Mobile,PACERS,9,LEAD,458,178,15055.89,2744.11,38.9,18.2
FieldSize,Wagga,1740,Mobile,TROTTERS,6,B/LEAD,2,0,73.61,-73.61,0.0,-100.0
FieldSize,Wagga,1740,Mobile,TROTTERS,8,B/LEAD,2,0,54.29,-54.29,0.0,-100.0
FieldSize,Wagga,1740,Mobile,TROTTERS,9,B/LEAD,2,0,46.43,-46.43,0.0,-100.0
FieldSize,Wagga,1740,Mobile,TROTTERS,6,DEATH,2,1,34.92,65.08,50.0,186.4
FieldSize,Wagga,1740,Mobile,TROTTERS,8,DEATH,1,0,7.69,-7.69,0.0,-100.0
FieldSize,Wagga,1740,Mobile,TROTTERS,9,DEATH,1,0,31.25,-31.25,0.0,-100.0
FieldSize,Wagga,1740,Mobile,TROTTERS,6,LEAD,2,1,88.03,11.97,50.0,13.6
FieldSize,Wagga,1740,Mobile,TROTTERS,8,LEAD,2,1,53.14,46.86,50.0,88.2
FieldSize,Wagga,1740,Mobile,TROTTERS,9,LEAD,2,0,21.43,-21.43,0.0,-100.0
FieldSize,Wagga,2270,Mobile,PACERS,10,B/LEAD,186,23,2308.91,-8.91,12.4,-0.4
FieldSize,Wagga,2270,Mobile,PACERS,11,B/LEAD,5,1,48.19,51.81,20.0,107.5
FieldSize,Wagga,2270,Mobile,PACERS,12,B/LEAD,18,4,320.53,79.47,22.2,24.8
FieldSize,Wagga,2270,Mobile,PACERS,6,B/LEAD,4,0,100.8,-100.8,0.0,-100.0
FieldSize,Wagga,2270,Mobile,PACERS,7,B/LEAD,30,2,568.31,-368.31,6.7,-64.8
FieldSize,Wagga,2270,Mobile,PACERS,8,B/LEAD,96,15,1327.88,172.12,15.6,13.0
FieldSize,Wagga,2270,Mobile,PACERS,9,B/LEAD,159,18,2380.27,-580.27,11.3,-24.4
FieldSize,Wagga,2270,Mobile,PACERS,10,DEATH,185,19,2889.34,-989.34,10.3,-34.2
FieldSize,Wagga,2270,Mobile,PACERS,11,DEATH,4,0,97.7,-97.7,0.0,-100.0
FieldSize,Wagga,2270,Mobile,PACERS,12,DEATH,19,2,298.49,-98.49,10.5,-33.0
FieldSize,Wagga,2270,Mobile,PACERS,6,DEATH,3,1,74.85,25.15,33.3,33.6
FieldSize,Wagga,2270,Mobile,PACERS,7,DEATH,25,3,408.67,-108.67,12.0,-26.6
FieldSize,Wagga,2270,Mobile,PACERS,8,DEATH,89,6,1692.7,-1092.7,6.7,-64.6
FieldSize,Wagga,2270,Mobile,PACERS,9,DEATH,157,19,2914.97,-1014.97,12.1,-34.8
FieldSize,Wagga,2270,Mobile,PACERS,10,LEAD,182,76,6296.14,1303.86,41.8,20.7
FieldSize,Wagga,2270,Mobile,PACERS,11,LEAD,5,1,171.7,-71.7,20.0,-41.8
FieldSize,Wagga,2270,Mobile,PACERS,12,LEAD,19,7,654.31,45.69,36.8,7.0
FieldSize,Wagga,2270,Mobile,PACERS,6,LEAD,4,2,172.27,27.73,50.0,16.1
FieldSize,Wagga,2270,Mobile,PACERS,7,LEAD,30,18,1489.63,310.37,60.0,20.8
FieldSize,Wagga,2270,Mobile,PACERS,8,LEAD,93,38,3717.0,83.0,40.9,2.2
FieldSize,Wagga,2270,Mobile,PACERS,9,LEAD,158,64,5047.65,1352.35,40.5,26.8
FieldSize,Wagga,2270,Mobile,TROTTERS,11,B/LEAD,1,0,1.41,-1.41,0.0,-100.0
FieldSize,Wagga,2270,Mobile,TROTTERS,6,B/LEAD,1,0,11.76,-11.76,0.0,-100.0
FieldSize,Wagga,2270,Mobile,TROTTERS,7,B/LEAD,2,0,10.5,-10.5,0.0,-100.0
FieldSize,Wagga,2270,Mobile,TROTTERS,8,B/LEAD,2,1,58.46,41.54,50.0,71.1
FieldSize,Wagga,2270,Mobile,TROTTERS,11,DEATH,1,0,30.3,-30.3,0.0,-100.0
FieldSize,Wagga,2270,Mobile,TROTTERS,7,DEATH,4,0,32.58,-32.58,0.0,-100.0
FieldSize,Wagga,2270,Mobile,TROTTERS,8,DEATH,1,0,86.96,-86.96,0.0,-100.0
FieldSize,Wagga,2270,Mobile,TROTTERS,11,LEAD,1,1,47.62,52.38,100.0,110.0
FieldSize,Wagga,2270,Mobile,TROTTERS,6,LEAD,1,0,10.53,-10.53,0.0,-100.0
FieldSize,Wagga,2270,Mobile,TROTTERS,7,LEAD,3,2,146.92,53.08,66.7,36.1
FieldSize,Wagga,2270,Mobile,TROTTERS,8,LEAD,2,0,8.2,-8.2,0.0,-100.0
FieldSize,Wagga,2800,Mobile,PACERS,12,B/LEAD,1,0,1.41,-1.41,0.0,-100.0
FieldSize,Wagga,2800,Mobile,PACERS,12,DEATH,1,1,33.33,66.67,100.0,200.0
FieldSize,Wagga,2800,Mobile,PACERS,12,LEAD,1,0,13.33,-13.33,0.0,-100.0
FieldSize,Wagin,1776,Mobile,PACERS,10,B/LEAD,36,3,398.36,-98.36,8.3,-24.7
FieldSize,Wagin,1776,Mobile,PACERS,6,B/LEAD,3,0,57.92,-57.92,0.0,-100.0
FieldSize,Wagin,1776,Mobile,PACERS,7,B/LEAD,11,1,216.68,-116.68,9.1,-53.8
FieldSize,Wagin,1776,Mobile,PACERS,8,B/LEAD,12,1,142.04,-42.04,8.3,-29.6
FieldSize,Wagin,1776,Mobile,PACERS,9,B/LEAD,21,2,325.74,-125.74,9.5,-38.6
FieldSize,Wagin,1776,Mobile,PACERS,10,DEATH,36,5,797.17,-297.17,13.9,-37.3
FieldSize,Wagin,1776,Mobile,PACERS,6,DEATH,3,1,96.54,3.46,33.3,3.6
FieldSize,Wagin,1776,Mobile,PACERS,7,DEATH,11,3,291.35,8.65,27.3,3.0
FieldSize,Wagin,1776,Mobile,PACERS,8,DEATH,12,0,227.42,-227.42,0.0,-100.0
FieldSize,Wagin,1776,Mobile,PACERS,9,DEATH,21,2,331.58,-131.58,9.5,-39.7
FieldSize,Wagin,1776,Mobile,PACERS,10,LEAD,36,13,710.57,589.43,36.1,83.0
FieldSize,Wagin,1776,Mobile,PACERS,6,LEAD,3,2,52.97,147.03,66.7,277.6
FieldSize,Wagin,1776,Mobile,PACERS,7,LEAD,11,4,279.43,120.57,36.4,43.1
FieldSize,Wagin,1776,Mobile,PACERS,8,LEAD,12,5,338.94,161.06,41.7,47.5
FieldSize,Wagin,1776,Mobile,PACERS,9,LEAD,21,10,609.49,390.51,47.6,64.1
FieldSize,Wagin,2180,Mobile,PACERS,10,B/LEAD,71,3,855.37,-555.37,4.2,-64.9
FieldSize,Wagin,2180,Mobile,PACERS,6,B/LEAD,4,0,83.87,-83.87,0.0,-100.0
FieldSize,Wagin,2180,Mobile,PACERS,7,B/LEAD,23,1,206.17,-106.17,4.3,-51.5
FieldSize,Wagin,2180,Mobile,PACERS,8,B/LEAD,21,7,335.3,364.7,33.3,108.8
FieldSize,Wagin,2180,Mobile,PACERS,9,B/LEAD,37,2,370.02,-170.02,5.4,-45.9
FieldSize,Wagin,2180,Mobile,PACERS,10,DEATH,71,13,1418.5,-118.5,18.3,-8.4
FieldSize,Wagin,2180,Mobile,PACERS,6,DEATH,4,0,130.5,-130.5,0.0,-100.0
FieldSize,Wagin,2180,Mobile,PACERS,7,DEATH,23,1,518.66,-418.66,4.3,-80.7
FieldSize,Wagin,2180,Mobile,PACERS,8,DEATH,21,2,555.88,-355.88,9.5,-64.0
FieldSize,Wagin,2180,Mobile,PACERS,9,DEATH,37,4,694.17,-294.17,10.8,-42.4
FieldSize,Wagin,2180,Mobile,PACERS,10,LEAD,72,28,1955.02,844.98,38.9,43.2
FieldSize,Wagin,2180,Mobile,PACERS,6,LEAD,4,1,92.8,7.2,25.0,7.8
FieldSize,Wagin,2180,Mobile,PACERS,7,LEAD,23,12,654.66,545.34,52.2,83.3
FieldSize,Wagin,2180,Mobile,PACERS,8,LEAD,20,7,599.56,100.44,35.0,16.8
FieldSize,Wagin,2180,Mobile,PACERS,9,LEAD,37,15,1130.13,369.87,40.5,32.7
FieldSize,Wagin,2540,Stand,PACERS,7,B/LEAD,2,1,40.91,59.09,50.0,144.4
FieldSize,Wagin,2540,Stand,PACERS,8,B/LEAD,3,0,20.7,-20.7,0.0,-100.0
FieldSize,Wagin,2540,Stand,PACERS,9,B/LEAD,2,0,5.88,-5.88,0.0,-100.0
FieldSize,Wagin,2540,Stand,PACERS,7,DEATH,2,0,29.92,-29.92,0.0,-100.0
FieldSize,Wagin,2540,Stand,PACERS,8,DEATH,3,0,30.08,-30.08,0.0,-100.0
FieldSize,Wagin,2540,Stand,PACERS,9,DEATH,2,0,26.8,-26.8,0.0,-100.0
FieldSize,Wagin,2540,Stand,PACERS,7,LEAD,2,0,55.05,-55.05,0.0,-100.0
FieldSize,Wagin,2540,Stand,PACERS,8,LEAD,3,1,86.54,13.46,33.3,15.6
FieldSize,Wagin,2540,Stand,PACERS,9,LEAD,2,1,132.04,-32.04,50.0,-24.3
FieldSize,Wagin,2590,Mobile,PACERS,10,B/LEAD,2,0,23.74,-23.74,0.0,-100.0
FieldSize,Wagin,2590,Mobile,PACERS,6,B/LEAD,1,0,3.85,-3.85,0.0,-100.0
FieldSize,Wagin,2590,Mobile,PACERS,8,B/LEAD,1,0,6.25,-6.25,0.0,-100.0
FieldSize,Wagin,2590,Mobile,PACERS,9,B/LEAD,6,0,95.01,-95.01,0.0,-100.0
FieldSize,Wagin,2590,Mobile,PACERS,10,DEATH,2,0,28.61,-28.61,0.0,-100.0
FieldSize,Wagin,2590,Mobile,PACERS,6,DEATH,1,0,20.0,-20.0,0.0,-100.0
FieldSize,Wagin,2590,Mobile,PACERS,8,DEATH,1,1,41.67,58.33,100.0,140.0
FieldSize,Wagin,2590,Mobile,PACERS,9,DEATH,6,1,138.73,-38.73,16.7,-27.9
FieldSize,Wagin,2590,Mobile,PACERS,10,LEAD,2,1,48.93,51.07,50.0,104.4
FieldSize,Wagin,2590,Mobile,PACERS,6,LEAD,1,0,14.29,-14.29,0.0,-100.0
FieldSize,Wagin,2590,Mobile,PACERS,8,LEAD,1,0,46.51,-46.51,0.0,-100.0
FieldSize,Wagin,2590,Mobile,PACERS,9,LEAD,6,3,199.84,100.16,50.0,50.1
FieldSize,Wangaratta,1800,Mobile,PACERS,10,B/LEAD,1,1,14.29,85.71,100.0,599.8
FieldSize,Wangaratta,1800,Mobile,PACERS,6,B/LEAD,3,1,56.49,43.51,33.3,77.0
FieldSize,Wangaratta,1800,Mobile,PACERS,7,B/LEAD,2,0,13.49,-13.49,0.0,-100.0
FieldSize,Wangaratta,1800,Mobile,PACERS,8,B/LEAD,2,1,56.79,43.21,50.0,76.1
FieldSize,Wangaratta,1800,Mobile,PACERS,9,B/LEAD,3,1,41.34,58.66,33.3,141.9
FieldSize,Wangaratta,1800,Mobile,PACERS,10,DEATH,1,0,37.04,-37.04,0.0,-100.0
FieldSize,Wangaratta,1800,Mobile,PACERS,6,DEATH,2,0,35.1,-35.1,0.0,-100.0
FieldSize,Wangaratta,1800,Mobile,PACERS,7,DEATH,2,0,35.64,-35.64,0.0,-100.0
FieldSize,Wangaratta,1800,Mobile,PACERS,8,DEATH,2,0,75.0,-75.0,0.0,-100.0
FieldSize,Wangaratta,1800,Mobile,PACERS,9,DEATH,3,0,51.08,-51.08,0.0,-100.0
FieldSize,Wangaratta,1800,Mobile,PACERS,10,LEAD,1,0,20.0,-20.0,0.0,-100.0
FieldSize,Wangaratta,1800,Mobile,PACERS,6,LEAD,3,2,172.86,27.14,66.7,15.7
FieldSize,Wangaratta,1800,Mobile,PACERS,7,LEAD,2,2,40.61,159.39,100.0,392.5
FieldSize,Wangaratta,1800,Mobile,PACERS,8,LEAD,2,1,24.06,75.94,50.0,315.6
FieldSize,Wangaratta,1800,Mobile,PACERS,9,LEAD,3,2,89.9,110.1,66.7,122.5
FieldSize,Wangaratta,2210,Mobile,PACERS,10,B/LEAD,3,0,43.86,-43.86,0.0,-100.0
FieldSize,Wangaratta,2210,Mobile,PACERS,11,B/LEAD,1,0,1.41,-1.41,0.0,-100.0
FieldSize,Wangaratta,2210,Mobile,PACERS,6,B/LEAD,3,1,51.83,48.17,33.3,92.9
FieldSize,Wangaratta,2210,Mobile,PACERS,7,B/LEAD,5,1,39.61,60.39,20.0,152.5
FieldSize,Wangaratta,2210,Mobile,PACERS,8,B/LEAD,7,1,129.64,-29.64,14.3,-22.9
FieldSize,Wangaratta,2210,Mobile,PACERS,9,B/LEAD,2,0,38.11,-38.11,0.0,-100.0
FieldSize,Wangaratta,2210,Mobile,PACERS,10,DEATH,3,0,33.39,-33.39,0.0,-100.0
FieldSize,Wangaratta,2210,Mobile,PACERS,11,DEATH,1,0,51.28,-51.28,0.0,-100.0
FieldSize,Wangaratta,2210,Mobile,PACERS,6,DEATH,3,1,98.47,1.53,33.3,1.6
FieldSize,Wangaratta,2210,Mobile,PACERS,7,DEATH,5,1,184.23,-84.23,20.0,-45.7
FieldSize,Wangaratta,2210,Mobile,PACERS,8,DEATH,7,1,177.45,-77.45,14.3,-43.6
FieldSize,Wangaratta,2210,Mobile,PACERS,9,DEATH,2,0,5.08,-5.08,0.0,-100.0
FieldSize,Wangaratta,2210,Mobile,PACERS,10,LEAD,3,1,68.5,31.5,33.3,46.0
FieldSize,Wangaratta,2210,Mobile,PACERS,11,LEAD,1,0,3.85,-3.85,0.0,-100.0
FieldSize,Wangaratta,2210,Mobile,PACERS,6,LEAD,3,1,116.32,-16.32,33.3,-14.0
FieldSize,Wangaratta,2210,Mobile,PACERS,7,LEAD,5,1,92.88,7.12,20.0,7.7
FieldSize,Wangaratta,2210,Mobile,PACERS,8,LEAD,6,2,139.65,60.35,33.3,43.2
FieldSize,Wangaratta,2210,Mobile,PACERS,9,LEAD,2,1,77.96,22.04,50.0,28.3
FieldSize,Wangaratta,2210,Mobile,TROTTERS,5,B/LEAD,1,0,30.3,-30.3,0.0,-100.0
FieldSize,Wangaratta,2210,Mobile,TROTTERS,7,B/LEAD,1,0,16.67,-16.67,0.0,-100.0
FieldSize,Wangaratta,2210,Mobile,TROTTERS,9,B/LEAD,1,0,0.99,-0.99,0.0,-100.0
FieldSize,Wangaratta,2210,Mobile,TROTTERS,7,DEATH,1,0,71.43,-71.43,0.0,-100.0
FieldSize,Wangaratta,2210,Mobile,TROTTERS,9,DEATH,1,0,13.33,-13.33,0.0,-100.0
FieldSize,Wangaratta,2210,Mobile,TROTTERS,5,LEAD,1,1,22.73,77.27,100.0,339.9
FieldSize,Wangaratta,2210,Mobile,TROTTERS,7,LEAD,1,1,10.0,90.0,100.0,900.0
FieldSize,Wangaratta,2210,Mobile,TROTTERS,9,LEAD,1,1,14.29,85.71,100.0,599.8
FieldSize,Wangaratta,2615,Stand,TROTTERS,6,B/LEAD,2,1,53.43,46.57,50.0,87.2
FieldSize,Wangaratta,2615,Stand,TROTTERS,7,B/LEAD,1,0,20.0,-20.0,0.0,-100.0
FieldSize,Wangaratta,2615,Stand,TROTTERS,6,DEATH,2,1,52.78,47.22,50.0,89.5
FieldSize,Wangaratta,2615,Stand,TROTTERS,7,DEATH,1,0,27.78,-27.78,0.0,-100.0
FieldSize,Wangaratta,2615,Stand,TROTTERS,6,LEAD,2,0,25.09,-25.09,0.0,-100.0
FieldSize,Wangaratta,2615,Stand,TROTTERS,7,LEAD,1,1,10.53,89.47,100.0,849.7
FieldSize,Warragul,1790,Mobile,PACERS,10,B/LEAD,7,1,92.83,7.17,14.3,7.7
FieldSize,Warragul,1790,Mobile,PACERS,4,B/LEAD,1,0,21.74,-21.74,0.0,-100.0
FieldSize,Warragul,1790,Mobile,PACERS,5,B/LEAD,8,2,138.41,61.59,25.0,44.5
FieldSize,Warragul,1790,Mobile,PACERS,6,B/LEAD,19,4,341.55,58.45,21.1,17.1
FieldSize,Warragul,1790,Mobile,PACERS,7,B/LEAD,22,2,385.09,-185.09,9.1,-48.1
FieldSize,Warragul,1790,Mobile,PACERS,8,B/LEAD,25,3,445.56,-145.56,12.0,-32.7
FieldSize,Warragul,1790,Mobile,PACERS,9,B/LEAD,12,2,288.92,-88.92,16.7,-30.8
FieldSize,Warragul,1790,Mobile,PACERS,10,DEATH,7,1,104.54,-4.54,14.3,-4.3
FieldSize,Warragul,1790,Mobile,PACERS,4,DEATH,1,0,55.56,-55.56,0.0,-100.0
FieldSize,Warragul,1790,Mobile,PACERS,5,DEATH,5,1,227.33,-127.33,20.0,-56.0
FieldSize,Warragul,1790,Mobile,PACERS,6,DEATH,17,2,336.24,-136.24,11.8,-40.5
FieldSize,Warragul,1790,Mobile,PACERS,7,DEATH,22,2,494.46,-294.46,9.1,-59.6
FieldSize,Warragul,1790,Mobile,PACERS,8,DEATH,24,5,520.23,-20.23,20.8,-3.9
FieldSize,Warragul,1790,Mobile,PACERS,9,DEATH,11,0,128.23,-128.23,0.0,-100.0
FieldSize,Warragul,1790,Mobile,PACERS,10,LEAD,7,3,153.87,146.13,42.9,95.0
FieldSize,Warragul,1790,Mobile,PACERS,4,LEAD,1,1,38.46,61.54,100.0,160.0
FieldSize,Warragul,1790,Mobile,PACERS,5,LEAD,8,2,265.24,-65.24,25.0,-24.6
FieldSize,Warragul,1790,Mobile,PACERS,6,LEAD,19,8,784.36,15.64,42.1,2.0
FieldSize,Warragul,1790,Mobile,PACERS,7,LEAD,22,9,603.96,296.04,40.9,49.0
FieldSize,Warragul,1790,Mobile,PACERS,8,LEAD,25,9,641.21,258.79,36.0,40.4
FieldSize,Warragul,1790,Mobile,PACERS,9,LEAD,11,5,231.02,268.98,45.5,116.4
FieldSize,Warragul,1790,Mobile,TROTTERS,6,B/LEAD,1,0,15.38,-15.38,0.0,-100.0
FieldSize,Warragul,1790,Mobile,TROTTERS,6,DEATH,1,0,40.0,-40.0,0.0,-100.0
FieldSize,Warragul,1790,Mobile,TROTTERS,6,LEAD,1,1,50.0,50.0,100.0,100.0
FieldSize,Warragul,2210,Mobile,PACERS,10,B/LEAD,7,2,132.82,67.18,28.6,50.6
FieldSize,Warragul,2210,Mobile,PACERS,11,B/LEAD,2,0,12.4,-12.4,0.0,-100.0
FieldSize,Warragul,2210,Mobile,PACERS,4,B/LEAD,2,0,58.51,-58.51,0.0,-100.0
FieldSize,Warragul,2210,Mobile,PACERS,5,B/LEAD,5,0,133.84,-133.84,0.0,-100.0
FieldSize,Warragul,2210,Mobile,PACERS,6,B/LEAD,24,3,355.13,-55.13,12.5,-15.5
FieldSize,Warragul,2210,Mobile,PACERS,7,B/LEAD,17,3,215.06,84.94,17.6,39.5
FieldSize,Warragul,2210,Mobile,PACERS,8,B/LEAD,12,0,231.76,-231.76,0.0,-100.0
FieldSize,Warragul,2210,Mobile,PACERS,9,B/LEAD,5,1,42.52,57.48,20.0,135.2
FieldSize,Warragul,2210,Mobile,PACERS,10,DEATH,7,2,191.61,8.39,28.6,4.4
FieldSize,Warragul,2210,Mobile,PACERS,11,DEATH,2,1,46.63,53.37,50.0,114.5
FieldSize,Warragul,2210,Mobile,PACERS,4,DEATH,1,0,24.39,-24.39,0.0,-100.0
FieldSize,Warragul,2210,Mobile,PACERS,5,DEATH,5,1,147.6,-47.6,20.0,-32.2
FieldSize,Warragul,2210,Mobile,PACERS,6,DEATH,21,3,542.51,-242.51,14.3,-44.7
FieldSize,Warragul,2210,Mobile,PACERS,7,DEATH,20,2,546.74,-346.74,10.0,-63.4
FieldSize,Warragul,2210,Mobile,PACERS,8,DEATH,12,1,294.94,-194.94,8.3,-66.1
FieldSize,Warragul,2210,Mobile,PACERS,9,DEATH,5,0,51.33,-51.33,0.0,-100.0
FieldSize,Warragul,2210,Mobile,PACERS,10,LEAD,7,2,218.07,-18.07,28.6,-8.3
FieldSize,Warragul,2210,Mobile,PACERS,11,LEAD,2,1,38.57,61.43,50.0,159.3
FieldSize,Warragul,2210,Mobile,PACERS,4,LEAD,2,2,55.18,144.82,100.0,262.5
FieldSize,Warragul,2210,Mobile,PACERS,5,LEAD,5,4,211.93,188.07,80.0,88.7
FieldSize,Warragul,2210,Mobile,PACERS,6,LEAD,24,13,864.88,435.12,54.2,50.3
FieldSize,Warragul,2210,Mobile,PACERS,7,LEAD,19,9,560.94,339.06,47.4,60.4
FieldSize,Warragul,2210,Mobile,PACERS,8,LEAD,12,9,389.63,510.37,75.0,131.0
FieldSize,Warragul,2210,Mobile,PACERS,9,LEAD,5,1,85.79,14.21,20.0,16.6
FieldSize,Warragul,2210,Mobile,TROTTERS,7,B/LEAD,2,0,34.48,-34.48,0.0,-100.0
FieldSize,Warragul,2210,Mobile,TROTTERS,8,B/LEAD,2,0,10.63,-10.63,0.0,-100.0
FieldSize,Warragul,2210,Mobile,TROTTERS,9,B/LEAD,1,0,1.23,-1.23,0.0,-100.0
FieldSize,Warragul,2210,Mobile,TROTTERS,7,DEATH,2,1,9.11,90.89,50.0,997.7
FieldSize,Warragul,2210,Mobile,TROTTERS,8,DEATH,2,0,64.39,-64.39,0.0,-100.0
FieldSize,Warragul,2210,Mobile,TROTTERS,9,DEATH,1,0,25.64,-25.64,0.0,-100.0
FieldSize,Warragul,2210,Mobile,TROTTERS,7,LEAD,2,1,74.65,25.35,50.0,34.0
FieldSize,Warragul,2210,Mobile,TROTTERS,8,LEAD,2,2,19.44,180.56,100.0,928.8
FieldSize,Warragul,2210,Mobile,TROTTERS,9,LEAD,1,0,27.78,-27.78,0.0,-100.0
FieldSize,Warragul,2210,Stand,TROTTERS,10,B/LEAD,1,0,20.0,-20.0,0.0,-100.0
FieldSize,Warragul,2210,Stand,TROTTERS,11,B/LEAD,2,1,17.52,82.48,50.0,470.8
FieldSize,Warragul,2210,Stand,TROTTERS,12,B/LEAD,2,0,1.93,-1.93,0.0,-100.0
FieldSize,Warragul,2210,Stand,TROTTERS,5,B/LEAD,1,0,31.25,-31.25,0.0,-100.0
FieldSize,Warragul,2210,Stand,TROTTERS,6,B/LEAD,5,0,61.17,-61.17,0.0,-100.0
FieldSize,Warragul,2210,Stand,TROTTERS,7,B/LEAD,4,0,32.15,-32.15,0.0,-100.0
FieldSize,Warragul,2210,Stand,TROTTERS,8,B/LEAD,7,2,93.72,106.28,28.6,113.4
FieldSize,Warragul,2210,Stand,TROTTERS,9,B/LEAD,2,0,19.68,-19.68,0.0,-100.0
FieldSize,Warragul,2210,Stand,TROTTERS,11,DEATH,2,1,36.01,63.99,50.0,177.7
FieldSize,Warragul,2210,Stand,TROTTERS,12,DEATH,2,0,17.38,-17.38,0.0,-100.0
FieldSize,Warragul,2210,Stand,TROTTERS,6,DEATH,2,0,65.56,-65.56,0.0,-100.0
FieldSize,Warragul,2210,Stand,TROTTERS,7,DEATH,4,2,137.59,62.41,50.0,45.4
FieldSize,Warragul,2210,Stand,TROTTERS,8,DEATH,7,0,164.33,-164.33,0.0,-100.0
FieldSize,Warragul,2210,Stand,TROTTERS,9,DEATH,2,2,82.63,117.37,100.0,142.0
FieldSize,Warragul,2210,Stand,TROTTERS,10,LEAD,1,1,41.67,58.33,100.0,140.0
FieldSize,Warragul,2210,Stand,TROTTERS,11,LEAD,2,0,25.77,-25.77,0.0,-100.0
FieldSize,Warragul,2210,Stand,TROTTERS,12,LEAD,2,1,72.73,27.27,50.0,37.5
FieldSize,Warragul,2210,Stand,TROTTERS,5,LEAD,1,1,5.88,94.12,100.0,1600.7
FieldSize,Warragul,2210,Stand,TROTTERS,6,LEAD,5,1,155.98,-55.98,20.0,-35.9
FieldSize,Warragul,2210,Stand,TROTTERS,7,LEAD,4,2,110.43,89.57,50.0,81.1
FieldSize,Warragul,2210,Stand,TROTTERS,8,LEAD,7,1,104.64,-4.64,14.3,-4.4
FieldSize,Warragul,2210,Stand,TROTTERS,9,LEAD,2,0,25.62,-25.62,0.0,-100.0
FieldSize,Warragul,2627,Mobile,PACERS,10,B/LEAD,1,0,2.44,-2.44,0.0,-100.0
FieldSize,Warragul,2627,Mobile,PACERS,6,B/LEAD,2,0,17.02,-17.02,0.0,-100.0
FieldSize,Warragul,2627,Mobile,PACERS,9,B/LEAD,1,0,4.95,-4.95,0.0,-100.0
FieldSize,Warragul,2627,Mobile,PACERS,10,DEATH,1,0,1.96,-1.96,0.0,-100.0
FieldSize,Warragul,2627,Mobile,PACERS,6,DEATH,2,0,83.82,-83.82,0.0,-100.0
FieldSize,Warragul,2627,Mobile,PACERS,9,DEATH,1,0,38.46,-38.46,0.0,-100.0
FieldSize,Warragul,2627,Mobile,PACERS,10,LEAD,1,1,94.34,5.66,100.0,6.0
FieldSize,Warragul,2627,Mobile,PACERS,6,LEAD,2,2,86.51,113.49,100.0,131.2
FieldSize,Warragul,2627,Mobile,PACERS,9,LEAD,1,0,32.26,-32.26,0.0,-100.0
FieldSize,Warragul,2627,Stand,TROTTERS,11,B/LEAD,1,0,3.23,-3.23,0.0,-100.0
FieldSize,Warragul,2627,Stand,TROTTERS,5,B/LEAD,1,0,6.25,-6.25,0.0,-100.0
FieldSize,Warragul,2627,Stand,TROTTERS,7,B/LEAD,3,1,35.29,64.71,33.3,183.4
FieldSize,Warragul,2627,Stand,TROTTERS,8,B/LEAD,1,0,1.23,-1.23,0.0,-100.0
FieldSize,Warragul,2627,Stand,TROTTERS,11,DEATH,1,0,22.73,-22.73,0.0,-100.0
FieldSize,Warragul,2627,Stand,TROTTERS,5,DEATH,1,0,5.26,-5.26,0.0,-100.0
FieldSize,Warragul,2627,Stand,TROTTERS,7,DEATH,3,2,68.49,131.51,66.7,192.0
FieldSize,Warragul,2627,Stand,TROTTERS,8,DEATH,1,0,28.57,-28.57,0.0,-100.0
FieldSize,Warragul,2627,Stand,TROTTERS,11,LEAD,1,1,29.41,70.59,100.0,240.0
FieldSize,Warragul,2627,Stand,TROTTERS,5,LEAD,1,1,25.0,75.0,100.0,300.0
FieldSize,Warragul,2627,Stand,TROTTERS,7,LEAD,3,0,41.85,-41.85,0.0,-100.0
FieldSize,Warragul,2627,Stand,TROTTERS,8,LEAD,1,1,12.5,87.5,100.0,700.0
FieldSize,Wedderburn,1750,Mobile,PACERS,10,B/LEAD,8,0,70.88,-70.88,0.0,-100.0
FieldSize,Wedderburn,1750,Mobile,PACERS,6,B/LEAD,1,0,18.18,-18.18,0.0,-100.0
FieldSize,Wedderburn,1750,Mobile,PACERS,8,B/LEAD,3,0,42.61,-42.61,0.0,-100.0
FieldSize,Wedderburn,1750,Mobile,PACERS,9,B/LEAD,3,1,52.37,47.63,33.3,90.9
FieldSize,Wedderburn,1750,Mobile,PACERS,10,DEATH,8,2,164.39,35.61,25.0,21.7
FieldSize,Wedderburn,1750,Mobile,PACERS,6,DEATH,1,1,10.0,90.0,100.0,900.0
FieldSize,Wedderburn,1750,Mobile,PACERS,8,DEATH,3,0,66.13,-66.13,0.0,-100.0
FieldSize,Wedderburn,1750,Mobile,PACERS,9,DEATH,3,1,74.94,25.06,33.3,33.4
FieldSize,Wedderburn,1750,Mobile,PACERS,10,LEAD,8,4,235.99,164.01,50.0,69.5
FieldSize,Wedderburn,1750,Mobile,PACERS,6,LEAD,1,0,55.56,-55.56,0.0,-100.0
FieldSize,Wedderburn,1750,Mobile,PACERS,8,LEAD,3,3,56.82,243.18,100.0,428.0
FieldSize,Wedderburn,1750,Mobile,PACERS,9,LEAD,3,1,25.41,74.59,33.3,293.5
FieldSize,Wedderburn,2150,Mobile,PACERS,10,B/LEAD,3,0,58.94,-58.94,0.0,-100.0
FieldSize,Wedderburn,2150,Mobile,PACERS,6,B/LEAD,2,0,11.23,-11.23,0.0,-100.0
FieldSize,Wedderburn,2150,Mobile,PACERS,7,B/LEAD,1,0,7.14,-7.14,0.0,-100.0
FieldSize,Wedderburn,2150,Mobile,PACERS,8,B/LEAD,2,0,4.7,-4.7,0.0,-100.0
FieldSize,Wedderburn,2150,Mobile,PACERS,9,B/LEAD,2,0,6.76,-6.76,0.0,-100.0
FieldSize,Wedderburn,2150,Mobile,PACERS,10,DEATH,3,0,45.41,-45.41,0.0,-100.0
FieldSize,Wedderburn,2150,Mobile,PACERS,6,DEATH,2,0,14.32,-14.32,0.0,-100.0
FieldSize,Wedderburn,2150,Mobile,PACERS,7,DEATH,1,0,6.25,-6.25,0.0,-100.0
FieldSize,Wedderburn,2150,Mobile,PACERS,8,DEATH,2,0,81.2,-81.2,0.0,-100.0
FieldSize,Wedderburn,2150,Mobile,PACERS,9,DEATH,2,1,25.48,74.52,50.0,292.5
FieldSize,Wedderburn,2150,Mobile,PACERS,10,LEAD,3,1,69.98,30.02,33.3,42.9
FieldSize,Wedderburn,2150,Mobile,PACERS,6,LEAD,2,1,106.32,-6.32,50.0,-5.9
FieldSize,Wedderburn,2150,Mobile,PACERS,7,LEAD,1,1,50.0,50.0,100.0,100.0
FieldSize,Wedderburn,2150,Mobile,PACERS,8,LEAD,2,2,44.56,155.44,100.0,348.8
FieldSize,Wedderburn,2150,Mobile,PACERS,9,LEAD,2,1,108.17,-8.17,50.0,-7.6
FieldSize,Wedderburn,2150,Mobile,TROTTERS,6,B/LEAD,2,0,21.02,-21.02,0.0,-100.0
FieldSize,Wedderburn,2150,Mobile,TROTTERS,8,B/LEAD,1,0,8.33,-8.33,0.0,-100.0
FieldSize,Wedderburn,2150,Mobile,TROTTERS,6,DEATH,2,0,23.86,-23.86,0.0,-100.0
FieldSize,Wedderburn,2150,Mobile,TROTTERS,8,DEATH,1,1,30.3,69.7,100.0,230.0
FieldSize,Wedderburn,2150,Mobile,TROTTERS,6,LEAD,2,2,156.04,43.96,100.0,28.2
FieldSize,Wedderburn,2150,Mobile,TROTTERS,8,LEAD,1,0,12.5,-12.5,0.0,-100.0
FieldSize,Wedderburn,2150,Stand,TROTTERS,10,B/LEAD,2,0,14.74,-14.74,0.0,-100.0
FieldSize,Wedderburn,2150,Stand,TROTTERS,8,B/LEAD,1,0,10.0,-10.0,0.0,-100.0
FieldSize,Wedderburn,2150,Stand,TROTTERS,10,DEATH,2,1,58.61,41.39,50.0,70.6
FieldSize,Wedderburn,2150,Stand,TROTTERS,8,DEATH,1,0,45.45,-45.45,0.0,-100.0
FieldSize,Wedderburn,2150,Stand,TROTTERS,10,LEAD,2,0,32.5,-32.5,0.0,-100.0
FieldSize,Wedderburn,2150,Stand,TROTTERS,8,LEAD,1,0,16.67,-16.67,0.0,-100.0
FieldSize,Wedderburn,2555,Mobile,PACERS,10,B/LEAD,1,0,11.11,-11.11,0.0,-100.0
FieldSize,Wedderburn,2555,Mobile,PACERS,6,B/LEAD,1,0,7.69,-7.69,0.0,-100.0
FieldSize,Wedderburn,2555,Mobile,PACERS,8,B/LEAD,1,0,1.96,-1.96,0.0,-100.0
FieldSize,Wedderburn,2555,Mobile,PACERS,9,B/LEAD,1,0,15.87,-15.87,0.0,-100.0
FieldSize,Wedderburn,2555,Mobile,PACERS,10,DEATH,1,0,11.11,-11.11,0.0,-100.0
FieldSize,Wedderburn,2555,Mobile,PACERS,6,DEATH,1,0,10.0,-10.0,0.0,-100.0
FieldSize,Wedderburn,2555,Mobile,PACERS,8,DEATH,1,1,32.26,67.74,100.0,210.0
FieldSize,Wedderburn,2555,Mobile,PACERS,9,DEATH,1,0,14.49,-14.49,0.0,-100.0
FieldSize,Wedderburn,2555,Mobile,PACERS,10,LEAD,1,1,37.04,62.96,100.0,170.0
FieldSize,Wedderburn,2555,Mobile,PACERS,6,LEAD,1,1,23.81,76.19,100.0,320.0
FieldSize,Wedderburn,2555,Mobile,PACERS,8,LEAD,1,0,55.56,-55.56,0.0,-100.0
FieldSize,Wedderburn,2555,Mobile,PACERS,9,LEAD,1,0,2.59,-2.59,0.0,-100.0
FieldSize,Wedderburn,2555,Stand,TROTTERS,10,B/LEAD,1,1,21.28,78.72,100.0,369.9
FieldSize,Wedderburn,2555,Stand,TROTTERS,10,DEATH,1,0,20.41,-20.41,0.0,-100.0
FieldSize,Wedderburn,2555,Stand,TROTTERS,10,LEAD,1,0,2.72,-2.72,0.0,-100.0
FieldSize,Wedderburn,2955,Stand,TROTTERS,10,B/LEAD,1,0,5.26,-5.26,0.0,-100.0
FieldSize,Wedderburn,2955,Stand,TROTTERS,6,B/LEAD,1,0,10.0,-10.0,0.0,-100.0
FieldSize,Wedderburn,2955,Stand,TROTTERS,9,B/LEAD,2,0,48.77,-48.77,0.0,-100.0
FieldSize,Wedderburn,2955,Stand,TROTTERS,10,DEATH,1,0,27.03,-27.03,0.0,-100.0
FieldSize,Wedderburn,2955,Stand,TROTTERS,6,DEATH,1,0,52.63,-52.63,0.0,-100.0
FieldSize,Wedderburn,2955,Stand,TROTTERS,9,DEATH,2,1,47.92,52.08,50.0,108.7
FieldSize,Wedderburn,2955,Stand,TROTTERS,10,LEAD,1,0,18.18,-18.18,0.0,-100.0
FieldSize,Wedderburn,2955,Stand,TROTTERS,6,LEAD,1,1,21.74,78.26,100.0,360.0
FieldSize,Wedderburn,2955,Stand,TROTTERS,9,LEAD,2,0,46.05,-46.05,0.0,-100.0
FieldSize,West Wyalong,1740,Mobile,PACERS,10,B/LEAD,33,1,513.06,-413.06,3.0,-80.5
FieldSize,West Wyalong,1740,Mobile,PACERS,5,B/LEAD,1,0,4.76,-4.76,0.0,-100.0
FieldSize,West Wyalong,1740,Mobile,PACERS,6,B/LEAD,4,0,32.67,-32.67,0.0,-100.0
FieldSize,West Wyalong,1740,Mobile,PACERS,7,B/LEAD,5,0,85.17,-85.17,0.0,-100.0
FieldSize,West Wyalong,1740,Mobile,PACERS,8,B/LEAD,20,1,176.96,-76.96,5.0,-43.5
FieldSize,West Wyalong,1740,Mobile,PACERS,9,B/LEAD,26,3,368.43,-68.43,11.5,-18.6
FieldSize,West Wyalong,1740,Mobile,PACERS,10,DEATH,32,4,552.71,-152.71,12.5,-27.6
FieldSize,West Wyalong,1740,Mobile,PACERS,6,DEATH,4,1,109.95,-9.95,25.0,-9.0
FieldSize,West Wyalong,1740,Mobile,PACERS,7,DEATH,5,1,165.61,-65.61,20.0,-39.6
FieldSize,West Wyalong,1740,Mobile,PACERS,8,DEATH,20,2,443.46,-243.46,10.0,-54.9
FieldSize,West Wyalong,1740,Mobile,PACERS,9,DEATH,27,4,509.91,-109.91,14.8,-21.6
FieldSize,West Wyalong,1740,Mobile,PACERS,10,LEAD,34,13,1040.64,259.36,38.2,24.9
FieldSize,West Wyalong,1740,Mobile,PACERS,5,LEAD,1,1,84.75,15.25,100.0,18.0
FieldSize,West Wyalong,1740,Mobile,PACERS,6,LEAD,4,3,241.5,58.5,75.0,24.2
FieldSize,West Wyalong,1740,Mobile,PACERS,7,LEAD,5,3,132.38,167.62,60.0,126.6
FieldSize,West Wyalong,1740,Mobile,PACERS,8,LEAD,20,13,680.34,619.66,65.0,91.1
FieldSize,West Wyalong,1740,Mobile,PACERS,9,LEAD,27,14,1007.83,392.17,51.9,38.9
FieldSize,West Wyalong,2140,Mobile,PACERS,10,B/LEAD,11,0,156.68,-156.68,0.0,-100.0
FieldSize,West Wyalong,2140,Mobile,PACERS,7,B/LEAD,1,0,35.71,-35.71,0.0,-100.0
FieldSize,West Wyalong,2140,Mobile,PACERS,8,B/LEAD,6,0,35.24,-35.24,0.0,-100.0
FieldSize,West Wyalong,2140,Mobile,PACERS,9,B/LEAD,17,0,192.41,-192.41,0.0,-100.0
FieldSize,West Wyalong,2140,Mobile,PACERS,10,DEATH,11,0,132.36,-132.36,0.0,-100.0
FieldSize,West Wyalong,2140,Mobile,PACERS,7,DEATH,1,0,18.18,-18.18,0.0,-100.0
FieldSize,West Wyalong,2140,Mobile,PACERS,8,DEATH,6,2,108.62,91.38,33.3,84.1
FieldSize,West Wyalong,2140,Mobile,PACERS,9,DEATH,17,1,519.72,-419.72,5.9,-80.8
FieldSize,West Wyalong,2140,Mobile,PACERS,10,LEAD,11,8,453.79,346.21,72.7,76.3
FieldSize,West Wyalong,2140,Mobile,PACERS,7,LEAD,1,0,2.94,-2.94,0.0,-100.0
FieldSize,West Wyalong,2140,Mobile,PACERS,8,LEAD,6,4,299.1,100.9,66.7,33.7
FieldSize,West Wyalong,2140,Mobile,PACERS,9,LEAD,17,8,552.79,247.21,47.1,44.7
FieldSize,West Wyalong,2540,Mobile,PACERS,10,B/LEAD,2,0,27.14,-27.14,0.0,-100.0
FieldSize,West Wyalong,2540,Mobile,PACERS,7,B/LEAD,1,0,20.0,-20.0,0.0,-100.0
FieldSize,West Wyalong,2540,Mobile,PACERS,8,B/LEAD,1,0,29.41,-29.41,0.0,-100.0
FieldSize,West Wyalong,2540,Mobile,PACERS,9,B/LEAD,1,0,43.48,-43.48,0.0,-100.0
FieldSize,West Wyalong,2540,Mobile,PACERS,10,DEATH,2,0,38.31,-38.31,0.0,-100.0
FieldSize,West Wyalong,2540,Mobile,PACERS,7,DEATH,1,0,22.73,-22.73,0.0,-100.0
FieldSize,West Wyalong,2540,Mobile,PACERS,8,DEATH,1,0,1.23,-1.23,0.0,-100.0
FieldSize,West Wyalong,2540,Mobile,PACERS,9,DEATH,1,1,11.11,88.89,100.0,800.1
FieldSize,West Wyalong,2540,Mobile,PACERS,10,LEAD,2,1,66.51,33.49,50.0,50.4
FieldSize,West Wyalong,2540,Mobile,PACERS,7,LEAD,1,0,52.63,-52.63,0.0,-100.0
FieldSize,West Wyalong,2540,Mobile,PACERS,8,LEAD,1,0,37.04,-37.04,0.0,-100.0
FieldSize,West Wyalong,2540,Mobile,PACERS,9,LEAD,1,0,18.18,-18.18,0.0,-100.0
FieldSize,Williams,1939,Mobile,PACERS,10,B/LEAD,2,0,49.76,-49.76,0.0,-100.0
FieldSize,Williams,1939,Mobile,PACERS,10,DEATH,2,0,8.2,-8.2,0.0,-100.0
FieldSize,Williams,1939,Mobile,PACERS,10,LEAD,2,0,38.14,-38.14,0.0,-100.0
FieldSize,Williams,2277,Mobile,PACERS,10,B/LEAD,6,0,54.75,-54.75,0.0,-100.0
FieldSize,Williams,2277,Mobile,PACERS,6,B/LEAD,2,0,27.97,-27.97,0.0,-100.0
FieldSize,Williams,2277,Mobile,PACERS,7,B/LEAD,3,0,40.41,-40.41,0.0,-100.0
FieldSize,Williams,2277,Mobile,PACERS,8,B/LEAD,8,1,161.86,-61.86,12.5,-38.2
FieldSize,Williams,2277,Mobile,PACERS,9,B/LEAD,13,1,161.19,-61.19,7.7,-38.0
FieldSize,Williams,2277,Mobile,PACERS,10,DEATH,6,0,91.66,-91.66,0.0,-100.0
FieldSize,Williams,2277,Mobile,PACERS,6,DEATH,2,0,65.37,-65.37,0.0,-100.0
FieldSize,Williams,2277,Mobile,PACERS,7,DEATH,3,0,16.3,-16.3,0.0,-100.0
FieldSize,Williams,2277,Mobile,PACERS,8,DEATH,8,1,133.14,-33.14,12.5,-24.9
FieldSize,Williams,2277,Mobile,PACERS,9,DEATH,12,4,248.02,151.98,33.3,61.3
FieldSize,Williams,2277,Mobile,PACERS,10,LEAD,6,3,184.14,115.86,50.0,62.9
FieldSize,Williams,2277,Mobile,PACERS,6,LEAD,2,2,43.63,156.37,100.0,358.4
FieldSize,Williams,2277,Mobile,PACERS,7,LEAD,3,2,178.67,21.33,66.7,11.9
FieldSize,Williams,2277,Mobile,PACERS,8,LEAD,8,3,271.31,28.69,37.5,10.6
FieldSize,Williams,2277,Mobile,PACERS,9,LEAD,11,4,351.84,48.16,36.4,13.7
FieldSize,Williams,2666,Mobile,PACERS,6,B/LEAD,1,0,18.18,-18.18,0.0,-100.0
FieldSize,Williams,2666,Mobile,PACERS,8,B/LEAD,1,0,4.76,-4.76,0.0,-100.0
FieldSize,Williams,2666,Mobile,PACERS,6,DEATH,1,0,5.88,-5.88,0.0,-100.0
FieldSize,Williams,2666,Mobile,PACERS,8,DEATH,1,0,10.53,-10.53,0.0,-100.0
FieldSize,Williams,2666,Mobile,PACERS,6,LEAD,1,1,87.72,12.28,100.0,14.0
FieldSize,Williams,2666,Mobile,PACERS,8,LEAD,1,1,73.53,26.47,100.0,36.0
FieldSize,Yarra Valley,1650,Mobile,PACERS,10,B/LEAD,52,6,590.41,9.59,11.5,1.6
FieldSize,Yarra Valley,1650,Mobile,PACERS,5,B/LEAD,1,0,10.0,-10.0,0.0,-100.0
FieldSize,Yarra Valley,1650,Mobile,PACERS,6,B/LEAD,14,1,291.61,-191.61,7.1,-65.7
FieldSize,Yarra Valley,1650,Mobile,PACERS,7,B/LEAD,23,2,341.46,-141.46,8.7,-41.4
FieldSize,Yarra Valley,1650,Mobile,PACERS,8,B/LEAD,32,4,506.56,-106.56,12.5,-21.0
FieldSize,Yarra Valley,1650,Mobile,PACERS,9,B/LEAD,38,5,452.98,47.02,13.2,10.4
FieldSize,Yarra Valley,1650,Mobile,PACERS,10,DEATH,53,5,879.12,-379.12,9.4,-43.1
FieldSize,Yarra Valley,1650,Mobile,PACERS,5,DEATH,1,0,38.46,-38.46,0.0,-100.0
FieldSize,Yarra Valley,1650,Mobile,PACERS,6,DEATH,10,2,375.37,-175.37,20.0,-46.7
FieldSize,Yarra Valley,1650,Mobile,PACERS,7,DEATH,22,4,370.99,29.01,18.2,7.8
FieldSize,Yarra Valley,1650,Mobile,PACERS,8,DEATH,31,4,556.86,-156.86,12.9,-28.2
FieldSize,Yarra Valley,1650,Mobile,PACERS,9,DEATH,38,7,810.19,-110.19,18.4,-13.6
FieldSize,Yarra Valley,1650,Mobile,PACERS,10,LEAD,52,20,1069.77,930.23,38.5,87.0
FieldSize,Yarra Valley,1650,Mobile,PACERS,5,LEAD,1,1,37.04,62.96,100.0,170.0
FieldSize,Yarra Valley,1650,Mobile,PACERS,6,LEAD,14,5,465.91,34.09,35.7,7.3
FieldSize,Yarra Valley,1650,Mobile,PACERS,7,LEAD,23,7,724.79,-24.79,30.4,-3.4
FieldSize,Yarra Valley,1650,Mobile,PACERS,8,LEAD,32,13,955.33,344.67,40.6,36.1
FieldSize,Yarra Valley,1650,Mobile,PACERS,9,LEAD,38,11,725.33,374.67,28.9,51.7
FieldSize,Yarra Valley,1650,Mobile,TROTTERS,10,B/LEAD,1,0,41.67,-41.67,0.0,-100.0
FieldSize,Yarra Valley,1650,Mobile,TROTTERS,6,B/LEAD,1,0,11.11,-11.11,0.0,-100.0
FieldSize,Yarra Valley,1650,Mobile,TROTTERS,7,B/LEAD,3,1,63.17,36.83,33.3,58.3
FieldSize,Yarra Valley,1650,Mobile,TROTTERS,8,B/LEAD,1,1,50.0,50.0,100.0,100.0
FieldSize,Yarra Valley,1650,Mobile,TROTTERS,9,B/LEAD,1,0,4.76,-4.76,0.0,-100.0
FieldSize,Yarra Valley,1650,Mobile,TROTTERS,10,DEATH,1,0,15.38,-15.38,0.0,-100.0
FieldSize,Yarra Valley,1650,Mobile,TROTTERS,7,DEATH,3,0,64.81,-64.81,0.0,-100.0
FieldSize,Yarra Valley,1650,Mobile,TROTTERS,8,DEATH,1,0,18.18,-18.18,0.0,-100.0
FieldSize,Yarra Valley,1650,Mobile,TROTTERS,9,DEATH,1,0,3.85,-3.85,0.0,-100.0
FieldSize,Yarra Valley,1650,Mobile,TROTTERS,10,LEAD,1,0,40.0,-40.0,0.0,-100.0
FieldSize,Yarra Valley,1650,Mobile,TROTTERS,6,LEAD,1,0,16.67,-16.67,0.0,-100.0
FieldSize,Yarra Valley,1650,Mobile,TROTTERS,7,LEAD,3,1,70.58,29.42,33.3,41.7
FieldSize,Yarra Valley,1650,Mobile,TROTTERS,8,LEAD,1,0,2.44,-2.44,0.0,-100.0
FieldSize,Yarra Valley,1650,Mobile,TROTTERS,9,LEAD,1,1,60.61,39.39,100.0,65.0
FieldSize,Yarra Valley,2150,Mobile,PACERS,10,B/LEAD,29,2,244.4,-44.4,6.9,-18.2
FieldSize,Yarra Valley,2150,Mobile,PACERS,11,B/LEAD,12,0,83.09,-83.09,0.0,-100.0
FieldSize,Yarra Valley,2150,Mobile,PACERS,12,B/LEAD,3,1,24.8,75.2,33.3,303.2
FieldSize,Yarra Valley,2150,Mobile,PACERS,4,B/LEAD,2,0,9.88,-9.88,0.0,-100.0
FieldSize,Yarra Valley,2150,Mobile,PACERS,5,B/LEAD,4,1,67.8,32.2,25.0,47.5
FieldSize,Yarra Valley,2150,Mobile,PACERS,6,B/LEAD,18,1,310.39,-210.39,5.6,-67.8
FieldSize,Yarra Valley,2150,Mobile,PACERS,7,B/LEAD,27,5,360.91,139.09,18.5,38.5
FieldSize,Yarra Valley,2150,Mobile,PACERS,8,B/LEAD,33,2,442.26,-242.26,6.1,-54.8
FieldSize,Yarra Valley,2150,Mobile,PACERS,9,B/LEAD,36,1,477.9,-377.9,2.8,-79.1
FieldSize,Yarra Valley,2150,Mobile,PACERS,10,DEATH,30,8,527.82,272.18,26.7,51.6
FieldSize,Yarra Valley,2150,Mobile,PACERS,11,DEATH,12,2,229.91,-29.91,16.7,-13.0
FieldSize,Yarra Valley,2150,Mobile,PACERS,12,DEATH,4,0,78.61,-78.61,0.0,-100.0
FieldSize,Yarra Valley,2150,Mobile,PACERS,5,DEATH,2,0,68.06,-68.06,0.0,-100.0
FieldSize,Yarra Valley,2150,Mobile,PACERS,6,DEATH,15,1,457.2,-357.2,6.7,-78.1
FieldSize,Yarra Valley,2150,Mobile,PACERS,7,DEATH,26,3,640.3,-340.3,11.5,-53.1
FieldSize,Yarra Valley,2150,Mobile,PACERS,8,DEATH,34,5,589.82,-89.82,14.7,-15.2
FieldSize,Yarra Valley,2150,Mobile,PACERS,9,DEATH,36,8,732.99,67.01,22.2,9.1
FieldSize,Yarra Valley,2150,Mobile,PACERS,10,LEAD,29,6,655.85,-55.85,20.7,-8.5
FieldSize,Yarra Valley,2150,Mobile,PACERS,11,LEAD,12,3,217.33,82.67,25.0,38.0
FieldSize,Yarra Valley,2150,Mobile,PACERS,12,LEAD,4,1,181.42,-81.42,25.0,-44.9
FieldSize,Yarra Valley,2150,Mobile,PACERS,4,LEAD,2,1,92.84,7.16,50.0,7.7
FieldSize,Yarra Valley,2150,Mobile,PACERS,5,LEAD,4,1,150.4,-50.4,25.0,-33.5
FieldSize,Yarra Valley,2150,Mobile,PACERS,6,LEAD,18,11,626.33,473.67,61.1,75.6
FieldSize,Yarra Valley,2150,Mobile,PACERS,7,LEAD,27,10,771.38,228.62,37.0,29.6
FieldSize,Yarra Valley,2150,Mobile,PACERS,8,LEAD,33,12,1165.18,34.82,36.4,3.0
FieldSize,Yarra Valley,2150,Mobile,PACERS,9,LEAD,35,11,987.85,112.15,31.4,11.4
FieldSize,Yarra Valley,2150,Mobile,TROTTERS,10,B/LEAD,7,0,39.36,-39.36,0.0,-100.0
FieldSize,Yarra Valley,2150,Mobile,TROTTERS,11,B/LEAD,3,0,39.85,-39.85,0.0,-100.0
FieldSize,Yarra Valley,2150,Mobile,TROTTERS,12,B/LEAD,6,0,48.95,-48.95,0.0,-100.0
FieldSize,Yarra Valley,2150,Mobile,TROTTERS,5,B/LEAD,3,1,92.86,7.14,33.3,7.7
FieldSize,Yarra Valley,2150,Mobile,TROTTERS,6,B/LEAD,6,2,80.85,119.15,33.3,147.4
FieldSize,Yarra Valley,2150,Mobile,TROTTERS,7,B/LEAD,15,1,261.76,-161.76,6.7,-61.8
FieldSize,Yarra Valley,2150,Mobile,TROTTERS,8,B/LEAD,7,0,162.88,-162.88,0.0,-100.0
FieldSize,Yarra Valley,2150,Mobile,TROTTERS,9,B/LEAD,8,2,58.52,141.48,25.0,241.8
FieldSize,Yarra Valley,2150,Mobile,TROTTERS,10,DEATH,7,2,215.4,-15.4,28.6,-7.1
FieldSize,Yarra Valley,2150,Mobile,TROTTERS,11,DEATH,3,0,38.38,-38.38,0.0,-100.0
FieldSize,Yarra Valley,2150,Mobile,TROTTERS,12,DEATH,6,0,85.82,-85.82,0.0,-100.0
FieldSize,Yarra Valley,2150,Mobile,TROTTERS,5,DEATH,2,1,29.35,70.65,50.0,240.7
FieldSize,Yarra Valley,2150,Mobile,TROTTERS,6,DEATH,5,1,89.94,10.06,20.0,11.2
FieldSize,Yarra Valley,2150,Mobile,TROTTERS,7,DEATH,12,1,246.35,-146.35,8.3,-59.4
FieldSize,Yarra Valley,2150,Mobile,TROTTERS,8,DEATH,7,1,80.3,19.7,14.3,24.5
FieldSize,Yarra Valley,2150,Mobile,TROTTERS,9,DEATH,8,0,105.55,-105.55,0.0,-100.0
FieldSize,Yarra Valley,2150,Mobile,TROTTERS,10,LEAD,7,4,198.73,201.27,57.1,101.3
FieldSize,Yarra Valley,2150,Mobile,TROTTERS,11,LEAD,3,3,162.27,137.73,100.0,84.9
FieldSize,Yarra Valley,2150,Mobile,TROTTERS,12,LEAD,6,2,88.96,111.04,33.3,124.8
FieldSize,Yarra Valley,2150,Mobile,TROTTERS,5,LEAD,3,1,123.81,-23.81,33.3,-19.2
FieldSize,Yarra Valley,2150,Mobile,TROTTERS,6,LEAD,6,2,215.02,-15.02,33.3,-7.0
FieldSize,Yarra Valley,2150,Mobile,TROTTERS,7,LEAD,15,9,421.08,478.92,60.0,113.7
FieldSize,Yarra Valley,2150,Mobile,TROTTERS,8,LEAD,7,2,237.67,-37.67,28.6,-15.8
FieldSize,Yarra Valley,2150,Mobile,TROTTERS,9,LEAD,8,2,315.92,-115.92,25.0,-36.7
FieldSize,Yarra Valley,2150,Stand,TROTTERS,10,B/LEAD,4,0,13.88,-13.88,0.0,-100.0
FieldSize,Yarra Valley,2150,Stand,TROTTERS,11,B/LEAD,1,1,11.11,88.89,100.0,800.1
FieldSize,Yarra Valley,2150,Stand,TROTTERS,12,B/LEAD,4,0,28.4,-28.4,0.0,-100.0
FieldSize,Yarra Valley,2150,Stand,TROTTERS,5,B/LEAD,2,0,51.15,-51.15,0.0,-100.0
FieldSize,Yarra Valley,2150,Stand,TROTTERS,6,B/LEAD,1,0,0.99,-0.99,0.0,-100.0
FieldSize,Yarra Valley,2150,Stand,TROTTERS,7,B/LEAD,7,2,174.42,25.58,28.6,14.7
FieldSize,Yarra Valley,2150,Stand,TROTTERS,8,B/LEAD,5,0,47.9,-47.9,0.0,-100.0
FieldSize,Yarra Valley,2150,Stand,TROTTERS,9,B/LEAD,8,1,73.57,26.43,12.5,35.9
FieldSize,Yarra Valley,2150,Stand,TROTTERS,10,DEATH,4,1,108.98,-8.98,25.0,-8.2
FieldSize,Yarra Valley,2150,Stand,TROTTERS,11,DEATH,1,0,5.88,-5.88,0.0,-100.0
FieldSize,Yarra Valley,2150,Stand,TROTTERS,12,DEATH,4,1,93.51,6.49,25.0,6.9
FieldSize,Yarra Valley,2150,Stand,TROTTERS,6,DEATH,1,0,33.33,-33.33,0.0,-100.0
FieldSize,Yarra Valley,2150,Stand,TROTTERS,7,DEATH,5,0,38.65,-38.65,0.0,-100.0
FieldSize,Yarra Valley,2150,Stand,TROTTERS,8,DEATH,5,0,128.97,-128.97,0.0,-100.0
FieldSize,Yarra Valley,2150,Stand,TROTTERS,9,DEATH,7,1,112.93,-12.93,14.3,-11.4
FieldSize,Yarra Valley,2150,Stand,TROTTERS,10,LEAD,4,2,62.69,137.31,50.0,219.0
FieldSize,Yarra Valley,2150,Stand,TROTTERS,11,LEAD,1,0,5.56,-5.56,0.0,-100.0
FieldSize,Yarra Valley,2150,Stand,TROTTERS,12,LEAD,4,2,73.87,126.13,50.0,170.7
FieldSize,Yarra Valley,2150,Stand,TROTTERS,5,LEAD,2,1,48.93,51.07,50.0,104.4
FieldSize,Yarra Valley,2150,Stand,TROTTERS,6,LEAD,1,1,55.56,44.44,100.0,80.0
FieldSize,Yarra Valley,2150,Stand,TROTTERS,7,LEAD,7,3,191.05,108.95,42.9,57.0
FieldSize,Yarra Valley,2150,Stand,TROTTERS,8,LEAD,5,1,80.19,19.81,20.0,24.7
FieldSize,Yarra Valley,2150,Stand,TROTTERS,9,LEAD,8,5,149.9,350.1,62.5,233.6
FieldSize,Yarra Valley,2650,Mobile,PACERS,10,B/LEAD,1,0,15.38,-15.38,0.0,-100.0
FieldSize,Yarra Valley,2650,Mobile,PACERS,8,B/LEAD,1,0,4.35,-4.35,0.0,-100.0
FieldSize,Yarra Valley,2650,Mobile,PACERS,9,B/LEAD,3,1,39.3,60.7,33.3,154.5
FieldSize,Yarra Valley,2650,Mobile,PACERS,10,DEATH,1,0,45.45,-45.45,0.0,-100.0
FieldSize,Yarra Valley,2650,Mobile,PACERS,8,DEATH,1,1,57.14,42.86,100.0,75.0
FieldSize,Yarra Valley,2650,Mobile,PACERS,9,DEATH,3,0,14.82,-14.82,0.0,-100.0
FieldSize,Yarra Valley,2650,Mobile,PACERS,10,LEAD,1,1,20.83,79.17,100.0,380.1
FieldSize,Yarra Valley,2650,Mobile,PACERS,8,LEAD,1,0,18.18,-18.18,0.0,-100.0
FieldSize,Yarra Valley,2650,Mobile,PACERS,9,LEAD,3,1,182.75,-82.75,33.3,-45.3
FieldSize,Yarra Valley,2650,Mobile,TROTTERS,7,B/LEAD,1,0,11.76,-11.76,0.0,-100.0
FieldSize,Yarra Valley,2650,Mobile,TROTTERS,7,DEATH,1,0,3.85,-3.85,0.0,-100.0
FieldSize,Yarra Valley,2650,Mobile,TROTTERS,7,LEAD,1,0,41.67,-41.67,0.0,-100.0
FieldSize,Yarra Valley,2650,Stand,TROTTERS,10,B/LEAD,1,0,3.85,-3.85,0.0,-100.0
FieldSize,Yarra Valley,2650,Stand,TROTTERS,8,B/LEAD,2,1,53.33,46.67,50.0,87.5
FieldSize,Yarra Valley,2650,Stand,TROTTERS,9,B/LEAD,1,0,13.33,-13.33,0.0,-100.0
FieldSize,Yarra Valley,2650,Stand,TROTTERS,10,DEATH,1,0,66.67,-66.67,0.0,-100.0
FieldSize,Yarra Valley,2650,Stand,TROTTERS,8,DEATH,2,0,36.9,-36.9,0.0,-100.0
FieldSize,Yarra Valley,2650,Stand,TROTTERS,9,DEATH,1,1,15.38,84.62,100.0,550.2
FieldSize,Yarra Valley,2650,Stand,TROTTERS,10,LEAD,1,0,15.38,-15.38,0.0,-100.0
FieldSize,Yarra Valley,2650,Stand,TROTTERS,8,LEAD,2,1,41.41,58.59,50.0,141.5
FieldSize,Yarra Valley,2650,Stand,TROTTERS,9,LEAD,1,0,16.67,-16.67,0.0,-100.0
FieldSize,Young,1720,Mobile,PACERS,10,B/LEAD,284,30,3622.28,-622.28,10.6,-17.2
FieldSize,Young,1720,Mobile,PACERS,5,B/LEAD,1,0,11.76,-11.76,0.0,-100.0
FieldSize,Young,1720,Mobile,PACERS,6,B/LEAD,10,1,202.91,-102.91,10.0,-50.7
FieldSize,Young,1720,Mobile,PACERS,7,B/LEAD,39,1,668.56,-568.56,2.6,-85.0
FieldSize,Young,1720,Mobile,PACERS,8,B/LEAD,82,9,1047.53,-147.53,11.0,-14.1
FieldSize,Young,1720,Mobile,PACERS,9,B/LEAD,173,14,2458.76,-1058.76,8.1,-43.1
FieldSize,Young,1720,Mobile,PACERS,10,DEATH,283,34,4905.71,-1505.71,12.0,-30.7
FieldSize,Young,1720,Mobile,PACERS,5,DEATH,1,0,11.11,-11.11,0.0,-100.0
FieldSize,Young,1720,Mobile,PACERS,6,DEATH,10,5,319.08,180.92,50.0,56.7
FieldSize,Young,1720,Mobile,PACERS,7,DEATH,37,6,925.37,-325.37,16.2,-35.2
FieldSize,Young,1720,Mobile,PACERS,8,DEATH,84,15,1798.57,-298.57,17.9,-16.6
FieldSize,Young,1720,Mobile,PACERS,9,DEATH,176,30,3209.83,-209.83,17.0,-6.5
FieldSize,Young,1720,Mobile,PACERS,10,LEAD,282,123,8871.12,3428.88,43.6,38.7
FieldSize,Young,1720,Mobile,PACERS,5,LEAD,1,1,86.96,13.04,100.0,15.0
FieldSize,Young,1720,Mobile,PACERS,6,LEAD,10,1,206.94,-106.94,10.0,-51.7
FieldSize,Young,1720,Mobile,PACERS,7,LEAD,38,20,1133.18,866.82,52.6,76.5
FieldSize,Young,1720,Mobile,PACERS,8,LEAD,83,28,2226.77,573.23,33.7,25.7
FieldSize,Young,1720,Mobile,PACERS,9,LEAD,176,67,4453.93,2246.07,38.1,50.4
FieldSize,Young,1720,Mobile,TROTTERS,7,B/LEAD,1,0,43.48,-43.48,0.0,-100.0
FieldSize,Young,1720,Mobile,TROTTERS,7,DEATH,1,0,18.18,-18.18,0.0,-100.0
FieldSize,Young,1720,Mobile,TROTTERS,7,LEAD,1,1,35.71,64.29,100.0,180.0
FieldSize,Young,2100,Mobile,PACERS,10,B/LEAD,89,15,1144.03,355.97,16.9,31.1
FieldSize,Young,2100,Mobile,PACERS,6,B/LEAD,2,0,47.47,-47.47,0.0,-100.0
FieldSize,Young,2100,Mobile,PACERS,7,B/LEAD,13,3,221.62,78.38,23.1,35.4
FieldSize,Young,2100,Mobile,PACERS,8,B/LEAD,40,3,631.8,-331.8,7.5,-52.5
FieldSize,Young,2100,Mobile,PACERS,9,B/LEAD,65,6,875.27,-275.27,9.2,-31.4
FieldSize,Young,2100,Mobile,PACERS,10,DEATH,87,8,1708.97,-908.97,9.2,-53.2
FieldSize,Young,2100,Mobile,PACERS,6,DEATH,1,0,2.94,-2.94,0.0,-100.0
FieldSize,Young,2100,Mobile,PACERS,7,DEATH,13,1,186.97,-86.97,7.7,-46.5
FieldSize,Young,2100,Mobile,PACERS,8,DEATH,40,3,600.15,-300.15,7.5,-50.0
FieldSize,Young,2100,Mobile,PACERS,9,DEATH,64,5,1051.88,-551.88,7.8,-52.5
FieldSize,Young,2100,Mobile,PACERS,10,LEAD,88,34,2396.33,1003.67,38.6,41.9
FieldSize,Young,2100,Mobile,PACERS,6,LEAD,2,1,114.23,-14.23,50.0,-12.5
FieldSize,Young,2100,Mobile,PACERS,7,LEAD,13,6,500.49,99.51,46.2,19.9
FieldSize,Young,2100,Mobile,PACERS,8,LEAD,40,16,1265.48,334.52,40.0,26.4
FieldSize,Young,2100,Mobile,PACERS,9,LEAD,65,34,2242.43,1157.57,52.3,51.6
FieldSize,Young,2100,Mobile,TROTTERS,6,B/LEAD,2,0,55.69,-55.69,0.0,-100.0
FieldSize,Young,2100,Mobile,TROTTERS,8,B/LEAD,1,0,10.0,-10.0,0.0,-100.0
FieldSize,Young,2100,Mobile,TROTTERS,6,DEATH,1,0,37.04,-37.04,0.0,-100.0
FieldSize,Young,2100,Mobile,TROTTERS,8,DEATH,1,0,3.85,-3.85,0.0,-100.0
FieldSize,Young,2100,Mobile,TROTTERS,6,LEAD,2,2,30.96,169.04,100.0,546.0
FieldSize,Young,2100,Mobile,TROTTERS,8,LEAD,1,1,34.48,65.52,100.0,190.0
FieldSize,Young,2480,Mobile,PACERS,10,B/LEAD,2,1,62.5,37.5,50.0,60.0
FieldSize,Young,2480,Mobile,PACERS,8,B/LEAD,1,0,2.44,-2.44,0.0,-100.0
FieldSize,Young,2480,Mobile,PACERS,10,DEATH,2,0,34.82,-34.82,0.0,-100.0
FieldSize,Young,2480,Mobile,PACERS,8,DEATH,1,0,2.44,-2.44,0.0,-100.0
FieldSize,Young,2480,Mobile,PACERS,10,LEAD,2,0,80.61,-80.61,0.0,-100.0
FieldSize,Young,2480,Mobile,PACERS,8,LEAD,1,1,86.96,13.04,100.0,15.0
FieldSize,Young,2887,Mobile,PACERS,10,B/LEAD,1,0,11.11,-11.11,0.0,-100.0
FieldSize,Young,2887,Mobile,PACERS,9,B/LEAD,1,0,5.26,-5.26,0.0,-100.0
FieldSize,Young,2887,Mobile,PACERS,10,DEATH,1,0,14.29,-14.29,0.0,-100.0
FieldSize,Young,2887,Mobile,PACERS,9,DEATH,1,0,2.44,-2.44,0.0,-100.0
FieldSize,Young,2887,Mobile,PACERS,10,LEAD,1,0,57.14,-57.14,0.0,-100.0
FieldSize,Young,2887,Mobile,PACERS,9,LEAD,1,1,90.91,9.09,100.0,10.0
Global,ALL,ALL,ALL,ALL,ALL,B/LEAD,74830,9112,1030398.14,-119798.14,12.2,-11.6
Global,ALL,ALL,ALL,ALL,ALL,DEATH,71887,9236,1375681.07,-452381.07,12.8,-32.9
Global,ALL,ALL,ALL,ALL,ALL,LEAD,74646,30359,2319510.36,713789.64,40.7,30.8
Venue,Albany,ALL,ALL,ALL,ALL,B/LEAD,395,23,4689.66,-2389.66,5.8,-51.0
Venue,Albany,ALL,ALL,ALL,ALL,DEATH,392,54,8231.24,-2831.24,13.8,-34.4
Venue,Albany,ALL,ALL,ALL,ALL,LEAD,396,161,13237.59,2862.41,40.7,21.6
Venue,Albion Park,ALL,ALL,ALL,ALL,B/LEAD,7361,1075,112459.72,-4959.72,14.6,-4.4
Venue,Albion Park,ALL,ALL,ALL,ALL,DEATH,7201,825,129067.12,-46567.12,11.5,-36.1
Venue,Albion Park,ALL,ALL,ALL,ALL,LEAD,7359,2963,227253.45,68946.55,40.3,30.3
Venue,Albury,ALL,ALL,ALL,ALL,B/LEAD,413,47,6019.45,-1319.45,11.4,-21.9
Venue,Albury,ALL,ALL,ALL,ALL,DEATH,413,71,8753.47,-1653.47,17.2,-18.9
Venue,Albury,ALL,ALL,ALL,ALL,LEAD,414,185,13474.4,5025.6,44.7,37.3
Venue,Ararat,ALL,ALL,ALL,ALL,B/LEAD,291,32,4051.8,-851.8,11.0,-21.0
Venue,Ararat,ALL,ALL,ALL,ALL,DEATH,284,40,5523.12,-1523.12,14.1,-27.6
Venue,Ararat,ALL,ALL,ALL,ALL,LEAD,291,102,7798.17,2401.83,35.1,30.8
Venue,Armidale,ALL,ALL,ALL,ALL,B/LEAD,45,4,470.27,-70.27,8.9,-14.9
Venue,Armidale,ALL,ALL,ALL,ALL,DEATH,44,6,870.49,-270.49,13.6,-31.1
Venue,Armidale,ALL,ALL,ALL,ALL,LEAD,44,15,1265.77,234.23,34.1,18.5
Venue,Ballarat,ALL,ALL,ALL,ALL,B/LEAD,1280,129,14617.73,-1717.73,10.1,-11.8
Venue,Ballarat,ALL,ALL,ALL,ALL,DEATH,1248,157,23964.32,-8264.32,12.6,-34.5
Venue,Ballarat,ALL,ALL,ALL,ALL,LEAD,1273,524,37348.42,15051.58,41.2,40.3
Venue,Bankstown,ALL,ALL,ALL,ALL,B/LEAD,216,23,3234.95,-934.95,10.6,-28.9
Venue,Bankstown,ALL,ALL,ALL,ALL,DEATH,210,29,4059.37,-1159.37,13.8,-28.6
Venue,Bankstown,ALL,ALL,ALL,ALL,LEAD,216,89,6387.5,2512.5,41.2,39.3
Venue,Bathurst,ALL,ALL,ALL,ALL,B/LEAD,2535,382,38023.25,176.75,15.1,0.5
Venue,Bathurst,ALL,ALL,ALL,ALL,DEATH,2421,217,39151.14,-17451.14,9.0,-44.6
Venue,Bathurst,ALL,ALL,ALL,ALL,LEAD,2550,979,86552.81,11347.19,38.4,13.1
Venue,Bendigo,ALL,ALL,ALL,ALL,B/LEAD,1985,231,26126.04,-3026.04,11.6,-11.6
Venue,Bendigo,ALL,ALL,ALL,ALL,DEATH,1903,269,36634.59,-9734.59,14.1,-26.6
Venue,Bendigo,ALL,ALL,ALL,ALL,LEAD,1981,718,57543.9,14256.1,36.2,24.8
Venue,Birchip,ALL,ALL,ALL,ALL,B/LEAD,41,4,464.59,-64.59,9.8,-13.9
Venue,Birchip,ALL,ALL,ALL,ALL,DEATH,39,7,812.69,-112.69,17.9,-13.9
Venue,Birchip,ALL,ALL,ALL,ALL,LEAD,39,10,1026.74,-26.74,25.6,-2.6
Venue,Blayney,ALL,ALL,ALL,ALL,B/LEAD,118,15,1572.68,-72.68,12.7,-4.6
Venue,Blayney,ALL,ALL,ALL,ALL,DEATH,120,17,2818.44,-1118.44,14.2,-39.7
Venue,Blayney,ALL,ALL,ALL,ALL,LEAD,119,46,3062.16,1537.84,38.7,50.2
Venue,Boort,ALL,ALL,ALL,ALL,B/LEAD,77,7,1148.28,-448.28,9.1,-39.0
Venue,Boort,ALL,ALL,ALL,ALL,DEATH,76,14,1666.05,-266.05,18.4,-16.0
Venue,Boort,ALL,ALL,ALL,ALL,LEAD,75,34,1709.0,1691.0,45.3,98.9
Venue,Bridgetown,ALL,ALL,ALL,ALL,B/LEAD,38,2,457.07,-257.07,5.3,-56.2
Venue,Bridgetown,ALL,ALL,ALL,ALL,DEATH,38,8,782.36,17.64,21.1,2.3
Venue,Bridgetown,ALL,ALL,ALL,ALL,LEAD,39,19,1347.07,552.93,48.7,41.0
Venue,Broken Hill,ALL,ALL,ALL,ALL,B/LEAD,24,4,337.47,62.53,16.7,18.5
Venue,Broken Hill,ALL,ALL,ALL,ALL,DEATH,25,1,555.03,-455.03,4.0,-82.0
Venue,Broken Hill,ALL,ALL,ALL,ALL,LEAD,25,13,932.93,367.07,52.0,39.3
Venue,Bunbury,ALL,ALL,ALL,ALL,B/LEAD,896,119,11512.14,387.86,13.3,3.4
Venue,Bunbury,ALL,ALL,ALL,ALL,DEATH,858,89,16455.1,-7555.1,10.4,-45.9
Venue,Bunbury,ALL,ALL,ALL,ALL,LEAD,901,393,33019.76,6280.24,43.6,19.0
Venue,Burnie,ALL,ALL,ALL,ALL,B/LEAD,261,28,3925.63,-1225.63,10.7,-31.2
Venue,Burnie,ALL,ALL,ALL,ALL,DEATH,232,21,4191.99,-2191.99,9.1,-52.3
Venue,Burnie,ALL,ALL,ALL,ALL,LEAD,236,123,5604.57,5895.43,52.1,105.2
Venue,Busselton,ALL,ALL,ALL,ALL,B/LEAD,122,12,1856.44,-656.44,9.8,-35.4
Venue,Busselton,ALL,ALL,ALL,ALL,DEATH,121,16,2692.23,-1092.23,13.2,-40.6
Venue,Busselton,ALL,ALL,ALL,ALL,LEAD,122,64,3567.08,2832.92,52.5,79.4
Venue,Canberra,ALL,ALL,ALL,ALL,B/LEAD,614,57,8737.14,-3137.14,9.3,-35.9
Venue,Canberra,ALL,ALL,ALL,ALL,DEATH,598,99,11946.81,-2046.81,16.6,-17.1
Venue,Canberra,ALL,ALL,ALL,ALL,LEAD,611,264,18039.5,8060.5,43.2,44.7
Venue,Carrick,ALL,ALL,ALL,ALL,B/LEAD,173,15,1732.78,-432.78,8.7,-25.0
Venue,Carrick,ALL,ALL,ALL,ALL,DEATH,157,15,2973.92,-1473.92,9.6,-49.6
Venue,Carrick,ALL,ALL,ALL,ALL,LEAD,140,44,3651.04,748.96,31.4,20.5
Venue,Central Wheatbelt,ALL,ALL,ALL,ALL,B/LEAD,275,24,3479.0,-1179.0,8.7,-33.9
Venue,Central Wheatbelt,ALL,ALL,ALL,ALL,DEATH,275,34,5581.2,-2181.2,12.4,-39.1
Venue,Central Wheatbelt,ALL,ALL,ALL,ALL,LEAD,278,116,9429.41,1970.59,41.7,20.9
Venue,Charlton,ALL,ALL,ALL,ALL,B/LEAD,632,79,8265.64,-365.64,12.5,-4.4
Venue,Charlton,ALL,ALL,ALL,ALL,DEATH,621,83,12495.03,-4195.03,13.4,-33.6
Venue,Charlton,ALL,ALL,ALL,ALL,LEAD,636,258,17390.92,8409.08,40.6,48.4
Venue,Cobram,ALL,ALL,ALL,ALL,B/LEAD,365,31,4969.12,-1869.12,8.5,-37.6
Venue,Cobram,ALL,ALL,ALL,ALL,DEATH,346,45,7248.18,-2748.18,13.0,-37.9
Venue,Cobram,ALL,ALL,ALL,ALL,LEAD,364,134,10127.27,3272.73,36.8,32.3
Venue,Collie,ALL,ALL,ALL,ALL,B/LEAD,79,5,944.71,-444.71,6.3,-47.1
Venue,Collie,ALL,ALL,ALL,ALL,DEATH,77,6,1647.2,-1047.2,7.8,-63.6
Venue,Collie,ALL,ALL,ALL,ALL,LEAD,80,47,2908.62,1791.38,58.8,61.6
Venue,Coolamon,ALL,ALL,ALL,ALL,B/LEAD,87,1,1150.24,-1050.24,1.1,-91.3
Venue,Coolamon,ALL,ALL,ALL,ALL,DEATH,85,14,1472.4,-72.4,16.5,-4.9
Venue,Coolamon,ALL,ALL,ALL,ALL,LEAD,84,31,2184.81,915.19,36.9,41.9
Venue,Cowra,ALL,ALL,ALL,ALL,B/LEAD,98,10,1291.64,-291.64,10.2,-22.6
Venue,Cowra,ALL,ALL,ALL,ALL,DEATH,96,14,2017.96,-617.96,14.6,-30.6
Venue,Cowra,ALL,ALL,ALL,ALL,LEAD,97,34,2587.22,812.78,35.1,31.4
Venue,Cranbourne,ALL,ALL,ALL,ALL,B/LEAD,1050,163,15180.14,1119.86,15.5,7.4
Venue,Cranbourne,ALL,ALL,ALL,ALL,DEATH,973,118,19233.22,-7433.22,12.1,-38.6
Venue,Cranbourne,ALL,ALL,ALL,ALL,LEAD,1044,442,30069.35,14130.65,42.3,47.0
Venue,Devonport,ALL,ALL,ALL,ALL,B/LEAD,137,15,1694.59,-194.59,10.9,-11.5
Venue,Devonport,ALL,ALL,ALL,ALL,DEATH,117,17,2183.16,-483.16,14.5,-22.1
Venue,Devonport,ALL,ALL,ALL,ALL,LEAD,103,34,2348.72,1051.28,33.0,44.8
Venue,Dubbo,ALL,ALL,ALL,ALL,B/LEAD,710,73,9666.31,-2366.31,10.3,-24.5
Venue,Dubbo,ALL,ALL,ALL,ALL,DEATH,694,100,11989.91,-1989.91,14.4,-16.6
Venue,Dubbo,ALL,ALL,ALL,ALL,LEAD,719,307,21506.62,9093.38,42.7,42.3
Venue,Echuca,ALL,ALL,ALL,ALL,B/LEAD,456,67,6695.35,4.65,14.7,0.1
Venue,Echuca,ALL,ALL,ALL,ALL,DEATH,438,57,8676.94,-2976.94,13.0,-34.3
Venue,Echuca,ALL,ALL,ALL,ALL,LEAD,454,220,12092.8,9907.2,48.5,81.9
Venue,Eugowra,ALL,ALL,ALL,ALL,B/LEAD,44,8,573.5,226.5,18.2,39.5
Venue,Eugowra,ALL,ALL,ALL,ALL,DEATH,43,7,981.41,-281.41,16.3,-28.7
Venue,Eugowra,ALL,ALL,ALL,ALL,LEAD,43,16,1100.47,499.53,37.2,45.4
Venue,Forbes,ALL,ALL,ALL,ALL,B/LEAD,58,4,758.41,-358.41,6.9,-47.3
Venue,Forbes,ALL,ALL,ALL,ALL,DEATH,61,13,969.68,330.32,21.3,34.1
Venue,Forbes,ALL,ALL,ALL,ALL,LEAD,61,23,2041.15,258.85,37.7,12.7
Venue,Gawler,ALL,ALL,ALL,ALL,B/LEAD,260,26,3186.82,-586.82,10.0,-18.4
Venue,Gawler,ALL,ALL,ALL,ALL,DEATH,253,47,5535.25,-835.25,18.6,-15.1
Venue,Gawler,ALL,ALL,ALL,ALL,LEAD,262,95,7138.6,2361.4,36.3,33.1
Venue,Geelong,ALL,ALL,ALL,ALL,B/LEAD,951,153,12091.75,3208.25,16.1,26.5
Venue,Geelong,ALL,ALL,ALL,ALL,DEATH,910,101,18048.7,-7948.7,11.1,-44.0
Venue,Geelong,ALL,ALL,ALL,ALL,LEAD,948,413,27250.92,14049.08,43.6,51.6
Venue,Globe Derby Park,ALL,ALL,ALL,ALL,B/LEAD,4030,437,54507.72,-10807.72,10.8,-19.8
Venue,Globe Derby Park,ALL,ALL,ALL,ALL,DEATH,3933,618,86424.02,-24624.02,15.7,-28.5
Venue,Globe Derby Park,ALL,ALL,ALL,ALL,LEAD,4053,1705,121141.37,49258.63,42.1,40.7
Venue,Gloucester Park,ALL,ALL,ALL,ALL,B/LEAD,3634,232,41993.74,-18793.74,6.4,-44.8
Venue,Gloucester Park,ALL,ALL,ALL,ALL,DEATH,3564,495,75461.42,-25961.42,13.9,-34.4
Venue,Gloucester Park,ALL,ALL,ALL,ALL,LEAD,3627,1861,144193.48,41906.52,51.3,29.1
Venue,Goulburn,ALL,ALL,ALL,ALL,B/LEAD,465,37,6456.62,-2756.62,8.0,-42.7
Venue,Goulburn,ALL,ALL,ALL,ALL,DEATH,443,63,8212.66,-1912.66,14.2,-23.3
Venue,Goulburn,ALL,ALL,ALL,ALL,LEAD,461,149,13676.69,1123.31,32.3,8.2
Venue,Griffith,ALL,ALL,ALL,ALL,B/LEAD,40,2,482.56,-282.56,5.0,-58.6
Venue,Griffith,ALL,ALL,ALL,ALL,DEATH,40,7,606.41,93.59,17.5,15.4
Venue,Griffith,ALL,ALL,ALL,ALL,LEAD,40,16,1242.17,257.83,40.0,20.8
Venue,Gunbower,ALL,ALL,ALL,ALL,B/LEAD,68,7,897.44,-197.44,10.3,-22.0
Venue,Gunbower,ALL,ALL,ALL,ALL,DEATH,65,13,1259.91,40.09,20.0,3.2
Venue,Gunbower,ALL,ALL,ALL,ALL,LEAD,70,29,1591.18,1308.82,41.4,82.3
Venue,Hamilton,ALL,ALL,ALL,ALL,B/LEAD,357,41,4854.38,-754.38,11.5,-15.5
Venue,Hamilton,ALL,ALL,ALL,ALL,DEATH,345,60,6647.83,-647.83,17.4,-9.7
Venue,Hamilton,ALL,ALL,ALL,ALL,LEAD,358,111,9973.49,1126.51,31.0,11.3
Venue,Hobart,ALL,ALL,ALL,ALL,B/LEAD,1685,217,23022.85,-1422.85,12.9,-6.2
Venue,Hobart,ALL,ALL,ALL,ALL,DEATH,1371,149,24899.2,-10099.2,10.9,-40.6
Venue,Hobart,ALL,ALL,ALL,ALL,LEAD,1388,513,36337.74,14762.26,37.0,40.6
Venue,Horsham,ALL,ALL,ALL,ALL,B/LEAD,358,52,5125.21,74.79,14.5,1.5
Venue,Horsham,ALL,ALL,ALL,ALL,DEATH,349,54,6813.08,-1413.08,15.5,-20.7
Venue,Horsham,ALL,ALL,ALL,ALL,LEAD,358,140,10215.44,3784.56,39.1,37.0
Venue,Junee,ALL,ALL,ALL,ALL,B/LEAD,177,13,2456.5,-1156.5,7.3,-47.1
Venue,Junee,ALL,ALL,ALL,ALL,DEATH,174,29,3254.01,-354.01,16.7,-10.9
Venue,Junee,ALL,ALL,ALL,ALL,LEAD,176,82,4962.62,3237.38,46.6,65.2
Venue,Kapunda,ALL,ALL,ALL,ALL,B/LEAD,56,5,737.16,-237.16,8.9,-32.2
Venue,Kapunda,ALL,ALL,ALL,ALL,DEATH,57,17,1158.13,541.87,29.8,46.8
Venue,Kapunda,ALL,ALL,ALL,ALL,LEAD,56,13,1399.66,-99.66,23.2,-7.1
Venue,Kilcoy,ALL,ALL,ALL,ALL,B/LEAD,33,4,515.83,-115.83,12.1,-22.5
Venue,Kilcoy,ALL,ALL,ALL,ALL,DEATH,32,3,430.18,-130.18,9.4,-30.3
Venue,Kilcoy,ALL,ALL,ALL,ALL,LEAD,33,10,756.7,243.3,30.3,32.2
Venue,Kilmore,ALL,ALL,ALL,ALL,B/LEAD,1243,179,16536.39,1363.61,14.4,8.2
Venue,Kilmore,ALL,ALL,ALL,ALL,DEATH,1197,159,22889.57,-6989.57,13.3,-30.5
Venue,Kilmore,ALL,ALL,ALL,ALL,LEAD,1244,489,35797.67,13102.33,39.3,36.6
Venue,Launceston,ALL,ALL,ALL,ALL,B/LEAD,1527,134,18265.47,-4865.47,8.8,-26.6
Venue,Launceston,ALL,ALL,ALL,ALL,DEATH,1425,186,26588.17,-7988.17,13.1,-30.0
Venue,Launceston,ALL,ALL,ALL,ALL,LEAD,1468,476,39039.08,8460.92,32.4,21.7
Venue,Leeton,ALL,ALL,ALL,ALL,B/LEAD,469,48,5984.4,-1184.4,10.2,-19.8
Venue,Leeton,ALL,ALL,ALL,ALL,DEATH,467,65,8952.23,-2452.23,13.9,-27.4
Venue,Leeton,ALL,ALL,ALL,ALL,LEAD,469,234,16239.89,7160.11,49.9,44.1
Venue,Lockyer,ALL,ALL,ALL,ALL,B/LEAD,7,3,109.46,190.54,42.9,174.1
Venue,Lockyer,ALL,ALL,ALL,ALL,DEATH,8,0,189.26,-189.26,0.0,-100.0
Venue,Lockyer,ALL,ALL,ALL,ALL,LEAD,8,1,177.21,-77.21,12.5,-43.6
Venue,Maitland,ALL,ALL,ALL,ALL,B/LEAD,160,28,2453.9,346.1,17.5,14.1
Venue,Maitland,ALL,ALL,ALL,ALL,DEATH,158,17,2993.84,-1293.84,10.8,-43.2
Venue,Maitland,ALL,ALL,ALL,ALL,LEAD,162,68,4706.76,2093.24,42.0,44.5
Venue,Marburg,ALL,ALL,ALL,ALL,B/LEAD,788,74,11597.45,-4197.45,9.4,-36.2
Venue,Marburg,ALL,ALL,ALL,ALL,DEATH,802,104,16001.61,-5601.61,13.0,-35.0
Venue,Marburg,ALL,ALL,ALL,ALL,LEAD,790,379,24701.0,13199.0,48.0,53.4
Venue,Maryborough,ALL,ALL,ALL,ALL,B/LEAD,1473,173,18610.52,-1310.52,11.7,-7.0
Venue,Maryborough,ALL,ALL,ALL,ALL,DEATH,1419,215,26649.49,-5149.49,15.2,-19.3
Venue,Maryborough,ALL,ALL,ALL,ALL,LEAD,1465,574,41085.24,16314.76,39.2,39.7
Venue,Melton,ALL,ALL,ALL,ALL,B/LEAD,3501,473,43903.58,3396.42,13.5,7.7
Venue,Melton,ALL,ALL,ALL,ALL,DEATH,3340,430,67093.34,-24093.34,12.9,-35.9
Venue,Melton,ALL,ALL,ALL,ALL,LEAD,3503,1325,111332.36,21167.64,37.8,19.0
Venue,Menangle,ALL,ALL,ALL,ALL,B/LEAD,4173,612,64013.55,-2813.55,14.7,-4.4
Venue,Menangle,ALL,ALL,ALL,ALL,DEATH,3308,371,56869.67,-19769.67,11.2,-34.8
Venue,Menangle,ALL,ALL,ALL,ALL,LEAD,4378,1729,147591.65,25208.35,39.5,17.1
Venue,Mildura,ALL,ALL,ALL,ALL,B/LEAD,2465,252,29656.05,-4456.05,10.2,-15.0
Venue,Mildura,ALL,ALL,ALL,ALL,DEATH,2454,347,51048.68,-16348.68,14.1,-32.0
Venue,Mildura,ALL,ALL,ALL,ALL,LEAD,2462,1020,70873.44,31126.56,41.4,43.9
Venue,Mount Gambier,ALL,ALL,ALL,ALL,B/LEAD,341,46,5295.96,-695.96,13.5,-13.1
Venue,Mount Gambier,ALL,ALL,ALL,ALL,DEATH,319,46,7624.21,-3124.21,14.4,-41.0
Venue,Mount Gambier,ALL,ALL,ALL,ALL,LEAD,344,167,10514.83,6185.17,48.5,58.8
Venue,Narrabri,ALL,ALL,ALL,ALL,B/LEAD,79,8,927.84,-127.84,10.1,-13.8
Venue,Narrabri,ALL,ALL,ALL,ALL,DEATH,79,11,1538.53,-438.53,13.9,-28.5
Venue,Narrabri,ALL,ALL,ALL,ALL,LEAD,79,23,1944.83,355.17,29.1,18.3
Venue,Narrogin,ALL,ALL,ALL,ALL,B/LEAD,630,47,7179.67,-2479.67,7.5,-34.5
Venue,Narrogin,ALL,ALL,ALL,ALL,DEATH,617,78,12605.52,-4805.52,12.6,-38.1
Venue,Narrogin,ALL,ALL,ALL,ALL,LEAD,623,297,23920.74,5779.26,47.7,24.2
Venue,Newcastle,ALL,ALL,ALL,ALL,B/LEAD,3111,426,44877.38,-2277.38,13.7,-5.1
Venue,Newcastle,ALL,ALL,ALL,ALL,DEATH,3053,326,53304.73,-20704.73,10.7,-38.8
Venue,Newcastle,ALL,ALL,ALL,ALL,LEAD,3129,1282,94481.47,33718.53,41.0,35.7
Venue,Northam,ALL,ALL,ALL,ALL,B/LEAD,727,92,9863.13,-663.13,12.7,-6.7
Venue,Northam,ALL,ALL,ALL,ALL,DEATH,714,80,13673.8,-5673.8,11.2,-41.5
Venue,Northam,ALL,ALL,ALL,ALL,LEAD,726,338,27302.61,6497.39,46.6,23.8
Venue,Ouyen,ALL,ALL,ALL,ALL,B/LEAD,86,12,1152.64,47.36,14.0,4.1
Venue,Ouyen,ALL,ALL,ALL,ALL,DEATH,85,13,1752.71,-452.71,15.3,-25.8
Venue,Ouyen,ALL,ALL,ALL,ALL,LEAD,84,32,2403.04,796.96,38.1,33.2
Venue,Parkes,ALL,ALL,ALL,ALL,B/LEAD,841,89,12139.13,-3239.13,10.6,-26.7
Venue,Parkes,ALL,ALL,ALL,ALL,DEATH,841,112,14139.34,-2939.34,13.3,-20.8
Venue,Parkes,ALL,ALL,ALL,ALL,LEAD,846,416,24896.9,16703.1,49.2,67.1
Venue,Penrith,ALL,ALL,ALL,ALL,B/LEAD,2042,232,30551.12,-7351.12,11.4,-24.1
Venue,Penrith,ALL,ALL,ALL,ALL,DEATH,2000,245,36392.66,-11892.66,12.2,-32.7
Venue,Penrith,ALL,ALL,ALL,ALL,LEAD,2042,908,67820.31,22979.69,44.5,33.9
Venue,Pinjarra,ALL,ALL,ALL,ALL,B/LEAD,2140,260,28383.0,-2383.0,12.1,-8.4
Venue,Pinjarra,ALL,ALL,ALL,ALL,DEATH,1989,210,37664.56,-16664.56,10.6,-44.2
Venue,Pinjarra,ALL,ALL,ALL,ALL,LEAD,2168,936,80455.69,13144.31,43.2,16.3
Venue,Port Pirie,ALL,ALL,ALL,ALL,B/LEAD,586,66,8113.3,-1513.3,11.3,-18.7
Venue,Port Pirie,ALL,ALL,ALL,ALL,DEATH,565,104,12381.05,-1981.05,18.4,-16.0
Venue,Port Pirie,ALL,ALL,ALL,ALL,LEAD,590,195,18618.11,581.89,33.1,3.1
Venue,Redcliffe,ALL,ALL,ALL,ALL,B/LEAD,6059,759,87161.58,-11261.58,12.5,-12.9
Venue,Redcliffe,ALL,ALL,ALL,ALL,DEATH,6144,789,118835.07,-39935.07,12.8,-33.6
Venue,Redcliffe,ALL,ALL,ALL,ALL,LEAD,6065,2216,178779.16,42720.84,36.5,23.9
Venue,Scottsdale,ALL,ALL,ALL,ALL,B/LEAD,26,2,373.11,-173.11,7.7,-46.4
Venue,Scottsdale,ALL,ALL,ALL,ALL,DEATH,25,4,385.86,14.14,16.0,3.7
Venue,Scottsdale,ALL,ALL,ALL,ALL,LEAD,26,11,643.46,456.54,42.3,71.0
Venue,Shepparton,ALL,ALL,ALL,ALL,B/LEAD,1942,250,24668.54,331.46,12.9,1.3
Venue,Shepparton,ALL,ALL,ALL,ALL,DEATH,1879,261,35496.41,-9396.41,13.9,-26.5
Venue,Shepparton,ALL,ALL,ALL,ALL,LEAD,1946,697,53386.75,16313.25,35.8,30.6
Venue,South Australia,ALL,ALL,ALL,ALL,B/LEAD,180,30,2492.26,507.74,16.7,20.4
Venue,South Australia,ALL,ALL,ALL,ALL,DEATH,174,27,4153.75,-1453.75,15.5,-35.0
Venue,South Australia,ALL,ALL,ALL,ALL,LEAD,178,65,4987.2,1512.8,36.5,30.3
Venue,St Arnaud,ALL,ALL,ALL,ALL,B/LEAD,51,8,815.01,-15.01,15.7,-1.8
Venue,St Arnaud,ALL,ALL,ALL,ALL,DEATH,51,8,1057.6,-257.6,15.7,-24.4
Venue,St Arnaud,ALL,ALL,ALL,ALL,LEAD,50,24,1351.38,1048.62,48.0,77.6
Venue,Stawell,ALL,ALL,ALL,ALL,B/LEAD,374,60,5256.56,743.44,16.0,14.1
Venue,Stawell,ALL,ALL,ALL,ALL,DEATH,371,56,8028.8,-2428.8,15.1,-30.3
Venue,Stawell,ALL,ALL,ALL,ALL,LEAD,374,157,10625.92,5074.08,42.0,47.8
Venue,Strathalbyn,ALL,ALL,ALL,ALL,B/LEAD,12,1,201.36,-101.36,8.3,-50.3
Venue,Strathalbyn,ALL,ALL,ALL,ALL,DEATH,13,1,203.59,-103.59,7.7,-50.9
Venue,Strathalbyn,ALL,ALL,ALL,ALL,LEAD,13,8,360.12,439.88,61.5,122.1
Venue,Swan Hill,ALL,ALL,ALL,ALL,B/LEAD,443,54,5703.93,-303.93,12.2,-5.3
Venue,Swan Hill,ALL,ALL,ALL,ALL,DEATH,405,59,8883.44,-2983.44,14.6,-33.6
Venue,Swan Hill,ALL,ALL,ALL,ALL,LEAD,444,170,13400.47,3599.53,38.3,26.9
Venue,Tamworth,ALL,ALL,ALL,ALL,B/LEAD,1576,201,24063.68,-3963.68,12.8,-16.5
Venue,Tamworth,ALL,ALL,ALL,ALL,DEATH,1577,185,27466.14,-8966.14,11.7,-32.6
Venue,Tamworth,ALL,ALL,ALL,ALL,LEAD,1583,623,46576.01,15723.99,39.4,33.8
Venue,Temora,ALL,ALL,ALL,ALL,B/LEAD,184,16,2735.97,-1135.97,8.7,-41.5
Venue,Temora,ALL,ALL,ALL,ALL,DEATH,185,23,3597.09,-1297.09,12.4,-36.1
Venue,Temora,ALL,ALL,ALL,ALL,LEAD,183,80,5356.98,2643.02,43.7,49.3
Venue,Terang,ALL,ALL,ALL,ALL,B/LEAD,356,52,4895.83,304.17,14.6,6.2
Venue,Terang,ALL,ALL,ALL,ALL,DEATH,342,48,6584.03,-1784.03,14.0,-27.1
Venue,Terang,ALL,ALL,ALL,ALL,LEAD,353,144,10122.57,4277.43,40.8,42.3
Venue,Victor Harbor,ALL,ALL,ALL,ALL,B/LEAD,77,9,1176.47,-276.47,11.7,-23.5
Venue,Victor Harbor,ALL,ALL,ALL,ALL,DEATH,74,20,1906.71,93.29,27.0,4.9
Venue,Victor Harbor,ALL,ALL,ALL,ALL,LEAD,77,25,2079.38,420.62,32.5,20.2
Venue,Wagga,ALL,ALL,ALL,ALL,B/LEAD,2229,308,32179.61,-1379.61,13.8,-4.3
Venue,Wagga,ALL,ALL,ALL,ALL,DEATH,2164,254,36381.81,-10981.81,11.7,-30.2
Venue,Wagga,ALL,ALL,ALL,ALL,LEAD,2208,892,74555.89,14644.11,40.4,19.6
Venue,Wagin,ALL,ALL,ALL,ALL,B/LEAD,256,21,3187.81,-1087.81,8.2,-34.1
Venue,Wagin,ALL,ALL,ALL,ALL,DEATH,256,33,5377.58,-2077.58,12.9,-38.6
Venue,Wagin,ALL,ALL,ALL,ALL,LEAD,256,103,7006.77,3293.23,40.2,47.0
Venue,Wangaratta,ALL,ALL,ALL,ALL,B/LEAD,38,8,608.25,191.75,21.1,31.5
Venue,Wangaratta,ALL,ALL,ALL,ALL,DEATH,36,4,949.08,-549.08,11.1,-57.9
Venue,Wangaratta,ALL,ALL,ALL,ALL,LEAD,37,17,929.23,770.77,45.9,82.9
Venue,Warragul,ALL,ALL,ALL,ALL,B/LEAD,208,27,3305.69,-605.69,13.0,-18.3
Venue,Warragul,ALL,ALL,ALL,ALL,DEATH,195,29,4604.27,-1704.27,14.9,-37.0
Venue,Warragul,ALL,ALL,ALL,ALL,LEAD,209,95,6179.57,3320.43,45.5,53.7
Venue,Wedderburn,ALL,ALL,ALL,ALL,B/LEAD,40,2,448.84,-248.84,5.0,-55.4
Venue,Wedderburn,ALL,ALL,ALL,ALL,DEATH,40,9,862.19,37.81,22.5,4.4
Venue,Wedderburn,ALL,ALL,ALL,ALL,LEAD,40,19,1178.21,721.79,47.5,61.3
Venue,West Wyalong,ALL,ALL,ALL,ALL,B/LEAD,129,5,1721.12,-1221.12,3.9,-70.9
Venue,West Wyalong,ALL,ALL,ALL,ALL,DEATH,128,16,2633.9,-1033.9,12.5,-39.3
Venue,West Wyalong,ALL,ALL,ALL,ALL,LEAD,131,68,4670.42,2129.58,51.9,45.6
Venue,Williams,ALL,ALL,ALL,ALL,B/LEAD,36,2,518.88,-318.88,5.6,-61.5
Venue,Williams,ALL,ALL,ALL,ALL,DEATH,35,5,579.1,-79.1,14.3,-13.7
Venue,Williams,ALL,ALL,ALL,ALL,LEAD,34,16,1228.98,371.02,47.1,30.2
Venue,Yarra Valley,ALL,ALL,ALL,ALL,B/LEAD,428,45,5712.91,-1212.91,10.5,-21.2
Venue,Yarra Valley,ALL,ALL,ALL,ALL,DEATH,407,60,8111.47,-2111.47,14.7,-26.0
Venue,Yarra Valley,ALL,ALL,ALL,ALL,LEAD,428,158,11785.15,4014.85,36.9,34.1
Venue,Young,ALL,ALL,ALL,ALL,B/LEAD,807,83,11122.47,-2822.47,10.3,-25.4
Venue,Young,ALL,ALL,ALL,ALL,DEATH,804,107,14833.64,-4133.64,13.3,-27.9
Venue,Young,ALL,ALL,ALL,ALL,LEAD,807,337,23914.63,9785.37,41.8,40.9
