Race Anchor,Venue,Date,MeetingTime,Race No,Time,State,VenDist Sample,Horse No,Horse,Race Name,Distance,Prizemoney,Barrier,Trainer,Driver,RaceAnchorFull,RunnerAnchor,Gait,Start,VenDist,VenDistGaitStart,VenDistGaitStart Sample,BM LT,BM Q1,BM Q2,BM Q3,BM Q4,Br Sts,Br Wins,Br Places,Br Win %,Br Pla %,Br ROI %,Dr Sts,Dr Win,Dr Pla,Dr Win%,Dr Pla%,Dr ROI%,Tr Sts,Tr Win,Tr Pla,Tr Win%,Tr Pla%,Tr ROI%,Driver_clean,Dr 30 Sts,Dr 30 Win,Dr 30 Pla,Dr 30 Win %,Dr 30 Pla %,Dr 30 ROI %,Dr 90 Sts,Dr 90 Win,Dr 90 Pla,Dr 90 Win %,Dr 90 Pla %,Dr 90 ROI %,Dr 180 Sts,Dr 180 Win,Dr 180 Pla,Dr 180 Win %,Dr 180 Pla %,Dr 180 ROI %,Dr 365 Sts,Dr 365 Win,Dr 365 Pla,Dr 365 Win %,Dr 365 Pla %,Dr 365 ROI %,Dr All Sts,Dr All Win,Dr All Pla,Dr All Win %,Dr All Pla %,Dr All ROI %,Ld %,Dth %,BL %,Bell Pos Sts,Bell Pos Lead,Bell Pos Lead %,Bell Pos Lead ROI %,Bell Pos BL,Bell Pos BL %,Bell Pos BL ROI %,Bell Pos Dth,Bell Pos Dth %,Bell Pos Dth ROI %,Tr 30 Sts,Tr 30 Win,Tr 30 Pla,Tr 30 Win %,Tr 30 Pla %,Tr 30 ROI %,Tr 90 Sts,Tr 90 Win,Tr 90 Pla,Tr 90 Win %,Tr 90 Pla %,Tr 90 ROI %,Tr 180 Sts,Tr 180 Win,Tr 180 Pla,Tr 180 Win %,Tr 180 Pla %,Tr 180 ROI %,Tr 365 Sts,Tr 365 Win,Tr 365 Pla,Tr 365 Win %,Tr 365 Pla %,Tr 365 ROI %,Tr All Sts,Tr All Win,Tr All Pla,Tr All Win %,Tr All Pla %,Tr All ROI %
CR100825,Cranbourne,10/08/2025,Night,1,5:32 PM,VIC,324,1,LIGHT UP THE SKY,NZB STANDARDBRED MAIDEN PACE,1609,"$6,000",FR1,A A Herbertson,James Herbertson,CR100825_R1,CR100825_R1_LIGHT UP THE SKY,PACERS,Mobile,Cranbourne_1609.0,Cranbourne_1609.0_pacers_mobile,290,0,28,32,28.8,29.5,290,40,92,13.79,45.52,-9.34,365,71,115,19.45,50.96,-11.58,26,3,5,11.54,30.77,-35.95,james herbertson,127,30,27,23.62,44.88,1.75,222,57,56,25.68,50.9,0.21,548,128,161,23.36,52.74,-7.87,1558,366,483,23.49,54.49,-10.02,7306,1218,1930,16.67,43.09,-11.59,0,0,0,1,0,0,0,0,0,0,0,0,0,1,0,1,0,100,-100,10,1,3,10,40,-17.97,71,7,13,9.86,28.17,-9.34,189,21,47,11.11,35.98,-30.58,837,93,198,11.11,34.77,-25.18
CR100825,Cranbourne,10/08/2025,Night,1,5:32 PM,VIC,324,2,MILLION DOLLAR MAV,NZB STANDARDBRED MAIDEN PACE,1609,"$6,000",FR2,G E Clout,Anthony Butt,CR100825_R1,CR100825_R1_MILLION DOLLAR MAV,PACERS,Mobile,Cranbourne_1609.0,Cranbourne_1609.0_pacers_mobile,290,0,28,32,28.8,29.5,290,31,81,10.69,38.62,-27.01,121,13,29,10.74,34.71,-36.91,54,3,15,5.56,33.33,-59.27,anthony butt,39,3,8,7.69,28.21,-34.22,118,10,24,8.47,28.81,-38.25,179,14,45,7.82,32.96,-42.21,329,25,87,7.6,34.04,-39.6,1595,194,405,12.16,37.55,-21.32,0,0,0,1,0,0,0,0,0,0,0,0,0,3,0,1,0,33.33,-100,4,0,2,0,50,-100,10,1,3,10,40,-41.02,18,2,5,11.11,38.89,-21.86,164,15,42,9.15,34.76,-25.73
CR100825,Cranbourne,10/08/2025,Night,1,5:32 PM,VIC,324,3,FIVE CENT,NZB STANDARDBRED MAIDEN PACE,1609,"$6,000",FR3,S F Hoban,Ewa Justice,CR100825_R1,CR100825_R1_FIVE CENT,PACERS,Mobile,Cranbourne_1609.0,Cranbourne_1609.0_pacers_mobile,290,0,28,32,28.8,29.5,290,37,69,12.76,36.55,-13.99,131,17,33,12.98,38.17,-12.57,46,6,11,13.04,36.96,-7.85,ewa justice,50,4,18,8,44,-45.15,69,4,23,5.8,39.13,-54.44,197,19,46,9.64,32.99,-20.91,509,53,117,10.41,33.4,-23.53,1001,110,250,10.99,35.96,-18.96,0,0,10,10,0,0,0,1,10,0,0,0,0,11,0,5,0,45.45,-100,28,5,8,17.86,46.43,-3.19,50,5,13,10,36,-33.95,84,7,18,8.33,29.76,-37.53,274,30,53,10.95,30.29,-13.01
CR100825,Cranbourne,10/08/2025,Night,1,5:32 PM,VIC,324,4,IM KAREN,NZB STANDARDBRED MAIDEN PACE,1609,"$6,000",FR4,E J Stewart,Allan McDonough,CR100825_R1,CR100825_R1_IM KAREN,PACERS,Mobile,Cranbourne_1609.0,Cranbourne_1609.0_pacers_mobile,290,0,28,32,28.8,29.5,289,36,76,12.46,38.75,-25.72,11,4,2,36.36,54.55,10.86,33,17,6,51.52,69.7,8.88,allan mcdonough,7,1,1,14.29,28.57,36.87,18,2,6,11.11,44.44,-50.02,49,9,14,18.37,46.94,-32.11,142,30,37,21.13,47.18,-21.13,573,157,126,27.4,49.39,-9.69,0,0,0,0,0,0,0,0,0,0,0,0,0,26,14,6,53.85,76.92,1.77,97,47,22,48.45,71.13,-7.51,253,116,60,45.85,69.57,-10.08,663,261,182,39.37,66.82,-10.16,3035,1098,830,36.18,63.53,-9.12
CR100825,Cranbourne,10/08/2025,Night,1,5:32 PM,VIC,324,5,PLATINUMS BOY,NZB STANDARDBRED MAIDEN PACE,1609,"$6,000",FR5,S J Zammit,Blake Pace,CR100825_R1,CR100825_R1_PLATINUMS BOY,PACERS,Mobile,Cranbourne_1609.0,Cranbourne_1609.0_pacers_mobile,290,0,28,32,28.8,29.5,287,45,67,15.68,39.02,-8.99,31,2,5,6.45,22.58,-38.07,19,1,3,5.26,21.05,-63,blake pace,11,4,1,36.36,45.45,60.48,39,7,6,17.95,33.33,13.18,68,7,11,10.29,26.47,-17.56,141,16,24,11.35,28.37,-13.1,310,35,63,11.29,31.61,-11.85,0,4.3,17.4,23,0,0,0,4,17.4,0,1,4.3,0,7,3,1,42.86,57.14,36.58,19,6,1,31.58,36.84,27.82,46,8,5,17.39,28.26,10.6,105,14,22,13.33,34.29,-5.9,157,17,34,10.83,32.48,-12.48
CR100825,Cranbourne,10/08/2025,Night,1,5:32 PM,VIC,324,6,ITSAWOMANSWORLD,NZB STANDARDBRED MAIDEN PACE,1609,"$6,000",SCR,S Gangell,SCRATCHED,CR100825_R1,CR100825_R1_ITSAWOMANSWORLD,PACERS,Mobile,Cranbourne_1609.0,Cranbourne_1609.0_pacers_mobile,290,0,28,32,28.8,29.5,0,0,0,0,0,0,0,0,0,0,0,0,31,9,6,29.03,48.39,37.89,scratched,0,0,0,0,0,0,0,0,0,0,0,0,0,0,0,0,0,0,0,0,0,0,0,0,0,0,0,0,0,0,0,0,0,0,0,0,0,0,0,0,0,0,0,3,1,1,33.33,66.67,47.47,11,2,2,18.18,36.36,54.06,22,6,5,27.27,50,66.31,34,7,7,20.59,41.18,44.42,80,13,16,16.25,36.25,10.63
CR100825,Cranbourne,10/08/2025,Night,1,5:32 PM,VIC,324,7,RIDDLEMETHIS,NZB STANDARDBRED MAIDEN PACE,1609,"$6,000",FR6,D Zammit,Jodi Quinlan,CR100825_R1,CR100825_R1_RIDDLEMETHIS,PACERS,Mobile,Cranbourne_1609.0,Cranbourne_1609.0_pacers_mobile,290,0,28,32,28.8,29.5,269,30,55,11.15,31.6,-13.13,197,25,52,12.69,39.09,-26.49,0,0,0,0,0,0,jodi quinlan,31,5,9,16.13,45.16,5.35,96,14,26,14.58,41.67,-2.72,196,19,47,9.69,33.67,-31.18,368,34,81,9.24,31.25,-31.28,1364,157,338,11.51,36.29,-19.36,0,4.3,0,23,0,0,0,0,0,0,1,4.3,0,1,0,0,0,0,-100,1,0,0,0,0,-100,1,0,0,0,0,-100,1,0,0,0,0,-100,1,0,0,0,0,-100
CR100825,Cranbourne,10/08/2025,Night,1,5:32 PM,VIC,324,8,BLAZIN BY,NZB STANDARDBRED MAIDEN PACE,1609,"$6,000",SR1,D J Pace,Riley Pace,CR100825_R1,CR100825_R1_BLAZIN BY,PACERS,Mobile,Cranbourne_1609.0,Cranbourne_1609.0_pacers_mobile,290,0,28,32,28.8,29.5,234,33,60,14.1,39.74,3.69,3,0,1,0,33.33,-100,21,1,4,4.76,23.81,-67.05,riley pace,4,0,1,0,25,-100,8,0,1,0,12.5,-100,11,0,3,0,27.27,-100,24,0,5,0,20.83,-100,34,0,7,0,20.59,-100,0,20,0,5,0,0,0,0,0,0,1,20,-100,8,0,1,0,12.5,-100,14,2,3,14.29,35.71,28.4,14,2,3,14.29,35.71,28.4,32,3,5,9.38,25,-24.04,130,12,22,9.23,26.15,-23.43
CR100825,Cranbourne,10/08/2025,Night,1,5:32 PM,VIC,324,9,ONYX,NZB STANDARDBRED MAIDEN PACE,1609,"$6,000",SR2,A M Alford,Chris Alford,CR100825_R1,CR100825_R1_ONYX,PACERS,Mobile,Cranbourne_1609.0,Cranbourne_1609.0_pacers_mobile,290,0,28,32,28.8,29.5,163,18,27,11.04,27.61,-17.61,609,100,190,16.42,47.62,-21.89,86,10,30,11.63,46.51,-31.29,chris alford,89,13,13,14.61,29.21,-22.76,321,48,77,14.95,38.94,-19.07,582,80,138,13.75,37.46,-18.9,1376,176,349,12.79,38.15,-23.38,6518,903,1745,13.85,40.63,-23.71,14.3,28.6,0,7,1,14.3,0,0,0,0,2,28.6,0,30,3,3,10,20,-47.81,74,9,16,12.16,33.78,-24.02,144,12,31,8.33,29.86,-39.13,275,32,71,11.64,37.45,-21.64,940,113,242,12.02,37.77,-21
CR100825,Cranbourne,10/08/2025,Night,1,5:32 PM,VIC,324,10,OUR GIRL ECHO,NZB STANDARDBRED MAIDEN PACE,1609,"$6,000",SR3,C O Eldridge,Jordan Leedham,CR100825_R1,CR100825_R1_OUR GIRL ECHO,PACERS,Mobile,Cranbourne_1609.0,Cranbourne_1609.0_pacers_mobile,290,0,28,32,28.8,29.5,102,7,17,6.86,23.53,-42.63,93,10,25,10.75,37.63,-35.76,0,0,0,0,0,0,jordan leedham,71,7,14,9.86,29.58,-35.46,223,35,50,15.7,38.12,-11.32,382,56,90,14.66,38.22,-8.06,608,80,137,13.16,35.69,-8.32,2722,307,688,11.28,36.55,-15.75,0,0,0,2,0,0,0,0,0,0,0,0,0,5,0,4,0,80,-100,8,0,4,0,50,-100,22,1,4,4.55,22.73,-44.87,81,4,14,4.94,22.22,-46,277,21,58,7.58,28.52,-29.99
CR100825,Cranbourne,10/08/2025,Night,1,5:32 PM,VIC,324,11,ARCHIE MOTH,NZB STANDARDBRED MAIDEN PACE,1609,"$6,000",SR4,R W Jack,Nathan Jack,CR100825_R1,CR100825_R1_ARCHIE MOTH,PACERS,Mobile,Cranbourne_1609.0,Cranbourne_1609.0_pacers_mobile,290,0,28,32,28.8,29.5,43,1,6,2.33,16.28,-81.07,30,9,7,30,53.33,-4.14,15,4,4,26.67,53.33,0.03,nathan jack,20,3,6,15,45,-51.6,20,3,6,15,45,-51.6,20,3,6,15,45,-51.6,361,56,96,15.51,42.11,-27.29,2234,425,587,19.02,45.3,-19.39,0,27.3,9.1,11,0,0,0,1,9.1,0,3,27.3,0,19,4,6,21.05,52.63,-45.32,43,11,10,25.58,48.84,-37,71,20,16,28.17,50.7,-28.31,147,36,36,24.49,48.98,-24.56,732,181,206,24.73,52.87,-11.24
CR100825,Cranbourne,10/08/2025,Night,1,5:32 PM,VIC,324,12,BJ ROBERTSON NZ,NZB STANDARDBRED MAIDEN PACE,1609,"$6,000",SCR,B A Lilley,SCRATCHED,CR100825_R1,CR100825_R1_BJ ROBERTSON NZ,PACERS,Mobile,Cranbourne_1609.0,Cranbourne_1609.0_pacers_mobile,290,0,28,32,28.8,29.5,0,0,0,0,0,0,0,0,0,0,0,0,147,20,47,13.61,45.58,-30.42,scratched,0,0,0,0,0,0,0,0,0,0,0,0,0,0,0,0,0,0,0,0,0,0,0,0,0,0,0,0,0,0,0,0,0,2,0,0,0,0,0,0,0,0,0,59,4,14,6.78,30.51,-44.17,138,14,31,10.14,32.61,-15.43,203,26,42,12.81,33.5,-4.14,454,51,104,11.23,34.14,-19.53,2494,340,631,13.63,38.93,-18.9
CR100825,Cranbourne,10/08/2025,Night,2,6:02 PM,VIC,539,1,QUICK CRUNCH,BLUE HILLS RISE PACE,2080,"$4,000",FR1,T R Ford,Taylor Ford,CR100825_R2,CR100825_R2_QUICK CRUNCH,PACERS,Mobile,Cranbourne_2080.0,Cranbourne_2080.0_pacers_mobile,392,34.3,31,31.8,28.7,29.5,392,46,104,11.73,38.27,-9.74,95,11,31,11.58,44.21,-13.78,32,4,11,12.5,46.88,13.47,taylor ford,13,1,5,7.69,46.15,-36.67,38,2,9,5.26,28.95,-42.82,63,2,14,3.17,25.4,-56.03,122,10,27,8.2,30.33,10.26,545,40,128,7.34,30.83,-28.45,0,0,6.7,15,0,0,0,1,6.7,0,0,0,0,8,1,3,12.5,50,6.46,19,1,5,5.26,31.58,-47.35,38,1,10,2.63,28.95,-67.32,53,2,12,3.77,26.42,-53.69,147,4,32,2.72,24.49,-65.82
CR100825,Cranbourne,10/08/2025,Night,2,6:02 PM,VIC,539,2,SPECULATOR NZ,BLUE HILLS RISE PACE,2080,"$4,000",FR2,B A Cole,James Herbertson,CR100825_R2,CR100825_R2_SPECULATOR NZ,PACERS,Mobile,Cranbourne_2080.0,Cranbourne_2080.0_pacers_mobile,392,34.3,31,31.8,28.7,29.5,392,38,100,9.69,35.2,-22.67,365,71,115,19.45,50.96,-11.58,2,1,0,50,50,200.66,james herbertson,127,30,27,23.62,44.88,1.75,222,57,56,25.68,50.9,0.21,548,128,161,23.36,52.74,-7.87,1558,366,483,23.49,54.49,-10.02,7306,1218,1930,16.67,43.09,-11.59,5.2,10.4,2.6,77,4,5.2,0,2,2.6,0,8,10.4,-100,6,1,1,16.67,33.33,80.73,6,1,1,16.67,33.33,80.73,6,1,1,16.67,33.33,80.73,6,1,1,16.67,33.33,80.73,6,1,1,16.67,33.33,80.73
CR100825,Cranbourne,10/08/2025,Night,2,6:02 PM,VIC,539,3,ROCKSTAR SAINT,BLUE HILLS RISE PACE,2080,"$4,000",SCR,B A Cole,SCRATCHED,CR100825_R2,CR100825_R2_ROCKSTAR SAINT,PACERS,Mobile,Cranbourne_2080.0,Cranbourne_2080.0_pacers_mobile,392,34.3,31,31.8,28.7,29.5,0,0,0,0,0,0,0,0,0,0,0,0,2,1,0,50,50,200.66,scratched,0,0,0,0,0,0,0,0,0,0,0,0,0,0,0,0,0,0,0,0,0,0,0,0,0,0,0,0,0,0,0,5.3,5.3,19,0,0,0,1,5.3,0,1,5.3,0,6,1,1,16.67,33.33,80.73,6,1,1,16.67,33.33,80.73,6,1,1,16.67,33.33,80.73,6,1,1,16.67,33.33,80.73,6,1,1,16.67,33.33,80.73
CR100825,Cranbourne,10/08/2025,Night,2,6:02 PM,VIC,539,4,LOTAKEVI,BLUE HILLS RISE PACE,2080,"$4,000",FR3,J A McGillivray,Chris Alford,CR100825_R2,CR100825_R2_LOTAKEVI,PACERS,Mobile,Cranbourne_2080.0,Cranbourne_2080.0_pacers_mobile,392,34.3,31,31.8,28.7,29.5,392,40,94,10.2,34.18,-34.55,609,100,190,16.42,47.62,-21.89,59,4,9,6.78,22.03,-5.07,chris alford,89,13,13,14.61,29.21,-22.76,321,48,77,14.95,38.94,-19.07,582,80,138,13.75,37.46,-18.9,1376,176,349,12.79,38.15,-23.38,6518,903,1745,13.85,40.63,-23.71,3,11.9,19.9,201,6,3,0,40,19.9,0,24,11.9,-100,7,0,2,0,28.57,-100,21,0,4,0,19.05,-100,32,1,5,3.12,18.75,-69.43,56,2,11,3.57,23.21,-61.88,201,18,46,8.96,31.84,10.01
CR100825,Cranbourne,10/08/2025,Night,2,6:02 PM,VIC,539,5,THE MAJORS GIRL,BLUE HILLS RISE PACE,2080,"$4,000",FR4,T J Parnell,Josh Duggan,CR100825_R2,CR100825_R2_THE MAJORS GIRL,PACERS,Mobile,Cranbourne_2080.0,Cranbourne_2080.0_pacers_mobile,392,34.3,31,31.8,28.7,29.5,392,55,99,14.03,39.29,-15.28,166,10,34,6.02,26.51,-47.75,19,0,2,0,10.53,-100,josh duggan,48,3,11,6.25,29.17,-42.23,166,5,30,3.01,21.08,-68.1,331,15,63,4.53,23.56,-55.76,665,44,123,6.62,25.11,-33.79,2978,236,614,7.92,28.54,-25.31,5.8,1.9,15.4,52,3,5.8,0,8,15.4,0,1,1.9,0,2,0,0,0,0,-100,14,1,3,7.14,28.57,9.97,30,1,5,3.33,20,-48.95,50,2,6,4,16,-30.25,159,9,25,5.66,21.38,-13.63
CR100825,Cranbourne,10/08/2025,Night,2,6:02 PM,VIC,539,6,SCATTERSHOT,BLUE HILLS RISE PACE,2080,"$4,000",FR5,J N Quinlan,Nathan Jack,CR100825_R2,CR100825_R2_SCATTERSHOT,PACERS,Mobile,Cranbourne_2080.0,Cranbourne_2080.0_pacers_mobile,392,34.3,31,31.8,28.7,29.5,386,50,92,12.95,36.79,-20.31,30,9,7,30,53.33,-4.14,99,13,27,13.13,40.4,-29.82,nathan jack,20,3,6,15,45,-51.6,20,3,6,15,45,-51.6,20,3,6,15,45,-51.6,361,56,96,15.51,42.11,-27.29,2234,425,587,19.02,45.3,-19.39,0,7.7,3.8,26,0,0,0,1,3.8,-100,2,7.7,0,11,1,4,9.09,45.45,-12.74,39,5,13,12.82,46.15,-17.72,77,6,19,7.79,32.47,-40.05,182,17,43,9.34,32.97,-29.56,648,67,182,10.34,38.43,-28.07
CR100825,Cranbourne,10/08/2025,Night,2,6:02 PM,VIC,539,7,PICKLE IT,BLUE HILLS RISE PACE,2080,"$4,000",FR6,J F Pengelly,Anthony Butt,CR100825_R2,CR100825_R2_PICKLE IT,PACERS,Mobile,Cranbourne_2080.0,Cranbourne_2080.0_pacers_mobile,392,34.3,31,31.8,28.7,29.5,361,45,87,12.47,36.57,-21.08,121,13,29,10.74,34.71,-36.91,44,5,13,11.36,40.91,9.36,anthony butt,39,3,8,7.69,28.21,-34.22,118,10,24,8.47,28.81,-38.25,179,14,45,7.82,32.96,-42.21,329,25,87,7.6,34.04,-39.6,1595,194,405,12.16,37.55,-21.32,31.1,14.2,11.3,106,33,31.1,-100,12,11.3,0,15,14.2,0,8,0,3,0,37.5,-100,19,1,5,5.26,31.58,-50.29,35,2,6,5.71,22.86,-42.78,74,9,19,12.16,37.84,20.87,168,11,42,6.55,31.55,-31.53
CR100825,Cranbourne,10/08/2025,Night,2,6:02 PM,VIC,539,8,ALLHEARTNOHEIGHT,BLUE HILLS RISE PACE,2080,"$4,000",SR1,B A Cole,George Chamouras,CR100825_R2,CR100825_R2_ALLHEARTNOHEIGHT,PACERS,Mobile,Cranbourne_2080.0,Cranbourne_2080.0_pacers_mobile,392,34.3,31,31.8,28.7,29.5,291,42,84,14.43,43.3,-5.06,9,2,2,22.22,44.44,179.99,2,1,0,50,50,200.66,george chamouras,22,1,5,4.55,27.27,-13.92,49,3,10,6.12,26.53,-21.42,94,8,18,8.51,27.66,5.44,142,12,30,8.45,29.58,-2.09,304,25,48,8.22,24.01,4.51,8.7,18.8,8.7,69,6,8.7,0,6,8.7,0,13,18.8,-100,6,1,1,16.67,33.33,80.73,6,1,1,16.67,33.33,80.73,6,1,1,16.67,33.33,80.73,6,1,1,16.67,33.33,80.73,6,1,1,16.67,33.33,80.73
CR100825,Cranbourne,10/08/2025,Night,2,6:02 PM,VIC,539,9,GROOM,BLUE HILLS RISE PACE,2080,"$4,000",SR2,R W Olsen,Sean O'Sullivan,CR100825_R2,CR100825_R2_GROOM,PACERS,Mobile,Cranbourne_2080.0,Cranbourne_2080.0_pacers_mobile,392,34.3,31,31.8,28.7,29.5,211,19,41,9,28.44,-37.3,82,3,17,3.66,24.39,-61.3,1,0,0,0,0,-100,sean o'sullivan,31,3,3,9.68,19.35,37.66,147,10,31,6.8,27.89,-29.91,271,17,49,6.27,24.35,-35.51,476,34,92,7.14,26.47,-32.39,1063,90,201,8.47,27.38,-16.26,30.6,15.3,2.4,85,26,30.6,0,2,2.4,0,13,15.3,0,1,0,0,0,0,-100,1,0,0,0,0,-100,1,0,0,0,0,-100,1,0,0,0,0,-100,1,0,0,0,0,-100
CR100825,Cranbourne,10/08/2025,Night,3,6:37 PM,VIC,324,1,TROTTERSMAKEMEGREY,MARK GURRY & ASSOCIATES MAIDEN TROT,1609,"$6,000",FR6,D M Miles,David Miles,CR100825_R3,CR100825_R3_TROTTERSMAKEMEGREY,TROTTERS,Mobile,Cranbourne_1609.0,Cranbourne_1609.0_trotters_mobile,34,0,29.1,32.2,29.7,30.3,27,3,7,11.11,37.04,-45.67,36,5,12,13.89,47.22,-20.03,48,7,14,14.58,43.75,-2.35,david miles,16,3,5,18.75,50,18,37,9,11,24.32,54.05,37.29,93,14,31,15.05,48.39,-12.51,217,30,68,13.82,45.16,-14.01,825,101,211,12.24,37.82,-17.77,0,11.1,0,9,0,0,0,0,0,0,1,11.1,0,33,5,9,15.15,42.42,-2.97,64,11,20,17.19,48.44,10.93,137,17,44,12.41,44.53,-17.2,287,33,87,11.5,41.81,-18.76,1237,146,317,11.8,37.43,-17.39
CR100825,Cranbourne,10/08/2025,Night,3,6:37 PM,VIC,324,2,SOVEREIGN SILK,MARK GURRY & ASSOCIATES MAIDEN TROT,1609,"$6,000",FR1,S Gangell,Ewa Justice,CR100825_R3,CR100825_R3_SOVEREIGN SILK,TROTTERS,Mobile,Cranbourne_1609.0,Cranbourne_1609.0_trotters_mobile,34,0,29.1,32.2,29.7,30.3,33,5,8,15.15,39.39,9.44,131,17,33,12.98,38.17,-12.57,31,9,6,29.03,48.39,37.89,ewa justice,50,4,18,8,44,-45.15,69,4,23,5.8,39.13,-54.44,197,19,46,9.64,32.99,-20.91,509,53,117,10.41,33.4,-23.53,1001,110,250,10.99,35.96,-18.96,0,0,0,8,0,0,0,0,0,0,0,0,0,3,1,1,33.33,66.67,47.47,11,2,2,18.18,36.36,54.06,22,6,5,27.27,50,66.31,34,7,7,20.59,41.18,44.42,80,13,16,16.25,36.25,10.63
CR100825,Cranbourne,10/08/2025,Night,3,6:37 PM,VIC,324,3,DANCE FIGHTER,MARK GURRY & ASSOCIATES MAIDEN TROT,1609,"$6,000",FR2,C J Maggs,Cameron Maggs,CR100825_R3,CR100825_R3_DANCE FIGHTER,TROTTERS,Mobile,Cranbourne_1609.0,Cranbourne_1609.0_trotters_mobile,34,0,29.1,32.2,29.7,30.3,34,5,15,14.71,58.82,-16.4,35,1,6,2.86,20,-71.72,0,0,0,0,0,0,cameron maggs,14,0,4,0,28.57,-100,37,1,6,2.7,18.92,-65.5,72,3,10,4.17,18.06,-47.19,97,5,14,5.15,19.59,-41.74,726,64,138,8.82,27.82,-23.12,0,0,0,0,0,0,0,0,0,0,0,0,0,0,0,0,0,0,0,0,0,0,0,0,0,0,0,0,0,0,0,0,0,0,0,0,0,0,0,0,0,0,0
CR100825,Cranbourne,10/08/2025,Night,3,6:37 PM,VIC,324,4,KYVALLEY JOYRIDE NZ,MARK GURRY & ASSOCIATES MAIDEN TROT,1609,"$6,000",SCR,B A Lilley,SCRATCHED,CR100825_R3,CR100825_R3_KYVALLEY JOYRIDE NZ,TROTTERS,Mobile,Cranbourne_1609.0,Cranbourne_1609.0_trotters_mobile,34,0,29.1,32.2,29.7,30.3,0,0,0,0,0,0,0,0,0,0,0,0,147,20,47,13.61,45.58,-30.42,scratched,0,0,0,0,0,0,0,0,0,0,0,0,0,0,0,0,0,0,0,0,0,0,0,0,0,0,0,0,0,0,0,20,0,5,0,0,0,0,0,0,1,20,0,59,4,14,6.78,30.51,-44.17,138,14,31,10.14,32.61,-15.43,203,26,42,12.81,33.5,-4.14,454,51,104,11.23,34.14,-19.53,2494,340,631,13.63,38.93,-18.9
CR100825,Cranbourne,10/08/2025,Night,3,6:37 PM,VIC,324,5,MAJESTIC PARTY BOY,MARK GURRY & ASSOCIATES MAIDEN TROT,1609,"$6,000",FR3,D J Pace,Darren Pace,CR100825_R3,CR100825_R3_MAJESTIC PARTY BOY,TROTTERS,Mobile,Cranbourne_1609.0,Cranbourne_1609.0_trotters_mobile,34,0,29.1,32.2,29.7,30.3,34,2,9,5.88,32.35,-58.75,21,2,3,9.52,23.81,-32.8,21,1,4,4.76,23.81,-67.05,darren pace,5,0,0,0,0,-100,15,3,3,20,40,98.26,18,3,3,16.67,33.33,94.04,51,4,5,7.84,17.65,-6.09,168,13,26,7.74,23.21,-23.85,0,0,0,13,0,0,0,0,0,0,0,0,0,8,0,1,0,12.5,-100,14,2,3,14.29,35.71,28.4,14,2,3,14.29,35.71,28.4,32,3,5,9.38,25,-24.04,130,12,22,9.23,26.15,-23.43
CR100825,Cranbourne,10/08/2025,Night,3,6:37 PM,VIC,324,6,TAKEN BY WINE,MARK GURRY & ASSOCIATES MAIDEN TROT,1609,"$6,000",FR4,J P Quinlan,Chris Alford,CR100825_R3,CR100825_R3_TAKEN BY WINE,TROTTERS,Mobile,Cranbourne_1609.0,Cranbourne_1609.0_trotters_mobile,34,0,29.1,32.2,29.7,30.3,33,9,7,27.27,48.48,60.84,609,100,190,16.42,47.62,-21.89,78,3,9,3.85,15.38,-43.16,chris alford,89,13,13,14.61,29.21,-22.76,321,48,77,14.95,38.94,-19.07,582,80,138,13.75,37.46,-18.9,1376,176,349,12.79,38.15,-23.38,6518,903,1745,13.85,40.63,-23.71,6.5,4.3,19.6,46,3,6.5,0,9,19.6,0,2,4.3,0,8,0,1,0,12.5,-100,34,0,5,0,14.71,-100,86,2,13,2.33,17.44,-60.55,159,6,22,3.77,17.61,-32.18,732,35,116,4.78,20.63,-29.16
CR100825,Cranbourne,10/08/2025,Night,3,6:37 PM,VIC,324,7,ALDEBARAN SARIAH,MARK GURRY & ASSOCIATES MAIDEN TROT,1609,"$6,000",FR5,M M Burnett,Josh Duggan,CR100825_R3,CR100825_R3_ALDEBARAN SARIAH,TROTTERS,Mobile,Cranbourne_1609.0,Cranbourne_1609.0_trotters_mobile,34,0,29.1,32.2,29.7,30.3,33,5,10,15.15,45.45,-25.6,166,10,34,6.02,26.51,-47.75,0,0,0,0,0,0,josh duggan,48,3,11,6.25,29.17,-42.23,166,5,30,3.01,21.08,-68.1,331,15,63,4.53,23.56,-55.76,665,44,123,6.62,25.11,-33.79,2978,236,614,7.92,28.54,-25.31,0,11.1,0,9,0,0,0,0,0,0,1,11.1,0,2,0,1,0,50,-100,2,0,1,0,50,-100,2,0,1,0,50,-100,2,0,1,0,50,-100,2,0,1,0,50,-100
CR100825,Cranbourne,10/08/2025,Night,3,6:37 PM,VIC,324,8,MILITARY MERIT,MARK GURRY & ASSOCIATES MAIDEN TROT,1609,"$6,000",SR1,A P Gath,Jordan Leedham,CR100825_R3,CR100825_R3_MILITARY MERIT,TROTTERS,Mobile,Cranbourne_1609.0,Cranbourne_1609.0_trotters_mobile,34,0,29.1,32.2,29.7,30.3,19,1,1,5.26,10.53,-42.45,93,10,25,10.75,37.63,-35.76,83,24,22,28.92,55.42,-5.68,jordan leedham,71,7,14,9.86,29.58,-35.46,223,35,50,15.7,38.12,-11.32,382,56,90,14.66,38.22,-8.06,608,80,137,13.16,35.69,-8.32,2722,307,688,11.28,36.55,-15.75,5.9,0,2.9,34,2,5.9,0,1,2.9,0,0,0,0,43,8,7,18.6,34.88,-11.62,127,29,26,22.83,43.31,-15.01,222,49,49,22.07,44.14,-14.82,456,89,103,19.52,42.11,-16.67,2187,411,556,18.79,44.22,-19.95
CR100825,Cranbourne,10/08/2025,Night,3,6:37 PM,VIC,324,9,APACHEVALLEY,MARK GURRY & ASSOCIATES MAIDEN TROT,1609,"$6,000",SR2,J J Justice,James Herbertson,CR100825_R3,CR100825_R3_APACHEVALLEY,TROTTERS,Mobile,Cranbourne_1609.0,Cranbourne_1609.0_trotters_mobile,34,0,29.1,32.2,29.7,30.3,15,0,4,0,26.67,-100,365,71,115,19.45,50.96,-11.58,0,0,0,0,0,0,james herbertson,127,30,27,23.62,44.88,1.75,222,57,56,25.68,50.9,0.21,548,128,161,23.36,52.74,-7.87,1558,366,483,23.49,54.49,-10.02,7306,1218,1930,16.67,43.09,-11.59,16.7,33.3,0,6,1,16.7,0,0,0,0,2,33.3,0,0,0,0,0,0,0,0,0,0,0,0,0,0,0,0,0,0,0,0,0,0,0,0,0,0,0,0,0,0,0
CR100825,Cranbourne,10/08/2025,Night,4,7:15 PM,VIC,324,1,BONA KHAN,DECRON HORSE CARE PACE (1ST HEAT),1609,"$4,000",FR1,J F Pengelly,Taylor Ford,CR100825_R4,CR100825_R4_BONA KHAN,PACERS,Mobile,Cranbourne_1609.0,Cranbourne_1609.0_pacers_mobile,290,0,28,32,28.8,29.5,290,40,92,13.79,45.52,-9.34,95,11,31,11.58,44.21,-13.78,44,5,13,11.36,40.91,9.36,taylor ford,13,1,5,7.69,46.15,-36.67,38,2,9,5.26,28.95,-42.82,63,2,14,3.17,25.4,-56.03,122,10,27,8.2,30.33,10.26,545,40,128,7.34,30.83,-28.45,25,12.5,13.5,96,24,25,0,13,13.5,0,12,12.5,-100,8,0,3,0,37.5,-100,19,1,5,5.26,31.58,-50.29,35,2,6,5.71,22.86,-42.78,74,9,19,12.16,37.84,20.87,168,11,42,6.55,31.55,-31.53
CR100825,Cranbourne,10/08/2025,Night,4,7:15 PM,VIC,324,2,LADY IN LINE,DECRON HORSE CARE PACE (1ST HEAT),1609,"$4,000",FR2,J N Quinlan,Jodi Quinlan,CR100825_R4,CR100825_R4_LADY IN LINE,PACERS,Mobile,Cranbourne_1609.0,Cranbourne_1609.0_pacers_mobile,290,0,28,32,28.8,29.5,290,31,81,10.69,38.62,-27.01,197,25,52,12.69,39.09,-26.49,99,13,27,13.13,40.4,-29.82,jodi quinlan,31,5,9,16.13,45.16,5.35,96,14,26,14.58,41.67,-2.72,196,19,47,9.69,33.67,-31.18,368,34,81,9.24,31.25,-31.28,1364,157,338,11.51,36.29,-19.36,6.2,14.1,14.1,64,4,6.2,0,9,14.1,0,9,14.1,0,11,1,4,9.09,45.45,-12.74,39,5,13,12.82,46.15,-17.72,77,6,19,7.79,32.47,-40.05,182,17,43,9.34,32.97,-29.56,648,67,182,10.34,38.43,-28.07
CR100825,Cranbourne,10/08/2025,Night,4,7:15 PM,VIC,324,3,SIR VINCENT,DECRON HORSE CARE PACE (1ST HEAT),1609,"$4,000",FR3,S Gangell,James Herbertson,CR100825_R4,CR100825_R4_SIR VINCENT,PACERS,Mobile,Cranbourne_1609.0,Cranbourne_1609.0_pacers_mobile,290,0,28,32,28.8,29.5,290,37,69,12.76,36.55,-13.99,365,71,115,19.45,50.96,-11.58,31,9,6,29.03,48.39,37.89,james herbertson,127,30,27,23.62,44.88,1.75,222,57,56,25.68,50.9,0.21,548,128,161,23.36,52.74,-7.87,1558,366,483,23.49,54.49,-10.02,7306,1218,1930,16.67,43.09,-11.59,16.7,6.2,20.8,48,8,16.7,0,10,20.8,0,3,6.2,-100,3,1,1,33.33,66.67,47.47,11,2,2,18.18,36.36,54.06,22,6,5,27.27,50,66.31,34,7,7,20.59,41.18,44.42,80,13,16,16.25,36.25,10.63
CR100825,Cranbourne,10/08/2025,Night,4,7:15 PM,VIC,324,4,STARLIGHT SASS,DECRON HORSE CARE PACE (1ST HEAT),1609,"$4,000",FR4,A M Alford,Chris Alford,CR100825_R4,CR100825_R4_STARLIGHT SASS,PACERS,Mobile,Cranbourne_1609.0,Cranbourne_1609.0_pacers_mobile,290,0,28,32,28.8,29.5,289,36,76,12.46,38.75,-25.72,609,100,190,16.42,47.62,-21.89,86,10,30,11.63,46.51,-31.29,chris alford,89,13,13,14.61,29.21,-22.76,321,48,77,14.95,38.94,-19.07,582,80,138,13.75,37.46,-18.9,1376,176,349,12.79,38.15,-23.38,6518,903,1745,13.85,40.63,-23.71,3.4,6.9,17.2,29,1,3.4,0,5,17.2,0,2,6.9,-100,30,3,3,10,20,-47.81,74,9,16,12.16,33.78,-24.02,144,12,31,8.33,29.86,-39.13,275,32,71,11.64,37.45,-21.64,940,113,242,12.02,37.77,-21
CR100825,Cranbourne,10/08/2025,Night,4,7:15 PM,VIC,324,5,THE POSTMASTER,DECRON HORSE CARE PACE (1ST HEAT),1609,"$4,000",FR5,A P Gath,Jordan Leedham,CR100825_R4,CR100825_R4_THE POSTMASTER,PACERS,Mobile,Cranbourne_1609.0,Cranbourne_1609.0_pacers_mobile,290,0,28,32,28.8,29.5,287,45,67,15.68,39.02,-8.99,93,10,25,10.75,37.63,-35.76,83,24,22,28.92,55.42,-5.68,jordan leedham,71,7,14,9.86,29.58,-35.46,223,35,50,15.7,38.12,-11.32,382,56,90,14.66,38.22,-8.06,608,80,137,13.16,35.69,-8.32,2722,307,688,11.28,36.55,-15.75,22.2,0,11.1,9,2,22.2,0,1,11.1,0,0,0,0,43,8,7,18.6,34.88,-11.62,127,29,26,22.83,43.31,-15.01,222,49,49,22.07,44.14,-14.82,456,89,103,19.52,42.11,-16.67,2187,411,556,18.79,44.22,-19.95
CR100825,Cranbourne,10/08/2025,Night,4,7:15 PM,VIC,324,6,OCEANIQUE,DECRON HORSE CARE PACE (1ST HEAT),1609,"$4,000",FR6,G Batsakis,George Batsakis,CR100825_R4,CR100825_R4_OCEANIQUE,PACERS,Mobile,Cranbourne_1609.0,Cranbourne_1609.0_pacers_mobile,290,0,28,32,28.8,29.5,269,30,55,11.15,31.6,-13.13,55,6,16,10.91,40,6.14,31,4,8,12.9,38.71,56.67,george batsakis,1,0,0,0,0,-100,13,0,4,0,30.77,-100,28,2,8,7.14,35.71,-26.79,39,2,10,5.13,30.77,-38.72,135,10,37,7.41,34.81,-20.61,12.7,3.2,15.9,63,8,12.7,0,10,15.9,0,2,3.2,0,1,0,0,0,0,-100,5,0,1,0,20,-100,15,2,3,13.33,33.33,44.12,21,2,4,9.52,28.57,22.58,89,8,23,8.99,34.83,3.53
CR100825,Cranbourne,10/08/2025,Night,4,7:15 PM,VIC,324,7,EYE SEE AMOUR,DECRON HORSE CARE PACE (1ST HEAT),1609,"$4,000",FR7,J N Quinlan,Nathan Jack,CR100825_R4,CR100825_R4_EYE SEE AMOUR,PACERS,Mobile,Cranbourne_1609.0,Cranbourne_1609.0_pacers_mobile,290,0,28,32,28.8,29.5,160,12,31,7.5,26.88,-44.95,30,9,7,30,53.33,-4.14,99,13,27,13.13,40.4,-29.82,nathan jack,20,3,6,15,45,-51.6,20,3,6,15,45,-51.6,20,3,6,15,45,-51.6,361,56,96,15.51,42.11,-27.29,2234,425,587,19.02,45.3,-19.39,4.2,4.2,5.6,71,3,4.2,0,4,5.6,0,3,4.2,0,11,1,4,9.09,45.45,-12.74,39,5,13,12.82,46.15,-17.72,77,6,19,7.79,32.47,-40.05,182,17,43,9.34,32.97,-29.56,648,67,182,10.34,38.43,-28.07
CR100825,Cranbourne,10/08/2025,Night,4,7:15 PM,VIC,324,8,EARS THE BOSS,DECRON HORSE CARE PACE (1ST HEAT),1609,"$4,000",SR1,W Toczynski,Riley Pace,CR100825_R4,CR100825_R4_EARS THE BOSS,PACERS,Mobile,Cranbourne_1609.0,Cranbourne_1609.0_pacers_mobile,290,0,28,32,28.8,29.5,234,33,60,14.1,39.74,3.69,3,0,1,0,33.33,-100,0,0,0,0,0,0,riley pace,4,0,1,0,25,-100,8,0,1,0,12.5,-100,11,0,3,0,27.27,-100,24,0,5,0,20.83,-100,34,0,7,0,20.59,-100,8.3,16.7,66.7,12,1,8.3,0,8,66.7,0,2,16.7,0,0,0,0,0,0,0,0,0,0,0,0,0,0,0,0,0,0,0,0,0,0,0,0,0,0,0,0,0,0,0
CR100825,Cranbourne,10/08/2025,Night,5,7:50 PM,VIC,324,1,MISS ADDI,HYGAIN PACE,1609,"$6,000",FR1,"G J Quinlan, D J Quinlan",Chris Alford,CR100825_R5,CR100825_R5_MISS ADDI,PACERS,Mobile,Cranbourne_1609.0,Cranbourne_1609.0_pacers_mobile,290,0,28,32,28.8,29.5,290,40,92,13.79,45.52,-9.34,609,100,190,16.42,47.62,-21.89,44,11,15,25,59.09,-24.15,chris alford,89,13,13,14.61,29.21,-22.76,321,48,77,14.95,38.94,-19.07,582,80,138,13.75,37.46,-18.9,1376,176,349,12.79,38.15,-23.38,6518,903,1745,13.85,40.63,-23.71,0,0,0,0,0,0,0,0,0,0,0,0,0,3,2,1,66.67,100,64.95,10,3,6,30,90,-31.26,20,6,7,30,65,1.72,33,9,9,27.27,54.55,4.94,192,46,68,23.96,59.38,-11.1
CR100825,Cranbourne,10/08/2025,Night,5,7:50 PM,VIC,324,2,NORMY,HYGAIN PACE,1609,"$6,000",SCR,K M Males,SCRATCHED,CR100825_R5,CR100825_R5_NORMY,PACERS,Mobile,Cranbourne_1609.0,Cranbourne_1609.0_pacers_mobile,290,0,28,32,28.8,29.5,0,0,0,0,0,0,0,0,0,0,0,0,0,0,0,0,0,0,scratched,0,0,0,0,0,0,0,0,0,0,0,0,0,0,0,0,0,0,0,0,0,0,0,0,0,0,0,0,0,0,10,0,20,10,1,10,0,2,20,550.2,0,0,0,8,2,3,25,62.5,235.63,8,2,3,25,62.5,235.63,8,2,3,25,62.5,235.63,8,2,3,25,62.5,235.63,8,2,3,25,62.5,235.63
CR100825,Cranbourne,10/08/2025,Night,5,7:50 PM,VIC,324,3,INDI PARTY MOOD,HYGAIN PACE,1609,"$6,000",FR2,D M Miles,David Miles,CR100825_R5,CR100825_R5_INDI PARTY MOOD,PACERS,Mobile,Cranbourne_1609.0,Cranbourne_1609.0_pacers_mobile,290,0,28,32,28.8,29.5,290,31,81,10.69,38.62,-27.01,36,5,12,13.89,47.22,-20.03,48,7,14,14.58,43.75,-2.35,david miles,16,3,5,18.75,50,18,37,9,11,24.32,54.05,37.29,93,14,31,15.05,48.39,-12.51,217,30,68,13.82,45.16,-14.01,825,101,211,12.24,37.82,-17.77,0,15.4,0,13,0,0,0,0,0,0,2,15.4,-100,33,5,9,15.15,42.42,-2.97,64,11,20,17.19,48.44,10.93,137,17,44,12.41,44.53,-17.2,287,33,87,11.5,41.81,-18.76,1237,146,317,11.8,37.43,-17.39
CR100825,Cranbourne,10/08/2025,Night,5,7:50 PM,VIC,324,4,DIVINE TILLY,HYGAIN PACE,1609,"$6,000",FR3,S B Cleave,Steve Cleave,CR100825_R5,CR100825_R5_DIVINE TILLY,PACERS,Mobile,Cranbourne_1609.0,Cranbourne_1609.0_pacers_mobile,290,0,28,32,28.8,29.5,290,37,69,12.76,36.55,-13.99,1,0,0,0,0,-100,0,0,0,0,0,0,steve cleave,0,0,0,0,0,0,0,0,0,0,0,0,6,1,2,16.67,50,-33.44,13,1,6,7.69,53.85,-62.76,75,6,23,8,38.67,-28.85,0,0,20,5,0,0,0,1,20,0,0,0,0,0,0,0,0,0,0,0,0,0,0,0,0,0,0,0,0,0,0,0,0,0,0,0,0,0,0,0,0,0,0
CR100825,Cranbourne,10/08/2025,Night,5,7:50 PM,VIC,324,5,SEND IN ELVIS,HYGAIN PACE,1609,"$6,000",FR4,A A Herbertson,James Herbertson,CR100825_R5,CR100825_R5_SEND IN ELVIS,PACERS,Mobile,Cranbourne_1609.0,Cranbourne_1609.0_pacers_mobile,290,0,28,32,28.8,29.5,289,36,76,12.46,38.75,-25.72,365,71,115,19.45,50.96,-11.58,26,3,5,11.54,30.77,-35.95,james herbertson,127,30,27,23.62,44.88,1.75,222,57,56,25.68,50.9,0.21,548,128,161,23.36,52.74,-7.87,1558,366,483,23.49,54.49,-10.02,7306,1218,1930,16.67,43.09,-11.59,0,0,100,1,0,0,0,1,100,0,0,0,0,1,0,1,0,100,-100,10,1,3,10,40,-17.97,71,7,13,9.86,28.17,-9.34,189,21,47,11.11,35.98,-30.58,837,93,198,11.11,34.77,-25.18
CR100825,Cranbourne,10/08/2025,Night,5,7:50 PM,VIC,324,6,MAJOR BLITZ,HYGAIN PACE,1609,"$6,000",FR5,A T McDonough,Allan McDonough,CR100825_R5,CR100825_R5_MAJOR BLITZ,PACERS,Mobile,Cranbourne_1609.0,Cranbourne_1609.0_pacers_mobile,290,0,28,32,28.8,29.5,287,45,67,15.68,39.02,-8.99,11,4,2,36.36,54.55,10.86,0,0,0,0,0,0,allan mcdonough,7,1,1,14.29,28.57,36.87,18,2,6,11.11,44.44,-50.02,49,9,14,18.37,46.94,-32.11,142,30,37,21.13,47.18,-21.13,573,157,126,27.4,49.39,-9.69,0,50,50,2,0,0,0,1,50,0,1,50,0,1,1,0,100,100,85.01,1,1,0,100,100,85.01,1,1,0,100,100,85.01,1,1,0,100,100,85.01,1,1,0,100,100,85.01
CR100825,Cranbourne,10/08/2025,Night,5,7:50 PM,VIC,324,7,LOVE A BELLE,HYGAIN PACE,1609,"$6,000",FR6,R Cashman,Jodi Quinlan,CR100825_R5,CR100825_R5_LOVE A BELLE,PACERS,Mobile,Cranbourne_1609.0,Cranbourne_1609.0_pacers_mobile,290,0,28,32,28.8,29.5,269,30,55,11.15,31.6,-13.13,197,25,52,12.69,39.09,-26.49,25,4,6,16,40,23.06,jodi quinlan,31,5,9,16.13,45.16,5.35,96,14,26,14.58,41.67,-2.72,196,19,47,9.69,33.67,-31.18,368,34,81,9.24,31.25,-31.28,1364,157,338,11.51,36.29,-19.36,9.1,9.1,9.1,11,1,9.1,0,1,9.1,0,1,9.1,0,2,0,0,0,0,-100,6,1,1,16.67,33.33,5.09,13,3,1,23.08,30.77,28.56,23,4,6,17.39,43.48,-0.56,89,11,21,12.36,35.96,-24.87
CR100825,Cranbourne,10/08/2025,Night,6,8:22 PM,VIC,539,1,CHASING THE WIND,CRANBOURNE FENCING PACE (1ST HEAT),2080,"$6,000",FR1,G H McIntosh,Sean O'Sullivan,CR100825_R6,CR100825_R6_CHASING THE WIND,PACERS,Mobile,Cranbourne_2080.0,Cranbourne_2080.0_pacers_mobile,392,34.3,31,31.8,28.7,29.5,392,46,104,11.73,38.27,-9.74,82,3,17,3.66,24.39,-61.3,0,0,0,0,0,0,sean o'sullivan,31,3,3,9.68,19.35,37.66,147,10,31,6.8,27.89,-29.91,271,17,49,6.27,24.35,-35.51,476,34,92,7.14,26.47,-32.39,1063,90,201,8.47,27.38,-16.26,4.7,11.6,13.2,129,6,4.7,-100,17,13.2,0,15,11.6,0,0,0,0,0,0,0,0,0,0,0,0,0,0,0,0,0,0,0,0,0,0,0,0,0,0,0,0,0,0,0
CR100825,Cranbourne,10/08/2025,Night,6,8:22 PM,VIC,539,2,OLLIES MEDAL,CRANBOURNE FENCING PACE (1ST HEAT),2080,"$6,000",FR2,D M Miles,David Miles,CR100825_R6,CR100825_R6_OLLIES MEDAL,PACERS,Mobile,Cranbourne_2080.0,Cranbourne_2080.0_pacers_mobile,392,34.3,31,31.8,28.7,29.5,392,38,100,9.69,35.2,-22.67,36,5,12,13.89,47.22,-20.03,48,7,14,14.58,43.75,-2.35,david miles,16,3,5,18.75,50,18,37,9,11,24.32,54.05,37.29,93,14,31,15.05,48.39,-12.51,217,30,68,13.82,45.16,-14.01,825,101,211,12.24,37.82,-17.77,27.3,18.2,9.1,11,3,27.3,0,1,9.1,0,2,18.2,0,33,5,9,15.15,42.42,-2.97,64,11,20,17.19,48.44,10.93,137,17,44,12.41,44.53,-17.2,287,33,87,11.5,41.81,-18.76,1237,146,317,11.8,37.43,-17.39
CR100825,Cranbourne,10/08/2025,Night,6,8:22 PM,VIC,539,3,ROLINGINTHEDEEP,CRANBOURNE FENCING PACE (1ST HEAT),2080,"$6,000",FR3,J E Davies,Chris Alford,CR100825_R6,CR100825_R6_ROLINGINTHEDEEP,PACERS,Mobile,Cranbourne_2080.0,Cranbourne_2080.0_pacers_mobile,392,34.3,31,31.8,28.7,29.5,392,40,94,10.2,34.18,-34.55,609,100,190,16.42,47.62,-21.89,1,0,0,0,0,-100,chris alford,89,13,13,14.61,29.21,-22.76,321,48,77,14.95,38.94,-19.07,582,80,138,13.75,37.46,-18.9,1376,176,349,12.79,38.15,-23.38,6518,903,1745,13.85,40.63,-23.71,25,0,0,4,1,25,0,0,0,0,0,0,0,4,2,0,50,50,25.82,4,2,0,50,50,25.82,4,2,0,50,50,25.82,4,2,0,50,50,25.82,4,2,0,50,50,25.82
CR100825,Cranbourne,10/08/2025,Night,6,8:22 PM,VIC,539,4,MIKISPUR,CRANBOURNE FENCING PACE (1ST HEAT),2080,"$6,000",FR4,S Gangell,James Herbertson,CR100825_R6,CR100825_R6_MIKISPUR,PACERS,Mobile,Cranbourne_2080.0,Cranbourne_2080.0_pacers_mobile,392,34.3,31,31.8,28.7,29.5,392,55,99,14.03,39.29,-15.28,365,71,115,19.45,50.96,-11.58,31,9,6,29.03,48.39,37.89,james herbertson,127,30,27,23.62,44.88,1.75,222,57,56,25.68,50.9,0.21,548,128,161,23.36,52.74,-7.87,1558,366,483,23.49,54.49,-10.02,7306,1218,1930,16.67,43.09,-11.59,7,23.3,11.6,43,3,7,0,5,11.6,0,10,23.3,0,3,1,1,33.33,66.67,47.47,11,2,2,18.18,36.36,54.06,22,6,5,27.27,50,66.31,34,7,7,20.59,41.18,44.42,80,13,16,16.25,36.25,10.63
CR100825,Cranbourne,10/08/2025,Night,6,8:22 PM,VIC,539,5,BILLYS TIGER KHAN,CRANBOURNE FENCING PACE (1ST HEAT),2080,"$6,000",SCR,A T McDonough,SCRATCHED,CR100825_R6,CR100825_R6_BILLYS TIGER KHAN,PACERS,Mobile,Cranbourne_2080.0,Cranbourne_2080.0_pacers_mobile,392,34.3,31,31.8,28.7,29.5,0,0,0,0,0,0,0,0,0,0,0,0,0,0,0,0,0,0,scratched,0,0,0,0,0,0,0,0,0,0,0,0,0,0,0,0,0,0,0,0,0,0,0,0,0,0,0,0,0,0,27.3,27.3,9.1,11,3,27.3,0,1,9.1,0,3,27.3,85,1,1,0,100,100,85.01,1,1,0,100,100,85.01,1,1,0,100,100,85.01,1,1,0,100,100,85.01,1,1,0,100,100,85.01
CR100825,Cranbourne,10/08/2025,Night,6,8:22 PM,VIC,539,6,MY WAY NZ,CRANBOURNE FENCING PACE (1ST HEAT),2080,"$6,000",FR5,L Tabone,Jordan Leedham,CR100825_R6,CR100825_R6_MY WAY NZ,PACERS,Mobile,Cranbourne_2080.0,Cranbourne_2080.0_pacers_mobile,392,34.3,31,31.8,28.7,29.5,386,50,92,12.95,36.79,-20.31,93,10,25,10.75,37.63,-35.76,55,6,11,10.91,30.91,-26.38,jordan leedham,71,7,14,9.86,29.58,-35.46,223,35,50,15.7,38.12,-11.32,382,56,90,14.66,38.22,-8.06,608,80,137,13.16,35.69,-8.32,2722,307,688,11.28,36.55,-15.75,18.2,21.2,6.1,33,6,18.2,0,2,6.1,0,7,21.2,0,19,3,3,15.79,31.58,12.02,37,5,8,13.51,35.14,-7.41,60,7,10,11.67,28.33,-2.63,131,15,31,11.45,35.11,-16.54,331,39,84,11.78,37.16,-23.17
LN100825,Launceston,10/08/2025,Twilight,1,4:44 PM,TAS,384,1,ROCKY STRIDE,CLIFF ROBINS MEMORIAL TWO-YEAR-OLD,1680,"$14,000",FR1,S L Davis,Brodie Davis,LN100825_R1,LN100825_R1_ROCKY STRIDE,PACERS,Mobile,Launceston_1680.0,Launceston_1680.0_pacers_mobile,369,5,29.2,30.9,29.3,29.3,369,61,84,16.53,39.3,,433,69,86,15.94,35.8,,377,36,76,9.55,29.71,,brodie davis,31,1,5,3.23,19.35,-60.82,74,9,16,12.16,33.78,,144,19,30,13.19,34.03,,305,45,64,14.75,35.74,,714,99,160,13.87,36.27,,0,25,25,8,0,0,0,2,25,0,2,25,-100,15,1,3,6.67,26.67,-32.99,39,4,8,10.26,30.77,,69,6,14,8.7,28.99,,148,15,28,10.14,29.05,,613,53,145,8.65,32.3,
LN100825,Launceston,10/08/2025,Twilight,1,4:44 PM,TAS,384,2,SOHO TUXEDO,CLIFF ROBINS MEMORIAL TWO-YEAR-OLD,1680,"$14,000",FR2,W J Yole,Mitch Ford,LN100825_R1,LN100825_R1_SOHO TUXEDO,PACERS,Mobile,Launceston_1680.0,Launceston_1680.0_pacers_mobile,369,5,29.2,30.9,29.3,29.3,368,46,104,12.5,40.76,,524,66,112,12.6,33.97,,1236,61,190,4.94,20.31,,mitch ford,47,7,8,14.89,31.91,58.68,101,11,20,10.89,30.69,,259,28,66,10.81,36.29,,468,71,107,15.17,38.03,,1408,197,311,13.99,36.08,,0,20,60,5,0,0,0,3,60,0,1,20,0,147,13,22,8.84,23.81,18.63,432,25,73,5.79,22.69,,956,58,167,6.07,23.54,,1921,136,340,7.08,24.78,,2861,203,484,7.1,24.01,
LN100825,Launceston,10/08/2025,Twilight,1,4:44 PM,TAS,384,3,IYLAC CHAMBER,CLIFF ROBINS MEMORIAL TWO-YEAR-OLD,1680,"$14,000",FR3,B A Heenan,Jacob Duggan,LN100825_R1,LN100825_R1_IYLAC CHAMBER,PACERS,Mobile,Launceston_1680.0,Launceston_1680.0_pacers_mobile,369,5,29.2,30.9,29.3,29.3,367,38,86,10.35,33.79,,503,48,93,9.54,28.03,,103,10,21,9.71,30.1,-37.22,jacob duggan,38,2,7,5.26,23.68,-24.44,91,7,17,7.69,26.37,,138,14,28,10.14,30.43,,309,38,65,12.3,33.33,,1266,120,237,9.48,28.2,,0,33.3,0,3,0,0,0,0,0,0,1,33.3,-100,11,0,2,0,18.18,-100,23,4,2,17.39,26.09,12.56,24,5,2,20.83,29.17,27.42,24,5,2,20.83,29.17,27.42,338,53,71,15.68,36.69,-7.93
LN100825,Launceston,10/08/2025,Twilight,1,4:44 PM,TAS,384,4,I GOTTA GO,CLIFF ROBINS MEMORIAL TWO-YEAR-OLD,1680,"$14,000",FR4,C B Howlett,Rodney Ashwood,LN100825_R1,LN100825_R1_I GOTTA GO,PACERS,Mobile,Launceston_1680.0,Launceston_1680.0_pacers_mobile,369,5,29.2,30.9,29.3,29.3,361,52,89,14.4,39.06,,109,10,26,9.17,33.03,-22.11,46,8,13,17.39,45.65,-15.16,rodney ashwood,7,1,0,14.29,14.29,67.84,24,4,6,16.67,41.67,62.4,57,6,9,10.53,26.32,26.26,108,10,22,9.26,29.63,-11.54,450,44,86,9.78,28.89,-14.66,0,0,50,2,0,0,0,1,50,-100,0,0,0,4,0,0,0,0,-100,6,0,0,0,0,-100,14,2,3,14.29,35.71,-29.03,25,3,8,12,44,-36.47,150,24,44,16,45.33,-15.72
LN100825,Launceston,10/08/2025,Twilight,2,5:19 PM,TAS,384,1,TRUE IMAGE,IMPARTIAL STAKES,1680,"$14,000",FR1,R L Ashwood,Jack Laugher,LN100825_R2,LN100825_R2_TRUE IMAGE,PACERS,Mobile,Launceston_1680.0,Launceston_1680.0_pacers_mobile,369,5,29.2,30.9,29.3,29.3,369,61,84,16.53,39.3,,55,5,17,9.09,40,-39.25,81,9,28,11.11,45.68,-21.84,jack laugher,45,6,16,13.33,48.89,-13.36,202,17,54,8.42,35.15,-37.54,514,47,126,9.14,33.66,-29.42,1062,113,237,10.64,32.96,-20.34,5523,735,1445,13.31,39.47,-19.41,33.3,0,0,3,1,33.3,0,0,0,0,0,0,0,14,2,2,14.29,28.57,-4.61,32,4,9,12.5,40.62,-4.71,55,5,11,9.09,29.09,-21.19,98,13,22,13.27,35.71,-20.05,398,62,96,15.58,39.7,-1.87
LN100825,Launceston,10/08/2025,Twilight,2,5:19 PM,TAS,384,2,FAR LEFT FLETCH,IMPARTIAL STAKES,1680,"$14,000",FR2,C T Crook,Jordan Chibnall,LN100825_R2,LN100825_R2_FAR LEFT FLETCH,PACERS,Mobile,Launceston_1680.0,Launceston_1680.0_pacers_mobile,369,5,29.2,30.9,29.3,29.3,368,46,104,12.5,40.76,,364,45,84,12.36,35.44,,242,66,68,27.27,55.37,,jordan chibnall,33,9,9,27.27,54.55,-6.76,66,13,19,19.7,48.48,,140,28,37,20,46.43,,273,55,73,20.15,46.89,,1609,198,351,12.31,34.12,,0,0,0,2,0,0,0,0,0,0,0,0,0,25,6,5,24,44,-19.99,51,10,12,19.61,43.14,,107,29,22,27.1,47.66,,205,52,49,25.37,49.27,,876,166,213,18.95,43.26,
LN100825,Launceston,10/08/2025,Twilight,2,5:19 PM,TAS,384,3,TASSIE DAZZLER,IMPARTIAL STAKES,1680,"$14,000",FR3,W J Yole,Mark Yole,LN100825_R2,LN100825_R2_TASSIE DAZZLER,PACERS,Mobile,Launceston_1680.0,Launceston_1680.0_pacers_mobile,369,5,29.2,30.9,29.3,29.3,367,38,86,10.35,33.79,,837,98,172,11.71,32.26,,1236,61,190,4.94,20.31,,mark yole,43,4,10,9.3,32.56,-44.17,103,13,29,12.62,40.78,,191,28,50,14.66,40.84,,445,54,112,12.13,37.3,,2193,294,487,13.41,35.61,,0,4.2,8.3,24,0,0,0,2,8.3,0,1,4.2,0,147,13,22,8.84,23.81,18.63,432,25,73,5.79,22.69,,956,58,167,6.07,23.54,,1921,136,340,7.08,24.78,,2861,203,484,7.1,24.01,
LN100825,Launceston,10/08/2025,Twilight,2,5:19 PM,TAS,384,4,STEPUPNDANCE,IMPARTIAL STAKES,1680,"$14,000",FR4,T R Langley,Dylan Ford,LN100825_R2,LN100825_R2_STEPUPNDANCE,PACERS,Mobile,Launceston_1680.0,Launceston_1680.0_pacers_mobile,369,5,29.2,30.9,29.3,29.3,361,52,89,14.4,39.06,,838,76,175,9.07,29.95,,590,68,128,11.53,33.22,,dylan ford,47,2,12,4.26,29.79,-78.37,129,19,32,14.73,39.53,,282,42,76,14.89,41.84,,467,75,124,16.06,42.61,,2189,277,461,12.65,33.71,,16.7,0,0,6,1,16.7,-100,0,0,0,0,0,0,53,2,15,3.77,32.08,-79.6,146,20,36,13.7,38.36,,322,53,93,16.46,45.34,,662,102,174,15.41,41.69,,1771,247,414,13.95,37.32,
LN100825,Launceston,10/08/2025,Twilight,2,5:19 PM,TAS,384,5,DANCINWIVJOLENE,IMPARTIAL STAKES,1680,"$14,000",FR5,L T Rand,Rohan Hillier,LN100825_R2,LN100825_R2_DANCINWIVJOLENE,PACERS,Mobile,Launceston_1680.0,Launceston_1680.0_pacers_mobile,369,5,29.2,30.9,29.3,29.3,353,39,70,11.05,30.88,,823,172,251,20.9,51.4,-10.25,133,17,29,12.78,34.59,-26.28,rohan hillier,18,7,3,38.89,55.56,34.73,67,15,13,22.39,41.79,,135,33,34,24.44,49.63,,302,69,78,22.85,48.68,,1644,326,489,19.83,49.57,,0,50,50,2,0,0,0,1,50,0,1,50,0,4,1,0,25,25,16.04,13,2,5,15.38,53.85,-28.83,18,2,7,11.11,50,-35.7,58,8,13,13.79,36.21,-37.22,197,29,40,14.72,35.03,-19.06
LN100825,Launceston,10/08/2025,Twilight,2,5:19 PM,TAS,384,6,VINCENTS RAINBOW,IMPARTIAL STAKES,1680,"$14,000",FR6,T R Langley,Tiarna Ford,LN100825_R2,LN100825_R2_VINCENTS RAINBOW,PACERS,Mobile,Launceston_1680.0,Launceston_1680.0_pacers_mobile,369,5,29.2,30.9,29.3,29.3,323,31,54,9.6,26.32,,398,19,57,4.77,19.1,,590,68,128,11.53,33.22,,tiarna ford,6,0,2,0,33.33,-100,70,8,18,11.43,37.14,,145,14,38,9.66,35.86,,291,39,64,13.4,35.4,,1103,87,187,7.89,24.84,,9.5,4.8,14.3,21,2,9.5,0,3,14.3,-100,1,4.8,0,53,2,15,3.77,32.08,-79.6,146,20,36,13.7,38.36,,322,53,93,16.46,45.34,,662,102,174,15.41,41.69,,1771,247,414,13.95,37.32,
LN100825,Launceston,10/08/2025,Twilight,2,5:19 PM,TAS,384,7,OBLER,IMPARTIAL STAKES,1680,"$14,000",FR7,T E Rattray,Todd Rattray,LN100825_R2,LN100825_R2_OBLER,PACERS,Mobile,Launceston_1680.0,Launceston_1680.0_pacers_mobile,369,5,29.2,30.9,29.3,29.3,201,15,30,7.46,22.39,,720,94,192,13.06,39.72,-21.09,688,100,180,14.53,40.7,,todd rattray,27,6,3,22.22,33.33,80.26,72,13,14,18.06,37.5,,158,23,40,14.56,39.87,,312,36,88,11.54,39.74,,1545,201,428,13.01,40.71,,4.2,12.5,8.3,24,1,4.2,0,2,8.3,0,3,12.5,-100,27,5,3,18.52,29.63,54.61,72,12,12,16.67,33.33,,163,22,41,13.5,38.65,,326,39,86,11.96,38.34,,1486,214,416,14.4,42.4,
LN100825,Launceston,10/08/2025,Twilight,2,5:19 PM,TAS,384,8,PHLOW JO,IMPARTIAL STAKES,1680,"$14,000",SR1,T E Rattray,Liam Older,LN100825_R2,LN100825_R2_PHLOW JO,PACERS,Mobile,Launceston_1680.0,Launceston_1680.0_pacers_mobile,369,5,29.2,30.9,29.3,29.3,300,23,75,7.67,32.67,,236,18,59,7.63,32.63,,688,100,180,14.53,40.7,,liam older,34,3,5,8.82,23.53,-7.4,112,10,26,8.93,32.14,,270,22,61,8.15,30.74,,481,43,112,8.94,32.22,,1621,133,347,8.2,29.61,,0,0,0,6,0,0,0,0,0,0,0,0,0,27,5,3,18.52,29.63,54.61,72,12,12,16.67,33.33,,163,22,41,13.5,38.65,,326,39,86,11.96,38.34,,1486,214,416,14.4,42.4,
LN100825,Launceston,10/08/2025,Twilight,2,5:19 PM,TAS,384,9,SUES PASSION,IMPARTIAL STAKES,1680,"$14,000",SR2,K E MacLeod,Gareth Rattray,LN100825_R2,LN100825_R2_SUES PASSION,PACERS,Mobile,Launceston_1680.0,Launceston_1680.0_pacers_mobile,369,5,29.2,30.9,29.3,29.3,266,18,50,6.77,25.56,,946,86,225,9.09,32.88,,100,6,27,6,33,-47.42,gareth rattray,28,1,7,3.57,28.57,-65.14,58,3,12,5.17,25.86,,112,9,28,8.04,33.04,,254,27,64,10.63,35.83,,1918,189,433,9.85,32.43,,0,0,0,0,0,0,0,0,0,0,0,0,0,0,0,0,0,0,0,0,0,0,0,0,0,0,0,0,0,0,0,1,0,0,0,0,-100,124,7,33,5.65,32.26,-50.75
LN100825,Launceston,10/08/2025,Twilight,2,5:19 PM,TAS,384,10,FANCY ANOTHER,IMPARTIAL STAKES,1680,"$14,000",SR3,D F Saunders,John Walters,LN100825_R2,LN100825_R2_FANCY ANOTHER,PACERS,Mobile,Launceston_1680.0,Launceston_1680.0_pacers_mobile,369,5,29.2,30.9,29.3,29.3,221,15,40,6.79,24.89,,303,15,48,4.95,20.79,-29.78,21,0,0,0,0,-100,john walters,9,1,1,11.11,22.22,93.84,34,3,6,8.82,26.47,50.72,74,4,10,5.41,18.92,-9.33,152,8,20,5.26,18.42,-20.45,485,27,83,5.57,22.68,-28.25,0,14.3,42.9,7,0,0,0,3,42.9,0,1,14.3,0,1,0,0,0,0,-100,5,0,0,0,0,-100,6,0,0,0,0,-100,16,0,1,0,6.25,-100,30,0,1,0,3.33,-100
LN100825,Launceston,10/08/2025,Twilight,2,5:19 PM,TAS,384,11,OUTBACK ROCK,IMPARTIAL STAKES,1680,"$14,000",SR4,S L Davis,Brodie Davis,LN100825_R2,LN100825_R2_OUTBACK ROCK,PACERS,Mobile,Launceston_1680.0,Launceston_1680.0_pacers_mobile,369,5,29.2,30.9,29.3,29.3,191,7,26,3.66,17.28,,433,69,86,15.94,35.8,,377,36,76,9.55,29.71,,brodie davis,31,1,5,3.23,19.35,-60.82,74,9,16,12.16,33.78,,144,19,30,13.19,34.03,,305,45,64,14.75,35.74,,714,99,160,13.87,36.27,,0,0,0,9,0,0,0,0,0,0,0,0,0,15,1,3,6.67,26.67,-32.99,39,4,8,10.26,30.77,,69,6,14,8.7,28.99,,148,15,28,10.14,29.05,,613,53,145,8.65,32.3,
LN100825,Launceston,10/08/2025,Twilight,3,5:49 PM,TAS,384,1,IFYOULOVEMELETMEGO,TENIRAMA PACE,1680,"$8,000",FR1,M A Laugher,Ellen Tormey,LN100825_R3,LN100825_R3_IFYOULOVEMELETMEGO,PACERS,Mobile,Launceston_1680.0,Launceston_1680.0_pacers_mobile,369,5,29.2,30.9,29.3,29.3,369,61,84,16.53,39.3,,9,2,2,22.22,44.44,-17.37,363,50,94,13.77,39.67,,ellen tormey,115,16,31,13.91,40.87,-13.64,352,36,90,10.23,35.8,-29.75,680,65,181,9.56,36.18,-35.1,939,96,246,10.22,36.42,-27.29,4929,583,1257,11.83,37.33,-19.76,5.7,3.8,22.6,53,3,5.7,0,12,22.6,0,2,3.8,0,48,8,13,16.67,43.75,7.36,96,13,19,13.54,33.33,,167,19,36,11.38,32.93,,304,35,68,11.51,33.88,,1170,137,287,11.71,36.24,
LN100825,Launceston,10/08/2025,Twilight,3,5:49 PM,TAS,384,2,CINOCAL JAMANE,TENIRAMA PACE,1680,"$8,000",FR2,W J Yole,Liam Older,LN100825_R3,LN100825_R3_CINOCAL JAMANE,PACERS,Mobile,Launceston_1680.0,Launceston_1680.0_pacers_mobile,369,5,29.2,30.9,29.3,29.3,368,46,104,12.5,40.76,,236,18,59,7.63,32.63,,1236,61,190,4.94,20.31,,liam older,34,3,5,8.82,23.53,-7.4,112,10,26,8.93,32.14,,270,22,61,8.15,30.74,,481,43,112,8.94,32.22,,1621,133,347,8.2,29.61,,10.3,11.5,12.8,156,16,10.3,0,20,12.8,-100,18,11.5,0,147,13,22,8.84,23.81,18.63,432,25,73,5.79,22.69,,956,58,167,6.07,23.54,,1921,136,340,7.08,24.78,,2861,203,484,7.1,24.01,
LN100825,Launceston,10/08/2025,Twilight,3,5:49 PM,TAS,384,3,CINCINNATI,TENIRAMA PACE,1680,"$8,000",FR3-,M J Reggett,Rodney Ashwood,LN100825_R3,LN100825_R3_CINCINNATI,PACERS,Mobile,Launceston_1680.0,Launceston_1680.0_pacers_mobile,369,5,29.2,30.9,29.3,29.3,0,0,0,0,0,0,109,10,26,9.17,33.03,-22.11,47,16,10,34.04,55.32,10.69,rodney ashwood,7,1,0,14.29,14.29,67.84,24,4,6,16.67,41.67,62.4,57,6,9,10.53,26.32,26.26,108,10,22,9.26,29.63,-11.54,450,44,86,9.78,28.89,-14.66,26.9,23.1,19.2,26,7,26.9,-100,5,19.2,0,6,23.1,0,4,0,1,0,25,-100,7,0,1,0,14.29,-100,7,0,1,0,14.29,-100,20,5,5,25,50,-29.17,105,31,28,29.52,56.19,7
LN100825,Launceston,10/08/2025,Twilight,3,5:49 PM,TAS,384,4,KIAVINO STRIDE,TENIRAMA PACE,1680,"$8,000",FR4,W J Yole,Hannah Van dongen,LN100825_R3,LN100825_R3_KIAVINO STRIDE,PACERS,Mobile,Launceston_1680.0,Launceston_1680.0_pacers_mobile,369,5,29.2,30.9,29.3,29.3,361,52,89,14.4,39.06,,396,20,52,5.05,18.18,,1236,61,190,4.94,20.31,,hannah van dongen,26,1,3,3.85,15.38,-6.75,88,4,8,4.55,13.64,,172,11,17,6.4,16.28,,288,19,37,6.6,19.44,,963,60,134,6.23,20.15,,20.5,22.6,5.3,190,39,20.5,0,10,5.3,0,43,22.6,450.1,147,13,22,8.84,23.81,18.63,432,25,73,5.79,22.69,,956,58,167,6.07,23.54,,1921,136,340,7.08,24.78,,2861,203,484,7.1,24.01,
LN100825,Launceston,10/08/2025,Twilight,3,5:49 PM,TAS,384,5,BUDD SIDEWINDER,TENIRAMA PACE,1680,"$8,000",FR5,M A Laugher,Jack Laugher,LN100825_R3,LN100825_R3_BUDD SIDEWINDER,PACERS,Mobile,Launceston_1680.0,Launceston_1680.0_pacers_mobile,369,5,29.2,30.9,29.3,29.3,353,39,70,11.05,30.88,,55,5,17,9.09,40,-39.25,363,50,94,13.77,39.67,,jack laugher,45,6,16,13.33,48.89,-13.36,202,17,54,8.42,35.15,-37.54,514,47,126,9.14,33.66,-29.42,1062,113,237,10.64,32.96,-20.34,5523,735,1445,13.31,39.47,-19.41,0,4.3,3.5,141,0,0,0,5,3.5,0,6,4.3,0,48,8,13,16.67,43.75,7.36,96,13,19,13.54,33.33,,167,19,36,11.38,32.93,,304,35,68,11.51,33.88,,1170,137,287,11.71,36.24,
LN100825,Launceston,10/08/2025,Twilight,3,5:49 PM,TAS,384,6,ARMA ROLLING STONE,TENIRAMA PACE,1680,"$8,000",FR6,C J Miller,Bronte Miller,LN100825_R3,LN100825_R3_ARMA ROLLING STONE,PACERS,Mobile,Launceston_1680.0,Launceston_1680.0_pacers_mobile,369,5,29.2,30.9,29.3,29.3,323,31,54,9.6,26.32,,354,22,54,6.21,21.47,-29.47,97,9,29,9.28,39.18,-26.84,bronte miller,4,0,1,0,25,-100,14,0,2,0,14.29,-100,31,3,5,9.68,25.81,-19.15,46,3,5,6.52,17.39,-29.98,947,63,173,6.65,24.92,-25.74,10.8,24.6,6.2,65,7,10.8,0,4,6.2,0,16,24.6,0,5,0,2,0,40,-100,9,0,3,0,33.33,-100,17,2,6,11.76,47.06,-6.67,35,6,7,17.14,37.14,23.18,172,18,48,10.47,38.37,-24.26
LN100825,Launceston,10/08/2025,Twilight,3,5:49 PM,TAS,384,7,RAGING ON NZ,TENIRAMA PACE,1680,"$8,000",FR7,C T Crook,Jordan Chibnall,LN100825_R3,LN100825_R3_RAGING ON NZ,PACERS,Mobile,Launceston_1680.0,Launceston_1680.0_pacers_mobile,369,5,29.2,30.9,29.3,29.3,201,15,30,7.46,22.39,,364,45,84,12.36,35.44,,242,66,68,27.27,55.37,,jordan chibnall,33,9,9,27.27,54.55,-6.76,66,13,19,19.7,48.48,,140,28,37,20,46.43,,273,55,73,20.15,46.89,,1609,198,351,12.31,34.12,,13,6.5,2.2,46,6,13,95,1,2.2,0,3,6.5,0,25,6,5,24,44,-19.99,51,10,12,19.61,43.14,,107,29,22,27.1,47.66,,205,52,49,25.37,49.27,,876,166,213,18.95,43.26,
LN100825,Launceston,10/08/2025,Twilight,3,5:49 PM,TAS,384,8,SWEET AMOUR,TENIRAMA PACE,1680,"$8,000",SCR,P T Carlson,SCRATCHED,LN100825_R3,LN100825_R3_SWEET AMOUR,PACERS,Mobile,Launceston_1680.0,Launceston_1680.0_pacers_mobile,369,5,29.2,30.9,29.3,29.3,0,0,0,0,0,0,0,0,0,0,0,0,109,8,21,7.34,26.61,-21.96,scratched,0,0,0,0,0,0,0,0,0,0,0,0,0,0,0,0,0,0,0,0,0,0,0,0,0,0,0,0,0,0,7.1,13.1,11.9,84,6,7.1,0,10,11.9,0,11,13.1,0,7,0,2,0,28.57,-100,16,2,3,12.5,31.25,83.45,33,4,4,12.12,24.24,55.17,55,6,10,10.91,29.09,23.47,196,21,43,10.71,32.65,-5.07
LN100825,Launceston,10/08/2025,Twilight,3,5:49 PM,TAS,384,9,AWAY GAME,TENIRAMA PACE,1680,"$8,000",SCR,W J Yole,SCRATCHED,LN100825_R3,LN100825_R3_AWAY GAME,PACERS,Mobile,Launceston_1680.0,Launceston_1680.0_pacers_mobile,369,5,29.2,30.9,29.3,29.3,0,0,0,0,0,0,0,0,0,0,0,0,1236,61,190,4.94,20.31,,scratched,0,0,0,0,0,0,0,0,0,0,0,0,0,0,0,0,0,0,0,0,0,0,0,0,0,0,0,0,0,0,33.3,16.7,0,6,2,33.3,230,0,0,0,1,16.7,0,147,13,22,8.84,23.81,18.63,432,25,73,5.79,22.69,,956,58,167,6.07,23.54,,1921,136,340,7.08,24.78,,2861,203,484,7.1,24.01,
LN100825,Launceston,10/08/2025,Twilight,3,5:49 PM,TAS,384,10,GOBSMACKED,TENIRAMA PACE,1680,"$8,000",SR1,W J Yole,Mitch Ford,LN100825_R3,LN100825_R3_GOBSMACKED,PACERS,Mobile,Launceston_1680.0,Launceston_1680.0_pacers_mobile,369,5,29.2,30.9,29.3,29.3,300,23,75,7.67,32.67,,524,66,112,12.6,33.97,,1236,61,190,4.94,20.31,,mitch ford,47,7,8,14.89,31.91,58.68,101,11,20,10.89,30.69,,259,28,66,10.81,36.29,,468,71,107,15.17,38.03,,1408,197,311,13.99,36.08,,2.1,2.8,7.1,141,3,2.1,0,10,7.1,0,4,2.8,0,147,13,22,8.84,23.81,18.63,432,25,73,5.79,22.69,,956,58,167,6.07,23.54,,1921,136,340,7.08,24.78,,2861,203,484,7.1,24.01,
LN100825,Launceston,10/08/2025,Twilight,3,5:49 PM,TAS,384,11,TALK IS CHEAP,TENIRAMA PACE,1680,"$8,000",SR2,M A Laugher,Rohan Hillier,LN100825_R3,LN100825_R3_TALK IS CHEAP,PACERS,Mobile,Launceston_1680.0,Launceston_1680.0_pacers_mobile,369,5,29.2,30.9,29.3,29.3,266,18,50,6.77,25.56,,823,172,251,20.9,51.4,-10.25,363,50,94,13.77,39.67,,rohan hillier,18,7,3,38.89,55.56,34.73,67,15,13,22.39,41.79,,135,33,34,24.44,49.63,,302,69,78,22.85,48.68,,1644,326,489,19.83,49.57,,17.1,9.8,17.1,41,7,17.1,0,7,17.1,0,4,9.8,-100,48,8,13,16.67,43.75,7.36,96,13,19,13.54,33.33,,167,19,36,11.38,32.93,,304,35,68,11.51,33.88,,1170,137,287,11.71,36.24,
LN100825,Launceston,10/08/2025,Twilight,3,5:49 PM,TAS,384,12,STAR WATCHING,TENIRAMA PACE,1680,"$8,000",SR3,K E MacLeod,Gareth Rattray,LN100825_R3,LN100825_R3_STAR WATCHING,PACERS,Mobile,Launceston_1680.0,Launceston_1680.0_pacers_mobile,369,5,29.2,30.9,29.3,29.3,221,15,40,6.79,24.89,,946,86,225,9.09,32.88,,100,6,27,6,33,-47.42,gareth rattray,28,1,7,3.57,28.57,-65.14,58,3,12,5.17,25.86,,112,9,28,8.04,33.04,,254,27,64,10.63,35.83,,1918,189,433,9.85,32.43,,18.2,9.1,13.6,44,8,18.2,0,6,13.6,0,4,9.1,0,0,0,0,0,0,0,0,0,0,0,0,0,0,0,0,0,0,0,1,0,0,0,0,-100,124,7,33,5.65,32.26,-50.75
LN100825,Launceston,10/08/2025,Twilight,3,5:49 PM,TAS,384,13,NIKITA JO,TENIRAMA PACE,1680,"$8,000",SR4,T R Langley,Dylan Ford,LN100825_R3,LN100825_R3_NIKITA JO,PACERS,Mobile,Launceston_1680.0,Launceston_1680.0_pacers_mobile,369,5,29.2,30.9,29.3,29.3,191,7,26,3.66,17.28,,838,76,175,9.07,29.95,,590,68,128,11.53,33.22,,dylan ford,47,2,12,4.26,29.79,-78.37,129,19,32,14.73,39.53,,282,42,76,14.89,41.84,,467,75,124,16.06,42.61,,2189,277,461,12.65,33.71,,40,20,0,5,2,40,0,0,0,0,1,20,0,53,2,15,3.77,32.08,-79.6,146,20,36,13.7,38.36,,322,53,93,16.46,45.34,,662,102,174,15.41,41.69,,1771,247,414,13.95,37.32,
LN100825,Launceston,10/08/2025,Twilight,4,6:24 PM,TAS,384,1,OUR SWEET TRIXIE NZ,CLIFFORD JAMES PACE,1680,"$9,700",FR1,S L Davis,Brodie Davis,LN100825_R4,LN100825_R4_OUR SWEET TRIXIE NZ,PACERS,Mobile,Launceston_1680.0,Launceston_1680.0_pacers_mobile,369,5,29.2,30.9,29.3,29.3,369,61,84,16.53,39.3,,433,69,86,15.94,35.8,,377,36,76,9.55,29.71,,brodie davis,31,1,5,3.23,19.35,-60.82,74,9,16,12.16,33.78,,144,19,30,13.19,34.03,,305,45,64,14.75,35.74,,714,99,160,13.87,36.27,,25,33.3,0,12,3,25,0,0,0,0,4,33.3,0,15,1,3,6.67,26.67,-32.99,39,4,8,10.26,30.77,,69,6,14,8.7,28.99,,148,15,28,10.14,29.05,,613,53,145,8.65,32.3,
LN100825,Launceston,10/08/2025,Twilight,4,6:24 PM,TAS,384,2,CONISTON,CLIFFORD JAMES PACE,1680,"$9,700",FR2,M A Laugher,Jack Laugher,LN100825_R4,LN100825_R4_CONISTON,PACERS,Mobile,Launceston_1680.0,Launceston_1680.0_pacers_mobile,369,5,29.2,30.9,29.3,29.3,368,46,104,12.5,40.76,,55,5,17,9.09,40,-39.25,363,50,94,13.77,39.67,,jack laugher,45,6,16,13.33,48.89,-13.36,202,17,54,8.42,35.15,-37.54,514,47,126,9.14,33.66,-29.42,1062,113,237,10.64,32.96,-20.34,5523,735,1445,13.31,39.47,-19.41,22.2,33.3,11.1,9,2,22.2,499.9,1,11.1,115,3,33.3,0,48,8,13,16.67,43.75,7.36,96,13,19,13.54,33.33,,167,19,36,11.38,32.93,,304,35,68,11.51,33.88,,1170,137,287,11.71,36.24,
LN100825,Launceston,10/08/2025,Twilight,4,6:24 PM,TAS,384,3,BLUE LABEL,CLIFFORD JAMES PACE,1680,"$9,700",FR3,J M Castles,Malcom Jones,LN100825_R4,LN100825_R4_BLUE LABEL,PACERS,Mobile,Launceston_1680.0,Launceston_1680.0_pacers_mobile,369,5,29.2,30.9,29.3,29.3,367,38,86,10.35,33.79,,240,18,46,7.5,26.67,-28.29,144,30,53,20.83,57.64,1.02,malcom jones,4,0,0,0,0,-100,15,1,2,6.67,20,-38.82,39,2,5,5.13,17.95,-51.63,72,6,16,8.33,30.56,-34.41,475,32,80,6.74,23.58,-28.09,5.3,10.5,0,19,1,5.3,0,0,0,0,2,10.5,0,6,0,1,0,16.67,-100,14,2,5,14.29,50,-37.09,33,5,12,15.15,51.52,-30.36,68,13,25,19.12,55.88,-22.08,253,44,83,17.39,50.2,-9.16
LN100825,Launceston,10/08/2025,Twilight,4,6:24 PM,TAS,384,4,LAID BACK,CLIFFORD JAMES PACE,1680,"$9,700",FR4,C J Miller,Bronte Miller,LN100825_R4,LN100825_R4_LAID BACK,PACERS,Mobile,Launceston_1680.0,Launceston_1680.0_pacers_mobile,369,5,29.2,30.9,29.3,29.3,361,52,89,14.4,39.06,,354,22,54,6.21,21.47,-29.47,97,9,29,9.28,39.18,-26.84,bronte miller,4,0,1,0,25,-100,14,0,2,0,14.29,-100,31,3,5,9.68,25.81,-19.15,46,3,5,6.52,17.39,-29.98,947,63,173,6.65,24.92,-25.74,8.7,4.3,4.3,23,2,8.7,0,1,4.3,0,1,4.3,0,5,0,2,0,40,-100,9,0,3,0,33.33,-100,17,2,6,11.76,47.06,-6.67,35,6,7,17.14,37.14,23.18,172,18,48,10.47,38.37,-24.26
LN100825,Launceston,10/08/2025,Twilight,4,6:24 PM,TAS,384,5,CARMEN EMJAY,CLIFFORD JAMES PACE,1680,"$9,700",SCR,P A Ashwood,SCRATCHED,LN100825_R4,LN100825_R4_CARMEN EMJAY,PACERS,Mobile,Launceston_1680.0,Launceston_1680.0_pacers_mobile,369,5,29.2,30.9,29.3,29.3,0,0,0,0,0,0,0,0,0,0,0,0,1,1,0,100,100,240.02,scratched,0,0,0,0,0,0,0,0,0,0,0,0,0,0,0,0,0,0,0,0,0,0,0,0,0,0,0,0,0,0,50,30,10,10,5,50,0,1,10,240,3,30,0,1,1,0,100,100,240.02,1,1,0,100,100,240.02,1,1,0,100,100,240.02,1,1,0,100,100,240.02,1,1,0,100,100,240.02
LN100825,Launceston,10/08/2025,Twilight,4,6:24 PM,TAS,384,6,MISS COLLANN,CLIFFORD JAMES PACE,1680,"$9,700",SCR,K M Kent,SCRATCHED,LN100825_R4,LN100825_R4_MISS COLLANN,PACERS,Mobile,Launceston_1680.0,Launceston_1680.0_pacers_mobile,369,5,29.2,30.9,29.3,29.3,0,0,0,0,0,0,0,0,0,0,0,0,9,2,4,22.22,66.67,-21.41,scratched,0,0,0,0,0,0,0,0,0,0,0,0,0,0,0,0,0,0,0,0,0,0,0,0,0,0,0,0,0,0,35.9,5.1,7.7,39,14,35.9,300,3,7.7,0,2,5.1,0,2,2,0,100,100,192.06,7,2,2,28.57,57.14,-13.79,9,2,4,22.22,66.67,-21.41,9,2,4,22.22,66.67,-21.41,56,13,13,23.21,46.43,12.13
LN100825,Launceston,10/08/2025,Twilight,4,6:24 PM,TAS,384,7,MONTGOMERY BURNS NZ,CLIFFORD JAMES PACE,1680,"$9,700",FR5,W J Yole,Mark Yole,LN100825_R4,LN100825_R4_MONTGOMERY BURNS NZ,PACERS,Mobile,Launceston_1680.0,Launceston_1680.0_pacers_mobile,369,5,29.2,30.9,29.3,29.3,353,39,70,11.05,30.88,,837,98,172,11.71,32.26,,1236,61,190,4.94,20.31,,mark yole,43,4,10,9.3,32.56,-44.17,103,13,29,12.62,40.78,,191,28,50,14.66,40.84,,445,54,112,12.13,37.3,,2193,294,487,13.41,35.61,,10.6,10.6,10.6,47,5,10.6,0,5,10.6,0,5,10.6,0,147,13,22,8.84,23.81,18.63,432,25,73,5.79,22.69,,956,58,167,6.07,23.54,,1921,136,340,7.08,24.78,,2861,203,484,7.1,24.01,
LN100825,Launceston,10/08/2025,Twilight,4,6:24 PM,TAS,384,8,SETTEBELLO,CLIFFORD JAMES PACE,1680,"$9,700",SR1,W J Yole,Mitch Ford,LN100825_R4,LN100825_R4_SETTEBELLO,PACERS,Mobile,Launceston_1680.0,Launceston_1680.0_pacers_mobile,369,5,29.2,30.9,29.3,29.3,300,23,75,7.67,32.67,,524,66,112,12.6,33.97,,1236,61,190,4.94,20.31,,mitch ford,47,7,8,14.89,31.91,58.68,101,11,20,10.89,30.69,,259,28,66,10.81,36.29,,468,71,107,15.17,38.03,,1408,197,311,13.99,36.08,,13.6,9.1,10.6,66,9,13.6,-100,7,10.6,0,6,9.1,-100,147,13,22,8.84,23.81,18.63,432,25,73,5.79,22.69,,956,58,167,6.07,23.54,,1921,136,340,7.08,24.78,,2861,203,484,7.1,24.01,
LN100825,Launceston,10/08/2025,Twilight,4,6:24 PM,TAS,384,9,MAGIC JOE,CLIFFORD JAMES PACE,1680,"$9,700",SR2,T E Rattray,Ethan Arnott,LN100825_R4,LN100825_R4_MAGIC JOE,PACERS,Mobile,Launceston_1680.0,Launceston_1680.0_pacers_mobile,369,5,29.2,30.9,29.3,29.3,266,18,50,6.77,25.56,,19,1,3,5.26,21.05,30.48,688,100,180,14.53,40.7,,ethan arnott,0,0,0,0,0,0,5,0,2,0,40,-100,17,0,4,0,23.53,-100,30,1,4,3.33,16.67,-37.9,30,1,4,3.33,16.67,-37.9,5.8,13.5,7.7,52,3,5.8,0,4,7.7,0,7,13.5,0,27,5,3,18.52,29.63,54.61,72,12,12,16.67,33.33,,163,22,41,13.5,38.65,,326,39,86,11.96,38.34,,1486,214,416,14.4,42.4,
LN100825,Launceston,10/08/2025,Twilight,4,6:24 PM,TAS,384,10,GRINNING AGAIN NZ,CLIFFORD JAMES PACE,1680,"$9,700",SR3,G R Smith,Charlie Castles,LN100825_R4,LN100825_R4_GRINNING AGAIN NZ,PACERS,Mobile,Launceston_1680.0,Launceston_1680.0_pacers_mobile,369,5,29.2,30.9,29.3,29.3,221,15,40,6.79,24.89,,538,61,135,11.34,36.43,-18.69,362,27,54,7.46,22.38,-18.19,charlie castles,15,3,6,20,60,-6.49,39,12,15,30.77,69.23,12.56,83,17,31,20.48,57.83,-4.12,200,29,66,14.5,47.5,-28.82,1225,126,296,10.29,34.45,-23.47,11.4,2.9,5.7,35,4,11.4,0,2,5.7,0,1,2.9,0,13,0,0,0,0,-100,34,5,3,14.71,23.53,120.53,52,5,4,9.62,17.31,60.96,139,8,18,5.76,18.71,-23.52,777,53,129,6.82,23.42,-27.91
LN100825,Launceston,10/08/2025,Twilight,4,6:24 PM,TAS,384,11,KARALTA ARTEMIS,CLIFFORD JAMES PACE,1680,"$9,700",SR4,K E Rattray,John Walters,LN100825_R4,LN100825_R4_KARALTA ARTEMIS,PACERS,Mobile,Launceston_1680.0,Launceston_1680.0_pacers_mobile,369,5,29.2,30.9,29.3,29.3,191,7,26,3.66,17.28,,303,15,48,4.95,20.79,-29.78,425,34,98,8,31.06,-24.43,john walters,9,1,1,11.11,22.22,93.84,34,3,6,8.82,26.47,50.72,74,4,10,5.41,18.92,-9.33,152,8,20,5.26,18.42,-20.45,485,27,83,5.57,22.68,-28.25,13.2,7.5,5.7,53,7,13.2,0,3,5.7,0,4,7.5,0,9,1,2,11.11,33.33,35.03,28,3,3,10.71,21.43,46.41,53,4,7,7.55,20.75,-1.16,130,8,18,6.15,20,-17.36,742,65,171,8.76,31.81,-25.33
LN100825,Launceston,10/08/2025,Twilight,4,6:24 PM,TAS,384,12,SHARMEY,CLIFFORD JAMES PACE,1680,"$9,700",SR5-,W J Yole,Hannah Van dongen,LN100825_R4,LN100825_R4_SHARMEY,PACERS,Mobile,Launceston_1680.0,Launceston_1680.0_pacers_mobile,369,5,29.2,30.9,29.3,29.3,0,0,0,0,0,0,396,20,52,5.05,18.18,,1236,61,190,4.94,20.31,,hannah van dongen,26,1,3,3.85,15.38,-6.75,88,4,8,4.55,13.64,,172,11,17,6.4,16.28,,288,19,37,6.6,19.44,,963,60,134,6.23,20.15,,15.6,8.2,6.1,147,23,15.6,0,9,6.1,0,12,8.2,-100,147,13,22,8.84,23.81,18.63,432,25,73,5.79,22.69,,956,58,167,6.07,23.54,,1921,136,340,7.08,24.78,,2861,203,484,7.1,24.01,
LN100825,Launceston,10/08/2025,Twilight,4,6:24 PM,TAS,384,13,BELIEVE IN FOREVER,CLIFFORD JAMES PACE,1680,"$9,700",SR6,M A Laugher,Liam Older,LN100825_R4,LN100825_R4_BELIEVE IN FOREVER,PACERS,Mobile,Launceston_1680.0,Launceston_1680.0_pacers_mobile,369,5,29.2,30.9,29.3,29.3,67,6,7,8.96,19.4,20.54,236,18,59,7.63,32.63,,363,50,94,13.77,39.67,,liam older,34,3,5,8.82,23.53,-7.4,112,10,26,8.93,32.14,,270,22,61,8.15,30.74,,481,43,112,8.94,32.22,,1621,133,347,8.2,29.61,,0,1.2,11.1,171,0,0,0,19,11.1,0,2,1.2,0,48,8,13,16.67,43.75,7.36,96,13,19,13.54,33.33,,167,19,36,11.38,32.93,,304,35,68,11.51,33.88,,1170,137,287,11.71,36.24,
LN100825,Launceston,10/08/2025,Twilight,5,6:59 PM,TAS,52,1,ONE BIG SHEW,LADBROKES FAST PAYOUTS STAKES,2698,"$12,000",FT,A C Duggan,Jacob Duggan,LN100825_R5,LN100825_R5_ONE BIG SHEW,PACERS,Standing,Launceston_2698.0,Launceston_2698.0_pacers_standing,36,83.3,30.8,30.3,28.7,28.2,0,0,0,0,0,0,503,48,93,9.54,28.03,,198,30,40,15.15,35.35,,jacob duggan,38,2,7,5.26,23.68,-24.44,91,7,17,7.69,26.37,,138,14,28,10.14,30.43,,309,38,65,12.3,33.33,,1266,120,237,9.48,28.2,,13.8,10.3,15.5,58,8,13.8,0,9,15.5,0,6,10.3,0,20,2,3,10,25,53.19,54,4,13,7.41,31.48,,121,14,32,11.57,38.02,,189,25,50,13.23,39.68,,623,65,137,10.43,32.42,
LN100825,Launceston,10/08/2025,Twilight,5,6:59 PM,TAS,52,2,THE CHANCER,LADBROKES FAST PAYOUTS STAKES,2698,"$12,000",FT,T R Langley,Tiarna Ford,LN100825_R5,LN100825_R5_THE CHANCER,PACERS,Standing,Launceston_2698.0,Launceston_2698.0_pacers_standing,36,83.3,30.8,30.3,28.7,28.2,0,0,0,0,0,0,398,19,57,4.77,19.1,,590,68,128,11.53,33.22,,tiarna ford,6,0,2,0,33.33,-100,70,8,18,11.43,37.14,,145,14,38,9.66,35.86,,291,39,64,13.4,35.4,,1103,87,187,7.89,24.84,,13,13,5.2,77,10,13,0,4,5.2,-100,10,13,0,53,2,15,3.77,32.08,-79.6,146,20,36,13.7,38.36,,322,53,93,16.46,45.34,,662,102,174,15.41,41.69,,1771,247,414,13.95,37.32,
LN100825,Launceston,10/08/2025,Twilight,5,6:59 PM,TAS,52,3,LIGHTNING DAN,LADBROKES FAST PAYOUTS STAKES,2698,"$12,000",FT,T R Langley,Dylan Ford,LN100825_R5,LN100825_R5_LIGHTNING DAN,PACERS,Standing,Launceston_2698.0,Launceston_2698.0_pacers_standing,36,83.3,30.8,30.3,28.7,28.2,0,0,0,0,0,0,838,76,175,9.07,29.95,,590,68,128,11.53,33.22,,dylan ford,47,2,12,4.26,29.79,-78.37,129,19,32,14.73,39.53,,282,42,76,14.89,41.84,,467,75,124,16.06,42.61,,2189,277,461,12.65,33.71,,8.8,14,12.3,57,5,8.8,0,7,12.3,0,8,14,0,53,2,15,3.77,32.08,-79.6,146,20,36,13.7,38.36,,322,53,93,16.46,45.34,,662,102,174,15.41,41.69,,1771,247,414,13.95,37.32,
LN100825,Launceston,10/08/2025,Twilight,5,6:59 PM,TAS,52,4,ANYTHING GOES NZ,LADBROKES FAST PAYOUTS STAKES,2698,"$12,000",FT,W J Yole,Mark Yole,LN100825_R5,LN100825_R5_ANYTHING GOES NZ,PACERS,Standing,Launceston_2698.0,Launceston_2698.0_pacers_standing,36,83.3,30.8,30.3,28.7,28.2,0,0,0,0,0,0,837,98,172,11.71,32.26,,1236,61,190,4.94,20.31,,mark yole,43,4,10,9.3,32.56,-44.17,103,13,29,12.62,40.78,,191,28,50,14.66,40.84,,445,54,112,12.13,37.3,,2193,294,487,13.41,35.61,,16.7,0,8.3,12,2,16.7,-100,1,8.3,0,0,0,0,147,13,22,8.84,23.81,18.63,432,25,73,5.79,22.69,,956,58,167,6.07,23.54,,1921,136,340,7.08,24.78,,2861,203,484,7.1,24.01,
LN100825,Launceston,10/08/2025,Twilight,5,6:59 PM,TAS,52,5,IDEN LADY LINCOLN,LADBROKES FAST PAYOUTS STAKES,2698,"$12,000",SCR,T R Langley,SCRATCHED,LN100825_R5,LN100825_R5_IDEN LADY LINCOLN,PACERS,Standing,Launceston_2698.0,Launceston_2698.0_pacers_standing,36,83.3,30.8,30.3,28.7,28.2,0,0,0,0,0,0,0,0,0,0,0,0,590,68,128,11.53,33.22,,scratched,0,0,0,0,0,0,0,0,0,0,0,0,0,0,0,0,0,0,0,0,0,0,0,0,0,0,0,0,0,0,11.1,41.7,5.6,36,4,11.1,0,2,5.6,0,15,41.7,0,53,2,15,3.77,32.08,-79.6,146,20,36,13.7,38.36,,322,53,93,16.46,45.34,,662,102,174,15.41,41.69,,1771,247,414,13.95,37.32,
LN100825,Launceston,10/08/2025,Twilight,5,6:59 PM,TAS,52,6,STEPPING STONES,LADBROKES FAST PAYOUTS STAKES,2698,"$12,000",10m,H P Woods,Heath Woods,LN100825_R5,LN100825_R5_STEPPING STONES,PACERS,Standing,Launceston_2698.0,Launceston_2698.0_pacers_standing,36,83.3,30.8,30.3,28.7,28.2,0,0,0,0,0,0,77,10,20,12.99,38.96,-4.83,92,12,24,13.04,39.13,-1.6,heath woods,5,1,3,20,80,-11.79,12,2,7,16.67,75,0.2,15,3,8,20,73.33,-2.36,40,5,19,12.5,60,-16.64,239,28,82,11.72,46.03,-26.04,7.2,17.5,9.3,97,7,7.2,0,9,9.3,-100,17,17.5,0,7,1,4,14.29,71.43,-30.25,15,2,9,13.33,73.33,-18.79,23,3,11,13.04,60.87,-22.9,56,8,24,14.29,57.14,-6.65,253,35,90,13.83,49.41,-19.06
LN100825,Launceston,10/08/2025,Twilight,5,6:59 PM,TAS,52,7,VANQUISH STRIDE NZ,LADBROKES FAST PAYOUTS STAKES,2698,"$12,000",10m,W J Yole,Liam Older,LN100825_R5,LN100825_R5_VANQUISH STRIDE NZ,PACERS,Standing,Launceston_2698.0,Launceston_2698.0_pacers_standing,36,83.3,30.8,30.3,28.7,28.2,0,0,0,0,0,0,236,18,59,7.63,32.63,,1236,61,190,4.94,20.31,,liam older,34,3,5,8.82,23.53,-7.4,112,10,26,8.93,32.14,,270,22,61,8.15,30.74,,481,43,112,8.94,32.22,,1621,133,347,8.2,29.61,,2.2,3.2,8.6,93,2,2.2,0,8,8.6,0,3,3.2,0,147,13,22,8.84,23.81,18.63,432,25,73,5.79,22.69,,956,58,167,6.07,23.54,,1921,136,340,7.08,24.78,,2861,203,484,7.1,24.01,
LN100825,Launceston,10/08/2025,Twilight,5,6:59 PM,TAS,52,8,GORDONS BAY,LADBROKES FAST PAYOUTS STAKES,2698,"$12,000",10m,C V Castles,Charlie Castles,LN100825_R5,LN100825_R5_GORDONS BAY,PACERS,Standing,Launceston_2698.0,Launceston_2698.0_pacers_standing,36,83.3,30.8,30.3,28.7,28.2,0,0,0,0,0,0,538,61,135,11.34,36.43,-18.69,71,16,27,22.54,60.56,-13.49,charlie castles,15,3,6,20,60,-6.49,39,12,15,30.77,69.23,12.56,83,17,31,20.48,57.83,-4.12,200,29,66,14.5,47.5,-28.82,1225,126,296,10.29,34.45,-23.47,18.9,1.9,11.3,53,10,18.9,0,6,11.3,0,1,1.9,0,16,3,7,18.75,62.5,-15.57,37,8,15,21.62,62.16,-16.94,53,11,23,20.75,64.15,-12.51,85,16,35,18.82,60,-25.8,107,25,40,23.36,60.75,-15.48
LN100825,Launceston,10/08/2025,Twilight,5,6:59 PM,TAS,52,9,WATERMELON SUGAR NZ,LADBROKES FAST PAYOUTS STAKES,2698,"$12,000",10m,W J Yole,Mitch Ford,LN100825_R5,LN100825_R5_WATERMELON SUGAR NZ,PACERS,Standing,Launceston_2698.0,Launceston_2698.0_pacers_standing,36,83.3,30.8,30.3,28.7,28.2,0,0,0,0,0,0,524,66,112,12.6,33.97,,1236,61,190,4.94,20.31,,mitch ford,47,7,8,14.89,31.91,58.68,101,11,20,10.89,30.69,,259,28,66,10.81,36.29,,468,71,107,15.17,38.03,,1408,197,311,13.99,36.08,,9.4,3.1,9.4,32,3,9.4,400,3,9.4,0,1,3.1,0,147,13,22,8.84,23.81,18.63,432,25,73,5.79,22.69,,956,58,167,6.07,23.54,,1921,136,340,7.08,24.78,,2861,203,484,7.1,24.01,
LN100825,Launceston,10/08/2025,Twilight,5,6:59 PM,TAS,52,10,GLENLEDI ELVIS NZ,LADBROKES FAST PAYOUTS STAKES,2698,"$12,000",10m,C T Crook,Jordan Chibnall,LN100825_R5,LN100825_R5_GLENLEDI ELVIS NZ,PACERS,Standing,Launceston_2698.0,Launceston_2698.0_pacers_standing,36,83.3,30.8,30.3,28.7,28.2,0,0,0,0,0,0,364,45,84,12.36,35.44,,242,66,68,27.27,55.37,,jordan chibnall,33,9,9,27.27,54.55,-6.76,66,13,19,19.7,48.48,,140,28,37,20,46.43,,273,55,73,20.15,46.89,,1609,198,351,12.31,34.12,,17.2,31,13.8,29,5,17.2,0,4,13.8,0,9,31,0,25,6,5,24,44,-19.99,51,10,12,19.61,43.14,,107,29,22,27.1,47.66,,205,52,49,25.37,49.27,,876,166,213,18.95,43.26,
LN100825,Launceston,10/08/2025,Twilight,5,6:59 PM,TAS,52,11,THE SHALLOWS,LADBROKES FAST PAYOUTS STAKES,2698,"$12,000",20m,H P Woods,Brodie Davis,LN100825_R5,LN100825_R5_THE SHALLOWS,PACERS,Standing,Launceston_2698.0,Launceston_2698.0_pacers_standing,36,83.3,30.8,30.3,28.7,28.2,0,0,0,0,0,0,433,69,86,15.94,35.8,,92,12,24,13.04,39.13,-1.6,brodie davis,31,1,5,3.23,19.35,-60.82,74,9,16,12.16,33.78,,144,19,30,13.19,34.03,,305,45,64,14.75,35.74,,714,99,160,13.87,36.27,,1.2,6,3.6,84,1,1.2,0,3,3.6,0,5,6,0,7,1,4,14.29,71.43,-30.25,15,2,9,13.33,73.33,-18.79,23,3,11,13.04,60.87,-22.9,56,8,24,14.29,57.14,-6.65,253,35,90,13.83,49.41,-19.06
LN100825,Launceston,10/08/2025,Twilight,6,7:31 PM,TAS,934,1,KOSTYUK LEIS,KING FILLIES & MARES SERIES,2200,"$14,000",FR1,S L Davis,Liam Older,LN100825_R6,LN100825_R6_KOSTYUK LEIS,PACERS,Mobile,Launceston_2200.0,Launceston_2200.0_pacers_mobile,833,43.7,31.6,30.6,29.4,29.5,832,104,174,12.5,33.41,-22.12,236,18,59,7.63,32.63,,377,36,76,9.55,29.71,,liam older,34,3,5,8.82,23.53,-7.4,112,10,26,8.93,32.14,,270,22,61,8.15,30.74,,481,43,112,8.94,32.22,,1621,133,347,8.2,29.61,,45.5,0,18.2,11,5,45.5,-100,2,18.2,-100,0,0,0,15,1,3,6.67,26.67,-32.99,39,4,8,10.26,30.77,,69,6,14,8.7,28.99,,148,15,28,10.14,29.05,,613,53,145,8.65,32.3,
LN100825,Launceston,10/08/2025,Twilight,6,7:31 PM,TAS,934,2,SPORTY CHICK,KING FILLIES & MARES SERIES,2200,"$14,000",FR2,B G Mackrill,Gareth Rattray,LN100825_R6,LN100825_R6_SPORTY CHICK,PACERS,Mobile,Launceston_2200.0,Launceston_2200.0_pacers_mobile,833,43.7,31.6,30.6,29.4,29.5,831,93,193,11.19,34.42,-24.62,946,86,225,9.09,32.88,,109,5,23,4.59,25.69,-43.85,gareth rattray,28,1,7,3.57,28.57,-65.14,58,3,12,5.17,25.86,,112,9,28,8.04,33.04,,254,27,64,10.63,35.83,,1918,189,433,9.85,32.43,,0,0,9.1,11,0,0,0,1,9.1,0,0,0,0,1,0,0,0,0,-100,16,0,6,0,37.5,-100,33,2,10,6.06,36.36,-31.59,41,3,13,7.32,39.02,-17.49,170,13,44,7.65,33.53,-18.8
LN100825,Launceston,10/08/2025,Twilight,6,7:31 PM,TAS,934,3,SMOOTH REASON,KING FILLIES & MARES SERIES,2200,"$14,000",FR3,M J Reggett,Mark Yole,LN100825_R6,LN100825_R6_SMOOTH REASON,PACERS,Mobile,Launceston_2200.0,Launceston_2200.0_pacers_mobile,833,43.7,31.6,30.6,29.4,29.5,831,95,157,11.43,30.32,-16.17,837,98,172,11.71,32.26,,47,16,10,34.04,55.32,10.69,mark yole,43,4,10,9.3,32.56,-44.17,103,13,29,12.62,40.78,,191,28,50,14.66,40.84,,445,54,112,12.13,37.3,,2193,294,487,13.41,35.61,,11.1,11.1,33.3,9,1,11.1,0,3,33.3,0,1,11.1,0,4,0,1,0,25,-100,7,0,1,0,14.29,-100,7,0,1,0,14.29,-100,20,5,5,25,50,-29.17,105,31,28,29.52,56.19,7
LN100825,Launceston,10/08/2025,Twilight,6,7:31 PM,TAS,934,4,CHENIN BEACH,KING FILLIES & MARES SERIES,2200,"$14,000",FR4,R L Ashwood,Jack Laugher,LN100825_R6,LN100825_R6_CHENIN BEACH,PACERS,Mobile,Launceston_2200.0,Launceston_2200.0_pacers_mobile,833,43.7,31.6,30.6,29.4,29.5,830,97,181,11.69,33.49,-21.1,55,5,17,9.09,40,-39.25,81,9,28,11.11,45.68,-21.84,jack laugher,45,6,16,13.33,48.89,-13.36,202,17,54,8.42,35.15,-37.54,514,47,126,9.14,33.66,-29.42,1062,113,237,10.64,32.96,-20.34,5523,735,1445,13.31,39.47,-19.41,23.8,4.8,9.5,21,5,23.8,0,2,9.5,0,1,4.8,0,14,2,2,14.29,28.57,-4.61,32,4,9,12.5,40.62,-4.71,55,5,11,9.09,29.09,-21.19,98,13,22,13.27,35.71,-20.05,398,62,96,15.58,39.7,-1.87
LN100825,Launceston,10/08/2025,Twilight,6,7:31 PM,TAS,934,5,MISS DUTTON,KING FILLIES & MARES SERIES,2200,"$14,000",FR5,C B Howlett,Todd Rattray,LN100825_R6,LN100825_R6_MISS DUTTON,PACERS,Mobile,Launceston_2200.0,Launceston_2200.0_pacers_mobile,833,43.7,31.6,30.6,29.4,29.5,819,78,155,9.52,28.45,-16.89,720,94,192,13.06,39.72,-21.09,46,8,13,17.39,45.65,-15.16,todd rattray,27,6,3,22.22,33.33,80.26,72,13,14,18.06,37.5,,158,23,40,14.56,39.87,,312,36,88,11.54,39.74,,1545,201,428,13.01,40.71,,9.5,42.9,4.8,21,2,9.5,0,1,4.8,0,9,42.9,-100,4,0,0,0,0,-100,6,0,0,0,0,-100,14,2,3,14.29,35.71,-29.03,25,3,8,12,44,-36.47,150,24,44,16,45.33,-15.72
LN100825,Launceston,10/08/2025,Twilight,6,7:31 PM,TAS,934,6,TAMBROS TILLY,KING FILLIES & MARES SERIES,2200,"$14,000",FR6,S L Davis,Kayleb Williams,LN100825_R6,LN100825_R6_TAMBROS TILLY,PACERS,Mobile,Launceston_2200.0,Launceston_2200.0_pacers_mobile,833,43.7,31.6,30.6,29.4,29.5,770,60,120,7.79,23.38,-23.97,558,49,96,8.78,25.99,,377,36,76,9.55,29.71,,kayleb williams,12,0,2,0,16.67,-100,41,0,7,0,17.07,,77,5,15,6.49,25.97,,207,12,46,5.8,28.02,,1120,87,226,7.77,27.95,,7.4,22.2,14.8,27,2,7.4,0,4,14.8,-100,6,22.2,0,15,1,3,6.67,26.67,-32.99,39,4,8,10.26,30.77,,69,6,14,8.7,28.99,,148,15,28,10.14,29.05,,613,53,145,8.65,32.3,
LN100825,Launceston,10/08/2025,Twilight,6,7:31 PM,TAS,934,7,WEONA EAGLE,KING FILLIES & MARES SERIES,2200,"$14,000",FR7,S L Davis,Brodie Davis,LN100825_R6,LN100825_R6_WEONA EAGLE,PACERS,Mobile,Launceston_2200.0,Launceston_2200.0_pacers_mobile,833,43.7,31.6,30.6,29.4,29.5,443,24,64,5.42,19.86,-43.49,433,69,86,15.94,35.8,,377,36,76,9.55,29.71,,brodie davis,31,1,5,3.23,19.35,-60.82,74,9,16,12.16,33.78,,144,19,30,13.19,34.03,,305,45,64,14.75,35.74,,714,99,160,13.87,36.27,,6.2,18.8,31.2,16,1,6.2,0,5,31.2,0,3,18.8,0,15,1,3,6.67,26.67,-32.99,39,4,8,10.26,30.77,,69,6,14,8.7,28.99,,148,15,28,10.14,29.05,,613,53,145,8.65,32.3,
LN100825,Launceston,10/08/2025,Twilight,6,7:31 PM,TAS,934,8,MOVESLIKEALADY,KING FILLIES & MARES SERIES,2200,"$14,000",SR1,R L Hillier,Rohan Hillier,LN100825_R6,LN100825_R6_MOVESLIKEALADY,PACERS,Mobile,Launceston_2200.0,Launceston_2200.0_pacers_mobile,833,43.7,31.6,30.6,29.4,29.5,737,69,162,9.36,31.34,-18.09,823,172,251,20.9,51.4,-10.25,255,64,86,25.1,58.82,-17.29,rohan hillier,18,7,3,38.89,55.56,34.73,67,15,13,22.39,41.79,,135,33,34,24.44,49.63,,302,69,78,22.85,48.68,,1644,326,489,19.83,49.57,,5.9,5.9,5.9,17,1,5.9,0,1,5.9,0,1,5.9,0,12,4,3,33.33,58.33,9.91,27,8,6,29.63,51.85,,59,18,13,30.51,52.54,,132,28,36,21.21,48.48,,512,132,178,25.78,60.55,
LN100825,Launceston,10/08/2025,Twilight,7,8:06 PM,TAS,934,1,FLEETWOOD ROCK,NELLIE ROBINS PACE,2200,"$9,700",FT,W J Yole,Gareth Rattray,LN100825_R7,LN100825_R7_FLEETWOOD ROCK,PACERS,Standing,Launceston_2200.0,Launceston_2200.0_pacers_standing,62,46.9,31.1,30.4,29.1,29.2,0,0,0,0,0,0,946,86,225,9.09,32.88,,1236,61,190,4.94,20.31,,gareth rattray,28,1,7,3.57,28.57,-65.14,58,3,12,5.17,25.86,,112,9,28,8.04,33.04,,254,27,64,10.63,35.83,,1918,189,433,9.85,32.43,,7.8,13.2,12.4,129,10,7.8,0,16,12.4,190,17,13.2,0,147,13,22,8.84,23.81,18.63,432,25,73,5.79,22.69,,956,58,167,6.07,23.54,,1921,136,340,7.08,24.78,,2861,203,484,7.1,24.01,
LN100825,Launceston,10/08/2025,Twilight,7,8:06 PM,TAS,934,2,COLBY SANZ,NELLIE ROBINS PACE,2200,"$9,700",FT,K E Rattray,John Walters,LN100825_R7,LN100825_R7_COLBY SANZ,PACERS,Standing,Launceston_2200.0,Launceston_2200.0_pacers_standing,62,46.9,31.1,30.4,29.1,29.2,0,0,0,0,0,0,303,15,48,4.95,20.79,-29.78,425,34,98,8,31.06,-24.43,john walters,9,1,1,11.11,22.22,93.84,34,3,6,8.82,26.47,50.72,74,4,10,5.41,18.92,-9.33,152,8,20,5.26,18.42,-20.45,485,27,83,5.57,22.68,-28.25,4.6,17.4,6.4,109,5,4.6,0,7,6.4,0,19,17.4,-100,9,1,2,11.11,33.33,35.03,28,3,3,10.71,21.43,46.41,53,4,7,7.55,20.75,-1.16,130,8,18,6.15,20,-17.36,742,65,171,8.76,31.81,-25.33
LN100825,Launceston,10/08/2025,Twilight,7,8:06 PM,TAS,934,3,HURRICANE ROCK,NELLIE ROBINS PACE,2200,"$9,700",FT,A C Duggan,Mitch Ford,LN100825_R7,LN100825_R7_HURRICANE ROCK,PACERS,Standing,Launceston_2200.0,Launceston_2200.0_pacers_standing,62,46.9,31.1,30.4,29.1,29.2,0,0,0,0,0,0,524,66,112,12.6,33.97,,198,30,40,15.15,35.35,,mitch ford,47,7,8,14.89,31.91,58.68,101,11,20,10.89,30.69,,259,28,66,10.81,36.29,,468,71,107,15.17,38.03,,1408,197,311,13.99,36.08,,0,1.3,17.7,79,0,0,0,14,17.7,0,1,1.3,0,20,2,3,10,25,53.19,54,4,13,7.41,31.48,,121,14,32,11.57,38.02,,189,25,50,13.23,39.68,,623,65,137,10.43,32.42,
LN100825,Launceston,10/08/2025,Twilight,7,8:06 PM,TAS,934,4,AXE AND DEEZ,NELLIE ROBINS PACE,2200,"$9,700",FT,T E Rattray,Todd Rattray,LN100825_R7,LN100825_R7_AXE AND DEEZ,PACERS,Standing,Launceston_2200.0,Launceston_2200.0_pacers_standing,62,46.9,31.1,30.4,29.1,29.2,0,0,0,0,0,0,720,94,192,13.06,39.72,-21.09,688,100,180,14.53,40.7,,todd rattray,27,6,3,22.22,33.33,80.26,72,13,14,18.06,37.5,,158,23,40,14.56,39.87,,312,36,88,11.54,39.74,,1545,201,428,13.01,40.71,,20.8,12.5,4.2,24,5,20.8,0,1,4.2,0,3,12.5,0,27,5,3,18.52,29.63,54.61,72,12,12,16.67,33.33,,163,22,41,13.5,38.65,,326,39,86,11.96,38.34,,1486,214,416,14.4,42.4,
LN100825,Launceston,10/08/2025,Twilight,7,8:06 PM,TAS,934,5,JUST FOLLOW ME,NELLIE ROBINS PACE,2200,"$9,700",FT,T R Langley,Tiarna Ford,LN100825_R7,LN100825_R7_JUST FOLLOW ME,PACERS,Standing,Launceston_2200.0,Launceston_2200.0_pacers_standing,62,46.9,31.1,30.4,29.1,29.2,0,0,0,0,0,0,398,19,57,4.77,19.1,,590,68,128,11.53,33.22,,tiarna ford,6,0,2,0,33.33,-100,70,8,18,11.43,37.14,,145,14,38,9.66,35.86,,291,39,64,13.4,35.4,,1103,87,187,7.89,24.84,,8.6,0,20,35,3,8.6,0,7,20,0,0,0,0,53,2,15,3.77,32.08,-79.6,146,20,36,13.7,38.36,,322,53,93,16.46,45.34,,662,102,174,15.41,41.69,,1771,247,414,13.95,37.32,
LN100825,Launceston,10/08/2025,Twilight,7,8:06 PM,TAS,934,6,ONEOFTHELADS,NELLIE ROBINS PACE,2200,"$9,700",FT,W J Yole,Liam Older,LN100825_R7,LN100825_R7_ONEOFTHELADS,PACERS,Standing,Launceston_2200.0,Launceston_2200.0_pacers_standing,62,46.9,31.1,30.4,29.1,29.2,0,0,0,0,0,0,236,18,59,7.63,32.63,,1236,61,190,4.94,20.31,,liam older,34,3,5,8.82,23.53,-7.4,112,10,26,8.93,32.14,,270,22,61,8.15,30.74,,481,43,112,8.94,32.22,,1621,133,347,8.2,29.61,,8.9,8.9,8.4,191,17,8.9,0,16,8.4,0,17,8.9,0,147,13,22,8.84,23.81,18.63,432,25,73,5.79,22.69,,956,58,167,6.07,23.54,,1921,136,340,7.08,24.78,,2861,203,484,7.1,24.01,
LN100825,Launceston,10/08/2025,Twilight,7,8:06 PM,TAS,934,7,WILL HE PIKE,NELLIE ROBINS PACE,2200,"$9,700",FT,B A Heenan,Jacob Duggan,LN100825_R7,LN100825_R7_WILL HE PIKE,PACERS,Standing,Launceston_2200.0,Launceston_2200.0_pacers_standing,62,46.9,31.1,30.4,29.1,29.2,0,0,0,0,0,0,503,48,93,9.54,28.03,,103,10,21,9.71,30.1,-37.22,jacob duggan,38,2,7,5.26,23.68,-24.44,91,7,17,7.69,26.37,,138,14,28,10.14,30.43,,309,38,65,12.3,33.33,,1266,120,237,9.48,28.2,,16.4,19.4,13.4,67,11,16.4,-100,9,13.4,0,13,19.4,0,11,0,2,0,18.18,-100,23,4,2,17.39,26.09,12.56,24,5,2,20.83,29.17,27.42,24,5,2,20.83,29.17,27.42,338,53,71,15.68,36.69,-7.93
LN100825,Launceston,10/08/2025,Twilight,7,8:06 PM,TAS,934,8,JEREMY WELLS NZ,NELLIE ROBINS PACE,2200,"$9,700",FT,W J Yole,Mark Yole,LN100825_R7,LN100825_R7_JEREMY WELLS NZ,PACERS,Standing,Launceston_2200.0,Launceston_2200.0_pacers_standing,62,46.9,31.1,30.4,29.1,29.2,0,0,0,0,0,0,837,98,172,11.71,32.26,,1236,61,190,4.94,20.31,,mark yole,43,4,10,9.3,32.56,-44.17,103,13,29,12.62,40.78,,191,28,50,14.66,40.84,,445,54,112,12.13,37.3,,2193,294,487,13.41,35.61,,5.6,7.8,5.6,90,5,5.6,0,5,5.6,0,7,7.8,0,147,13,22,8.84,23.81,18.63,432,25,73,5.79,22.69,,956,58,167,6.07,23.54,,1921,136,340,7.08,24.78,,2861,203,484,7.1,24.01,
LN100825,Launceston,10/08/2025,Twilight,7,8:06 PM,TAS,934,9,SMOKESCREEN,NELLIE ROBINS PACE,2200,"$9,700",FT,R L Hillier,Rohan Hillier,LN100825_R7,LN100825_R7_SMOKESCREEN,PACERS,Standing,Launceston_2200.0,Launceston_2200.0_pacers_standing,62,46.9,31.1,30.4,29.1,29.2,0,0,0,0,0,0,823,172,251,20.9,51.4,-10.25,255,64,86,25.1,58.82,-17.29,rohan hillier,18,7,3,38.89,55.56,34.73,67,15,13,22.39,41.79,,135,33,34,24.44,49.63,,302,69,78,22.85,48.68,,1644,326,489,19.83,49.57,,8.3,20.8,8.3,24,2,8.3,0,2,8.3,0,5,20.8,0,12,4,3,33.33,58.33,9.91,27,8,6,29.63,51.85,,59,18,13,30.51,52.54,,132,28,36,21.21,48.48,,512,132,178,25.78,60.55,
LN100825,Launceston,10/08/2025,Twilight,7,8:06 PM,TAS,934,10,DIAMONDSNBLUE,NELLIE ROBINS PACE,2200,"$9,700",FT,T R Langley,Dylan Ford,LN100825_R7,LN100825_R7_DIAMONDSNBLUE,PACERS,Standing,Launceston_2200.0,Launceston_2200.0_pacers_standing,62,46.9,31.1,30.4,29.1,29.2,0,0,0,0,0,0,838,76,175,9.07,29.95,,590,68,128,11.53,33.22,,dylan ford,47,2,12,4.26,29.79,-78.37,129,19,32,14.73,39.53,,282,42,76,14.89,41.84,,467,75,124,16.06,42.61,,2189,277,461,12.65,33.71,,5.9,5.9,7.4,68,4,5.9,0,5,7.4,0,4,5.9,-100,53,2,15,3.77,32.08,-79.6,146,20,36,13.7,38.36,,322,53,93,16.46,45.34,,662,102,174,15.41,41.69,,1771,247,414,13.95,37.32,
LN100825,Launceston,10/08/2025,Twilight,7,8:06 PM,TAS,934,11,PUNTARNO STRIDE NZ,NELLIE ROBINS PACE,2200,"$9,700",FT,W J Yole,Jack Laugher,LN100825_R7,LN100825_R7_PUNTARNO STRIDE NZ,PACERS,Standing,Launceston_2200.0,Launceston_2200.0_pacers_standing,62,46.9,31.1,30.4,29.1,29.2,0,0,0,0,0,0,55,5,17,9.09,40,-39.25,1236,61,190,4.94,20.31,,jack laugher,45,6,16,13.33,48.89,-13.36,202,17,54,8.42,35.15,-37.54,514,47,126,9.14,33.66,-29.42,1062,113,237,10.64,32.96,-20.34,5523,735,1445,13.31,39.47,-19.41,13,20.5,9.7,185,24,13,0,18,9.7,-100,38,20.5,-100,147,13,22,8.84,23.81,18.63,432,25,73,5.79,22.69,,956,58,167,6.07,23.54,,1921,136,340,7.08,24.78,,2861,203,484,7.1,24.01,
LN100825,Launceston,10/08/2025,Twilight,7,8:06 PM,TAS,934,12,RACKETEERS BOY NZ,NELLIE ROBINS PACE,2200,"$9,700",10m,G R Smith,Brodie Davis,LN100825_R7,LN100825_R7_RACKETEERS BOY NZ,PACERS,Standing,Launceston_2200.0,Launceston_2200.0_pacers_standing,62,46.9,31.1,30.4,29.1,29.2,0,0,0,0,0,0,433,69,86,15.94,35.8,,362,27,54,7.46,22.38,-18.19,brodie davis,31,1,5,3.23,19.35,-60.82,74,9,16,12.16,33.78,,144,19,30,13.19,34.03,,305,45,64,14.75,35.74,,714,99,160,13.87,36.27,,7.1,3.6,5.4,56,4,7.1,0,3,5.4,0,2,3.6,0,13,0,0,0,0,-100,34,5,3,14.71,23.53,120.53,52,5,4,9.62,17.31,60.96,139,8,18,5.76,18.71,-23.52,777,53,129,6.82,23.42,-27.91
LN100825,Launceston,10/08/2025,Twilight,8,8:39 PM,TAS,384,1,SUGARPOVA NZ,LADBROKES ODDS SURGE STAKES,1680,"$9,700",FR1,C T Crook,Jordan Chibnall,LN100825_R8,LN100825_R8_SUGARPOVA NZ,PACERS,Mobile,Launceston_1680.0,Launceston_1680.0_pacers_mobile,369,5,29.2,30.9,29.3,29.3,369,61,84,16.53,39.3,,364,45,84,12.36,35.44,,242,66,68,27.27,55.37,,jordan chibnall,33,9,9,27.27,54.55,-6.76,66,13,19,19.7,48.48,,140,28,37,20,46.43,,273,55,73,20.15,46.89,,1609,198,351,12.31,34.12,,25,3.1,12.5,32,8,25,0,4,12.5,0,1,3.1,0,25,6,5,24,44,-19.99,51,10,12,19.61,43.14,,107,29,22,27.1,47.66,,205,52,49,25.37,49.27,,876,166,213,18.95,43.26,
LN100825,Launceston,10/08/2025,Twilight,8,8:39 PM,TAS,384,2,TRIPLE VINNIES,LADBROKES ODDS SURGE STAKES,1680,"$9,700",FR2,D B P Ford,Dylan Ford,LN100825_R8,LN100825_R8_TRIPLE VINNIES,PACERS,Mobile,Launceston_1680.0,Launceston_1680.0_pacers_mobile,369,5,29.2,30.9,29.3,29.3,368,46,104,12.5,40.76,,838,76,175,9.07,29.95,,20,2,6,10,40,-42.08,dylan ford,47,2,12,4.26,29.79,-78.37,129,19,32,14.73,39.53,,282,42,76,14.89,41.84,,467,75,124,16.06,42.61,,2189,277,461,12.65,33.71,,15.2,12.1,3,33,5,15.2,0,1,3,0,4,12.1,-100,1,0,0,0,0,-100,6,2,1,33.33,50,15.3,10,4,1,40,50,19.34,20,5,5,25,50,-10.83,73,15,17,20.55,43.84,-19.01
LN100825,Launceston,10/08/2025,Twilight,8,8:39 PM,TAS,384,3,HAMMER DAN,LADBROKES ODDS SURGE STAKES,1680,"$9,700",FR3,T R Langley,Tiarna Ford,LN100825_R8,LN100825_R8_HAMMER DAN,PACERS,Mobile,Launceston_1680.0,Launceston_1680.0_pacers_mobile,369,5,29.2,30.9,29.3,29.3,367,38,86,10.35,33.79,,398,19,57,4.77,19.1,,590,68,128,11.53,33.22,,tiarna ford,6,0,2,0,33.33,-100,70,8,18,11.43,37.14,,145,14,38,9.66,35.86,,291,39,64,13.4,35.4,,1103,87,187,7.89,24.84,,10.5,10.5,21.1,19,2,10.5,0,4,21.1,-100,2,10.5,0,53,2,15,3.77,32.08,-79.6,146,20,36,13.7,38.36,,322,53,93,16.46,45.34,,662,102,174,15.41,41.69,,1771,247,414,13.95,37.32,
LN100825,Launceston,10/08/2025,Twilight,8,8:39 PM,TAS,384,4,ANOTHER NIEN,LADBROKES ODDS SURGE STAKES,1680,"$9,700",FR4,A C Duggan,Jacob Duggan,LN100825_R8,LN100825_R8_ANOTHER NIEN,PACERS,Mobile,Launceston_1680.0,Launceston_1680.0_pacers_mobile,369,5,29.2,30.9,29.3,29.3,361,52,89,14.4,39.06,,503,48,93,9.54,28.03,,198,30,40,15.15,35.35,,jacob duggan,38,2,7,5.26,23.68,-24.44,91,7,17,7.69,26.37,,138,14,28,10.14,30.43,,309,38,65,12.3,33.33,,1266,120,237,9.48,28.2,,18.3,7,14.1,71,13,18.3,0,10,14.1,0,5,7,0,20,2,3,10,25,53.19,54,4,13,7.41,31.48,,121,14,32,11.57,38.02,,189,25,50,13.23,39.68,,623,65,137,10.43,32.42,
LN100825,Launceston,10/08/2025,Twilight,8,8:39 PM,TAS,384,5,ROYAL APPOINTMENT,LADBROKES ODDS SURGE STAKES,1680,"$9,700",FR5,M A Laugher,Jack Laugher,LN100825_R8,LN100825_R8_ROYAL APPOINTMENT,PACERS,Mobile,Launceston_1680.0,Launceston_1680.0_pacers_mobile,369,5,29.2,30.9,29.3,29.3,353,39,70,11.05,30.88,,55,5,17,9.09,40,-39.25,363,50,94,13.77,39.67,,jack laugher,45,6,16,13.33,48.89,-13.36,202,17,54,8.42,35.15,-37.54,514,47,126,9.14,33.66,-29.42,1062,113,237,10.64,32.96,-20.34,5523,735,1445,13.31,39.47,-19.41,9.7,11.3,3.2,62,6,9.7,0,2,3.2,0,7,11.3,-100,48,8,13,16.67,43.75,7.36,96,13,19,13.54,33.33,,167,19,36,11.38,32.93,,304,35,68,11.51,33.88,,1170,137,287,11.71,36.24,
LN100825,Launceston,10/08/2025,Twilight,8,8:39 PM,TAS,384,6,DIAMONDS N CASH NZ,LADBROKES ODDS SURGE STAKES,1680,"$9,700",FR6,W J Yole,Mitch Ford,LN100825_R8,LN100825_R8_DIAMONDS N CASH NZ,PACERS,Mobile,Launceston_1680.0,Launceston_1680.0_pacers_mobile,369,5,29.2,30.9,29.3,29.3,323,31,54,9.6,26.32,,524,66,112,12.6,33.97,,1236,61,190,4.94,20.31,,mitch ford,47,7,8,14.89,31.91,58.68,101,11,20,10.89,30.69,,259,28,66,10.81,36.29,,468,71,107,15.17,38.03,,1408,197,311,13.99,36.08,,10.8,13.3,0,83,9,10.8,0,0,0,0,11,13.3,0,147,13,22,8.84,23.81,18.63,432,25,73,5.79,22.69,,956,58,167,6.07,23.54,,1921,136,340,7.08,24.78,,2861,203,484,7.1,24.01,
LN100825,Launceston,10/08/2025,Twilight,8,8:39 PM,TAS,384,7,WE SALUTE YOU,LADBROKES ODDS SURGE STAKES,1680,"$9,700",FR7,W J Yole,Liam Older,LN100825_R8,LN100825_R8_WE SALUTE YOU,PACERS,Mobile,Launceston_1680.0,Launceston_1680.0_pacers_mobile,369,5,29.2,30.9,29.3,29.3,201,15,30,7.46,22.39,,236,18,59,7.63,32.63,,1236,61,190,4.94,20.31,,liam older,34,3,5,8.82,23.53,-7.4,112,10,26,8.93,32.14,,270,22,61,8.15,30.74,,481,43,112,8.94,32.22,,1621,133,347,8.2,29.61,,1.4,2.4,8.1,210,3,1.4,0,17,8.1,-100,5,2.4,0,147,13,22,8.84,23.81,18.63,432,25,73,5.79,22.69,,956,58,167,6.07,23.54,,1921,136,340,7.08,24.78,,2861,203,484,7.1,24.01,
LN100825,Launceston,10/08/2025,Twilight,9,9:05 PM,TAS,934,1,KENYA NZ,JILLIAN ROBINS STAKES,2200,"$9,700",FR1,W J Yole,Liam Older,LN100825_R9,LN100825_R9_KENYA NZ,PACERS,Mobile,Launceston_2200.0,Launceston_2200.0_pacers_mobile,833,43.7,31.6,30.6,29.4,29.5,832,104,174,12.5,33.41,-22.12,236,18,59,7.63,32.63,,1236,61,190,4.94,20.31,,liam older,34,3,5,8.82,23.53,-7.4,112,10,26,8.93,32.14,,270,22,61,8.15,30.74,,481,43,112,8.94,32.22,,1621,133,347,8.2,29.61,,7.8,20.7,6.7,179,14,7.8,0,12,6.7,0,37,20.7,0,147,13,22,8.84,23.81,18.63,432,25,73,5.79,22.69,,956,58,167,6.07,23.54,,1921,136,340,7.08,24.78,,2861,203,484,7.1,24.01,
LN100825,Launceston,10/08/2025,Twilight,9,9:05 PM,TAS,934,2,HUNGRY HIPPO,JILLIAN ROBINS STAKES,2200,"$9,700",FR2,E J Stewart,Mark Yole,LN100825_R9,LN100825_R9_HUNGRY HIPPO,PACERS,Mobile,Launceston_2200.0,Launceston_2200.0_pacers_mobile,833,43.7,31.6,30.6,29.4,29.5,831,93,193,11.19,34.42,-24.62,837,98,172,11.71,32.26,,70,49,9,70,82.86,1.14,mark yole,43,4,10,9.3,32.56,-44.17,103,13,29,12.62,40.78,,191,28,50,14.66,40.84,,445,54,112,12.13,37.3,,2193,294,487,13.41,35.61,,0,100,0,1,0,0,0,0,0,0,1,100,70,26,14,6,53.85,76.92,1.77,97,47,22,48.45,71.13,-7.51,253,116,60,45.85,69.57,-10.08,663,261,182,39.37,66.82,-10.16,3035,1098,830,36.18,63.53,-9.12
LN100825,Launceston,10/08/2025,Twilight,9,9:05 PM,TAS,934,3,MORRIS BROWN,JILLIAN ROBINS STAKES,2200,"$9,700",FR3,T E Rattray,Lachlan Dakin,LN100825_R9,LN100825_R9_MORRIS BROWN,PACERS,Mobile,Launceston_2200.0,Launceston_2200.0_pacers_mobile,833,43.7,31.6,30.6,29.4,29.5,831,95,157,11.43,30.32,-16.17,156,7,16,4.49,14.74,,688,100,180,14.53,40.7,,lachlan dakin,2,0,0,0,0,-100,25,1,1,4,8,,80,6,15,7.5,26.25,,135,12,22,8.89,25.19,,326,14,39,4.29,16.26,,15.4,12.8,15.4,39,6,15.4,0,6,15.4,0,5,12.8,0,27,5,3,18.52,29.63,54.61,72,12,12,16.67,33.33,,163,22,41,13.5,38.65,,326,39,86,11.96,38.34,,1486,214,416,14.4,42.4,
LN100825,Launceston,10/08/2025,Twilight,9,9:05 PM,TAS,934,4,I OF THE HURRIKANE,JILLIAN ROBINS STAKES,2200,"$9,700",FR4,M A Laugher,Ellen Tormey,LN100825_R9,LN100825_R9_I OF THE HURRIKANE,PACERS,Mobile,Launceston_2200.0,Launceston_2200.0_pacers_mobile,833,43.7,31.6,30.6,29.4,29.5,830,97,181,11.69,33.49,-21.1,9,2,2,22.22,44.44,-17.37,363,50,94,13.77,39.67,,ellen tormey,115,16,31,13.91,40.87,-13.64,352,36,90,10.23,35.8,-29.75,680,65,181,9.56,36.18,-35.1,939,96,246,10.22,36.42,-27.29,4929,583,1257,11.83,37.33,-19.76,3.6,3.6,10.7,84,3,3.6,0,9,10.7,200,3,3.6,0,48,8,13,16.67,43.75,7.36,96,13,19,13.54,33.33,,167,19,36,11.38,32.93,,304,35,68,11.51,33.88,,1170,137,287,11.71,36.24,
LN100825,Launceston,10/08/2025,Twilight,9,9:05 PM,TAS,934,5,ROCK THE TABLEAU,JILLIAN ROBINS STAKES,2200,"$9,700",FR5,J C Duggan,Jacob Duggan,LN100825_R9,LN100825_R9_ROCK THE TABLEAU,PACERS,Mobile,Launceston_2200.0,Launceston_2200.0_pacers_mobile,833,43.7,31.6,30.6,29.4,29.5,819,78,155,9.52,28.45,-16.89,503,48,93,9.54,28.03,,8,0,2,0,25,-100,jacob duggan,38,2,7,5.26,23.68,-24.44,91,7,17,7.69,26.37,,138,14,28,10.14,30.43,,309,38,65,12.3,33.33,,1266,120,237,9.48,28.2,,6.5,8.7,13,46,3,6.5,0,6,13,0,4,8.7,0,5,0,1,0,20,-100,9,1,2,11.11,33.33,7.83,15,2,3,13.33,33.33,-3.07,25,2,6,8,32,-34.48,29,3,6,10.34,31.03,-18.34
LN100825,Launceston,10/08/2025,Twilight,9,9:05 PM,TAS,934,6,MIKI SANZ,JILLIAN ROBINS STAKES,2200,"$9,700",FR6,K E Rattray,Kayleb Williams,LN100825_R9,LN100825_R9_MIKI SANZ,PACERS,Mobile,Launceston_2200.0,Launceston_2200.0_pacers_mobile,833,43.7,31.6,30.6,29.4,29.5,770,60,120,7.79,23.38,-23.97,558,49,96,8.78,25.99,,425,34,98,8,31.06,-24.43,kayleb williams,12,0,2,0,16.67,-100,41,0,7,0,17.07,,77,5,15,6.49,25.97,,207,12,46,5.8,28.02,,1120,87,226,7.77,27.95,,0,25.8,3.2,31,0,0,0,1,3.2,0,8,25.8,-100,9,1,2,11.11,33.33,35.03,28,3,3,10.71,21.43,46.41,53,4,7,7.55,20.75,-1.16,130,8,18,6.15,20,-17.36,742,65,171,8.76,31.81,-25.33
LN100825,Launceston,10/08/2025,Twilight,9,9:05 PM,TAS,934,7,ROCKS ROY,JILLIAN ROBINS STAKES,2200,"$9,700",FR7,W J Yole,Mitch Ford,LN100825_R9,LN100825_R9_ROCKS ROY,PACERS,Mobile,Launceston_2200.0,Launceston_2200.0_pacers_mobile,833,43.7,31.6,30.6,29.4,29.5,443,24,64,5.42,19.86,-43.49,524,66,112,12.6,33.97,,1236,61,190,4.94,20.31,,mitch ford,47,7,8,14.89,31.91,58.68,101,11,20,10.89,30.69,,259,28,66,10.81,36.29,,468,71,107,15.17,38.03,,1408,197,311,13.99,36.08,,1.1,7.3,7.9,178,2,1.1,0,14,7.9,0,13,7.3,0,147,13,22,8.84,23.81,18.63,432,25,73,5.79,22.69,,956,58,167,6.07,23.54,,1921,136,340,7.08,24.78,,2861,203,484,7.1,24.01,
LN100825,Launceston,10/08/2025,Twilight,9,9:05 PM,TAS,934,8,GYPSY AMOUR,JILLIAN ROBINS STAKES,2200,"$9,700",SR1,P T Carlson,Gareth Rattray,LN100825_R9,LN100825_R9_GYPSY AMOUR,PACERS,Mobile,Launceston_2200.0,Launceston_2200.0_pacers_mobile,833,43.7,31.6,30.6,29.4,29.5,737,69,162,9.36,31.34,-18.09,946,86,225,9.09,32.88,,109,8,21,7.34,26.61,-21.96,gareth rattray,28,1,7,3.57,28.57,-65.14,58,3,12,5.17,25.86,,112,9,28,8.04,33.04,,254,27,64,10.63,35.83,,1918,189,433,9.85,32.43,,20,13.3,11.7,60,12,20,0,7,11.7,0,8,13.3,0,7,0,2,0,28.57,-100,16,2,3,12.5,31.25,83.45,33,4,4,12.12,24.24,55.17,55,6,10,10.91,29.09,23.47,196,21,43,10.71,32.65,-5.07
LN100825,Launceston,10/08/2025,Twilight,9,9:05 PM,TAS,934,9,NO NUKES SKIPPER NZ,JILLIAN ROBINS STAKES,2200,"$9,700",SR2,W J Yole,Hannah Van dongen,LN100825_R9,LN100825_R9_NO NUKES SKIPPER NZ,PACERS,Mobile,Launceston_2200.0,Launceston_2200.0_pacers_mobile,833,43.7,31.6,30.6,29.4,29.5,671,79,146,11.77,33.53,,396,20,52,5.05,18.18,,1236,61,190,4.94,20.31,,hannah van dongen,26,1,3,3.85,15.38,-6.75,88,4,8,4.55,13.64,,172,11,17,6.4,16.28,,288,19,37,6.6,19.44,,963,60,134,6.23,20.15,,12.6,9.1,11.4,175,22,12.6,-100,20,11.4,0,16,9.1,0,147,13,22,8.84,23.81,18.63,432,25,73,5.79,22.69,,956,58,167,6.07,23.54,,1921,136,340,7.08,24.78,,2861,203,484,7.1,24.01,
LN100825,Launceston,10/08/2025,Twilight,9,9:05 PM,TAS,934,10,MARTHA LAVINIA,JILLIAN ROBINS STAKES,2200,"$9,700",SR3,M A Laugher,Jack Laugher,LN100825_R9,LN100825_R9_MARTHA LAVINIA,PACERS,Mobile,Launceston_2200.0,Launceston_2200.0_pacers_mobile,833,43.7,31.6,30.6,29.4,29.5,592,52,128,8.78,30.41,-16.8,55,5,17,9.09,40,-39.25,363,50,94,13.77,39.67,,jack laugher,45,6,16,13.33,48.89,-13.36,202,17,54,8.42,35.15,-37.54,514,47,126,9.14,33.66,-29.42,1062,113,237,10.64,32.96,-20.34,5523,735,1445,13.31,39.47,-19.41,1.6,19.4,3.2,124,2,1.6,0,4,3.2,0,24,19.4,0,48,8,13,16.67,43.75,7.36,96,13,19,13.54,33.33,,167,19,36,11.38,32.93,,304,35,68,11.51,33.88,,1170,137,287,11.71,36.24,
LN100825,Launceston,10/08/2025,Twilight,9,9:05 PM,TAS,934,11,HARRYS DEAL NZ,JILLIAN ROBINS STAKES,2200,"$9,700",SR4,C V Castles,Charlie Castles,LN100825_R9,LN100825_R9_HARRYS DEAL NZ,PACERS,Mobile,Launceston_2200.0,Launceston_2200.0_pacers_mobile,833,43.7,31.6,30.6,29.4,29.5,507,46,96,9.07,28.01,-8.95,538,61,135,11.34,36.43,-18.69,71,16,27,22.54,60.56,-13.49,charlie castles,15,3,6,20,60,-6.49,39,12,15,30.77,69.23,12.56,83,17,31,20.48,57.83,-4.12,200,29,66,14.5,47.5,-28.82,1225,126,296,10.29,34.45,-23.47,41.2,17.6,5.9,17,7,41.2,0,1,5.9,0,3,17.6,0,16,3,7,18.75,62.5,-15.57,37,8,15,21.62,62.16,-16.94,53,11,23,20.75,64.15,-12.51,85,16,35,18.82,60,-25.8,107,25,40,23.36,60.75,-15.48
LN100825,Launceston,10/08/2025,Twilight,9,9:05 PM,TAS,934,12,COOLANDCOLLECT,JILLIAN ROBINS STAKES,2200,"$9,700",SR5,W J Yole,Dylan Ford,LN100825_R9,LN100825_R9_COOLANDCOLLECT,PACERS,Mobile,Launceston_2200.0,Launceston_2200.0_pacers_mobile,833,43.7,31.6,30.6,29.4,29.5,408,24,69,5.88,22.79,-33.25,838,76,175,9.07,29.95,,1236,61,190,4.94,20.31,,dylan ford,47,2,12,4.26,29.79,-78.37,129,19,32,14.73,39.53,,282,42,76,14.89,41.84,,467,75,124,16.06,42.61,,2189,277,461,12.65,33.71,,2.7,10.8,2.7,37,1,2.7,0,1,2.7,0,4,10.8,0,147,13,22,8.84,23.81,18.63,432,25,73,5.79,22.69,,956,58,167,6.07,23.54,,1921,136,340,7.08,24.78,,2861,203,484,7.1,24.01,
LN100825,Launceston,10/08/2025,Twilight,10,9:37 PM,TAS,934,1,NANCESTIGER,LADBROKES BLACKBOOK PACE,2200,"$9,700",SCR,J M Castles,SCRATCHED,LN100825_R10,LN100825_R10_NANCESTIGER,PACERS,Mobile,Launceston_2200.0,Launceston_2200.0_pacers_mobile,833,43.7,31.6,30.6,29.4,29.5,0,0,0,0,0,0,0,0,0,0,0,0,144,30,53,20.83,57.64,1.02,scratched,0,0,0,0,0,0,0,0,0,0,0,0,0,0,0,0,0,0,0,0,0,0,0,0,0,0,0,0,0,0,0,5.4,13.5,37,0,0,0,5,13.5,0,2,5.4,0,6,0,1,0,16.67,-100,14,2,5,14.29,50,-37.09,33,5,12,15.15,51.52,-30.36,68,13,25,19.12,55.88,-22.08,253,44,83,17.39,50.2,-9.16
LN100825,Launceston,10/08/2025,Twilight,10,9:37 PM,TAS,934,2,MAGOMEDOV,LADBROKES BLACKBOOK PACE,2200,"$9,700",FR1,M A Laugher,Jack Laugher,LN100825_R10,LN100825_R10_MAGOMEDOV,PACERS,Mobile,Launceston_2200.0,Launceston_2200.0_pacers_mobile,833,43.7,31.6,30.6,29.4,29.5,832,104,174,12.5,33.41,-22.12,55,5,17,9.09,40,-39.25,363,50,94,13.77,39.67,,jack laugher,45,6,16,13.33,48.89,-13.36,202,17,54,8.42,35.15,-37.54,514,47,126,9.14,33.66,-29.42,1062,113,237,10.64,32.96,-20.34,5523,735,1445,13.31,39.47,-19.41,0,9.1,21.2,33,0,0,0,7,21.2,0,3,9.1,0,48,8,13,16.67,43.75,7.36,96,13,19,13.54,33.33,,167,19,36,11.38,32.93,,304,35,68,11.51,33.88,,1170,137,287,11.71,36.24,
LN100825,Launceston,10/08/2025,Twilight,10,9:37 PM,TAS,934,3,LAST OF THE MOHICANS NZ,LADBROKES BLACKBOOK PACE,2200,"$9,700",FR2,G R Smith,Jordan Chibnall,LN100825_R10,LN100825_R10_LAST OF THE MOHICANS NZ,PACERS,Mobile,Launceston_2200.0,Launceston_2200.0_pacers_mobile,833,43.7,31.6,30.6,29.4,29.5,831,93,193,11.19,34.42,-24.62,364,45,84,12.36,35.44,,362,27,54,7.46,22.38,-18.19,jordan chibnall,33,9,9,27.27,54.55,-6.76,66,13,19,19.7,48.48,,140,28,37,20,46.43,,273,55,73,20.15,46.89,,1609,198,351,12.31,34.12,,13,13,4.3,23,3,13,-100,1,4.3,0,3,13,0,13,0,0,0,0,-100,34,5,3,14.71,23.53,120.53,52,5,4,9.62,17.31,60.96,139,8,18,5.76,18.71,-23.52,777,53,129,6.82,23.42,-27.91
LN100825,Launceston,10/08/2025,Twilight,10,9:37 PM,TAS,934,4,MR BONDI NZ,LADBROKES BLACKBOOK PACE,2200,"$9,700",FR3,W J Yole,Hannah Van dongen,LN100825_R10,LN100825_R10_MR BONDI NZ,PACERS,Mobile,Launceston_2200.0,Launceston_2200.0_pacers_mobile,833,43.7,31.6,30.6,29.4,29.5,831,95,157,11.43,30.32,-16.17,396,20,52,5.05,18.18,,1236,61,190,4.94,20.31,,hannah van dongen,26,1,3,3.85,15.38,-6.75,88,4,8,4.55,13.64,,172,11,17,6.4,16.28,,288,19,37,6.6,19.44,,963,60,134,6.23,20.15,,8.8,11.8,8.8,34,3,8.8,0,3,8.8,0,4,11.8,0,147,13,22,8.84,23.81,18.63,432,25,73,5.79,22.69,,956,58,167,6.07,23.54,,1921,136,340,7.08,24.78,,2861,203,484,7.1,24.01,
LN100825,Launceston,10/08/2025,Twilight,10,9:37 PM,TAS,934,5,SERENGETI SUNRISE,LADBROKES BLACKBOOK PACE,2200,"$9,700",FR4,S L Davis,Brodie Davis,LN100825_R10,LN100825_R10_SERENGETI SUNRISE,PACERS,Mobile,Launceston_2200.0,Launceston_2200.0_pacers_mobile,833,43.7,31.6,30.6,29.4,29.5,830,97,181,11.69,33.49,-21.1,433,69,86,15.94,35.8,,377,36,76,9.55,29.71,,brodie davis,31,1,5,3.23,19.35,-60.82,74,9,16,12.16,33.78,,144,19,30,13.19,34.03,,305,45,64,14.75,35.74,,714,99,160,13.87,36.27,,42.6,22.2,0,54,23,42.6,-100,0,0,0,12,22.2,0,15,1,3,6.67,26.67,-32.99,39,4,8,10.26,30.77,,69,6,14,8.7,28.99,,148,15,28,10.14,29.05,,613,53,145,8.65,32.3,
LN100825,Launceston,10/08/2025,Twilight,10,9:37 PM,TAS,934,6,RUBINS PLIGHT,LADBROKES BLACKBOOK PACE,2200,"$9,700",FR5,W J Yole,Mitch Ford,LN100825_R10,LN100825_R10_RUBINS PLIGHT,PACERS,Mobile,Launceston_2200.0,Launceston_2200.0_pacers_mobile,833,43.7,31.6,30.6,29.4,29.5,819,78,155,9.52,28.45,-16.89,524,66,112,12.6,33.97,,1236,61,190,4.94,20.31,,mitch ford,47,7,8,14.89,31.91,58.68,101,11,20,10.89,30.69,,259,28,66,10.81,36.29,,468,71,107,15.17,38.03,,1408,197,311,13.99,36.08,,8.5,6.8,18.6,59,5,8.5,0,11,18.6,-100,4,6.8,0,147,13,22,8.84,23.81,18.63,432,25,73,5.79,22.69,,956,58,167,6.07,23.54,,1921,136,340,7.08,24.78,,2861,203,484,7.1,24.01,
LN100825,Launceston,10/08/2025,Twilight,10,9:37 PM,TAS,934,7,LETSGOBRO,LADBROKES BLACKBOOK PACE,2200,"$9,700",FR6,G R Smith,Kayleb Williams,LN100825_R10,LN100825_R10_LETSGOBRO,PACERS,Mobile,Launceston_2200.0,Launceston_2200.0_pacers_mobile,833,43.7,31.6,30.6,29.4,29.5,770,60,120,7.79,23.38,-23.97,558,49,96,8.78,25.99,,362,27,54,7.46,22.38,-18.19,kayleb williams,12,0,2,0,16.67,-100,41,0,7,0,17.07,,77,5,15,6.49,25.97,,207,12,46,5.8,28.02,,1120,87,226,7.77,27.95,,21.8,18.2,5.5,55,12,21.8,0,3,5.5,0,10,18.2,0,13,0,0,0,0,-100,34,5,3,14.71,23.53,120.53,52,5,4,9.62,17.31,60.96,139,8,18,5.76,18.71,-23.52,777,53,129,6.82,23.42,-27.91
LN100825,Launceston,10/08/2025,Twilight,10,9:37 PM,TAS,934,8,THEE OLD BOMB NZ,LADBROKES BLACKBOOK PACE,2200,"$9,700",SR1,W J Yole,Dylan Ford,LN100825_R10,LN100825_R10_THEE OLD BOMB NZ,PACERS,Mobile,Launceston_2200.0,Launceston_2200.0_pacers_mobile,833,43.7,31.6,30.6,29.4,29.5,737,69,162,9.36,31.34,-18.09,838,76,175,9.07,29.95,,1236,61,190,4.94,20.31,,dylan ford,47,2,12,4.26,29.79,-78.37,129,19,32,14.73,39.53,,282,42,76,14.89,41.84,,467,75,124,16.06,42.61,,2189,277,461,12.65,33.71,,18.3,6.7,20,60,11,18.3,-100,12,20,-100,4,6.7,0,147,13,22,8.84,23.81,18.63,432,25,73,5.79,22.69,,956,58,167,6.07,23.54,,1921,136,340,7.08,24.78,,2861,203,484,7.1,24.01,
LN100825,Launceston,10/08/2025,Twilight,10,9:37 PM,TAS,934,9,TWISTED BLISS,LADBROKES BLACKBOOK PACE,2200,"$9,700",SR2,M A Laugher,Ellen Tormey,LN100825_R10,LN100825_R10_TWISTED BLISS,PACERS,Mobile,Launceston_2200.0,Launceston_2200.0_pacers_mobile,833,43.7,31.6,30.6,29.4,29.5,671,79,146,11.77,33.53,,9,2,2,22.22,44.44,-17.37,363,50,94,13.77,39.67,,ellen tormey,115,16,31,13.91,40.87,-13.64,352,36,90,10.23,35.8,-29.75,680,65,181,9.56,36.18,-35.1,939,96,246,10.22,36.42,-27.29,4929,583,1257,11.83,37.33,-19.76,7.8,1,10.8,102,8,7.8,0,11,10.8,0,1,1,0,48,8,13,16.67,43.75,7.36,96,13,19,13.54,33.33,,167,19,36,11.38,32.93,,304,35,68,11.51,33.88,,1170,137,287,11.71,36.24,
LN100825,Launceston,10/08/2025,Twilight,10,9:37 PM,TAS,934,10,MAJOR LESTER,LADBROKES BLACKBOOK PACE,2200,"$9,700",SR3,W J Yole,Liam Older,LN100825_R10,LN100825_R10_MAJOR LESTER,PACERS,Mobile,Launceston_2200.0,Launceston_2200.0_pacers_mobile,833,43.7,31.6,30.6,29.4,29.5,592,52,128,8.78,30.41,-16.8,236,18,59,7.63,32.63,,1236,61,190,4.94,20.31,,liam older,34,3,5,8.82,23.53,-7.4,112,10,26,8.93,32.14,,270,22,61,8.15,30.74,,481,43,112,8.94,32.22,,1621,133,347,8.2,29.61,,8.8,4.4,7.2,181,16,8.8,0,13,7.2,0,8,4.4,0,147,13,22,8.84,23.81,18.63,432,25,73,5.79,22.69,,956,58,167,6.07,23.54,,1921,136,340,7.08,24.78,,2861,203,484,7.1,24.01,
LN100825,Launceston,10/08/2025,Twilight,10,9:37 PM,TAS,934,11,POWER UP NZ,LADBROKES BLACKBOOK PACE,2200,"$9,700",SR4,C T Crook,Mark Yole,LN100825_R10,LN100825_R10_POWER UP NZ,PACERS,Mobile,Launceston_2200.0,Launceston_2200.0_pacers_mobile,833,43.7,31.6,30.6,29.4,29.5,507,46,96,9.07,28.01,-8.95,837,98,172,11.71,32.26,,242,66,68,27.27,55.37,,mark yole,43,4,10,9.3,32.56,-44.17,103,13,29,12.62,40.78,,191,28,50,14.66,40.84,,445,54,112,12.13,37.3,,2193,294,487,13.41,35.61,,13,16.7,11.1,54,7,13,0,6,11.1,0,9,16.7,0,25,6,5,24,44,-19.99,51,10,12,19.61,43.14,,107,29,22,27.1,47.66,,205,52,49,25.37,49.27,,876,166,213,18.95,43.26,
ZO100825,Central Wheatbelt,10/08/2025,Day,1,1:07 PM,WA,233,1,ON GOLDEN ROAD,"PETER ARTHUR, NEIL SMITH & LARRY STEWART MS PACE",2130,"$6,999",FR1,D J Goulden,Trent Wheeler,ZO100825_R1,ZO100825_R1_ON GOLDEN ROAD,PACERS,Mobile,Central Wheatbelt_2130.0,Central Wheatbelt_2130.0_pacers_mobile,135,38.7,31.3,30.8,29.6,29.8,135,27,35,20,45.93,-9.52,225,28,66,12.44,41.78,-17.63,246,5,33,2.03,15.45,-57.55,trent wheeler,93,2,20,2.15,23.66,-71.79,245,19,51,7.76,28.57,-20.82,451,43,101,9.53,31.93,-14.06,1010,94,250,9.31,34.06,-24.73,3890,377,958,9.69,34.32,-18.78,1.4,9.5,14.9,74,1,1.4,0,11,14.9,0,7,9.5,0,14,3,2,21.43,35.71,114.07,69,6,16,8.7,31.88,-4.32,150,12,31,8,28.67,2.75,255,14,50,5.49,25.1,-20.52,814,26,134,3.19,19.66,-41.91
ZO100825,Central Wheatbelt,10/08/2025,Day,1,1:07 PM,WA,233,2,MUMMAS LITTLE STAR,"PETER ARTHUR, NEIL SMITH & LARRY STEWART MS PACE",2130,"$6,999",FR2,D J Goulden,Liam Elliott,ZO100825_R1,ZO100825_R1_MUMMAS LITTLE STAR,PACERS,Mobile,Central Wheatbelt_2130.0,Central Wheatbelt_2130.0_pacers_mobile,135,38.7,31.3,30.8,29.6,29.8,135,14,32,10.37,34.07,-38.49,52,7,8,13.46,28.85,9.47,246,5,33,2.03,15.45,-57.55,liam elliott,38,0,10,0,26.32,-100,150,12,33,8,30,-43.75,285,25,62,8.77,30.53,-37.56,435,41,94,9.43,31.03,-24.37,630,49,131,7.78,28.57,-29.38,2.8,3.8,14.2,106,3,2.8,0,15,14.2,0,4,3.8,0,14,3,2,21.43,35.71,114.07,69,6,16,8.7,31.88,-4.32,150,12,31,8,28.67,2.75,255,14,50,5.49,25.1,-20.52,814,26,134,3.19,19.66,-41.91
ZO100825,Central Wheatbelt,10/08/2025,Day,1,1:07 PM,WA,233,3,CRACKA TINNY,"PETER ARTHUR, NEIL SMITH & LARRY STEWART MS PACE",2130,"$6,999",FR3,M R Roberts,Mark Roberts,ZO100825_R1,ZO100825_R1_CRACKA TINNY,PACERS,Mobile,Central Wheatbelt_2130.0,Central Wheatbelt_2130.0_pacers_mobile,135,38.7,31.3,30.8,29.6,29.8,135,13,29,9.63,31.11,-34.34,9,0,1,0,11.11,-100,5,0,1,0,20,-100,mark roberts,5,0,0,0,0,-100,23,0,1,0,4.35,-100,27,0,2,0,7.41,-100,27,0,2,0,7.41,-100,27,0,2,0,7.41,-100,2.8,10.1,7.3,178,5,2.8,0,13,7.3,0,18,10.1,0,5,0,0,0,0,-100,15,0,1,0,6.67,-100,19,0,2,0,10.53,-100,20,0,2,0,10,-100,20,0,2,0,10,-100
ZO100825,Central Wheatbelt,10/08/2025,Day,1,1:07 PM,WA,233,4,BLIND EDITION,"PETER ARTHUR, NEIL SMITH & LARRY STEWART MS PACE",2130,"$6,999",FR4,H C Reeves,Kylah Madden,ZO100825_R1,ZO100825_R1_BLIND EDITION,PACERS,Mobile,Central Wheatbelt_2130.0,Central Wheatbelt_2130.0_pacers_mobile,135,38.7,31.3,30.8,29.6,29.8,135,14,30,10.37,32.59,-30.42,6,0,1,0,16.67,-100,252,25,61,9.92,34.13,-22.52,kylah madden,27,3,5,11.11,29.63,-5.14,98,8,22,8.16,30.61,-9.63,174,13,41,7.47,31.03,-21.15,245,15,53,6.12,27.76,-26.66,245,15,53,6.12,27.76,-26.66,7.1,2.4,28.6,42,3,7.1,0,12,28.6,-100,1,2.4,0,103,8,28,7.77,34.95,-30.01,221,16,57,7.24,33.03,-25.32,400,31,88,7.75,29.75,-21.45,742,55,157,7.41,28.57,-26.9,3297,253,643,7.67,27.18,-17.85
ZO100825,Central Wheatbelt,10/08/2025,Day,1,1:07 PM,WA,233,5,DANNIKA,"PETER ARTHUR, NEIL SMITH & LARRY STEWART MS PACE",2130,"$6,999",FR5,L Inwood,Abbey Vidovich,ZO100825_R1,ZO100825_R1_DANNIKA,PACERS,Mobile,Central Wheatbelt_2130.0,Central Wheatbelt_2130.0_pacers_mobile,135,38.7,31.3,30.8,29.6,29.8,129,21,23,16.28,34.11,9.61,23,4,5,17.39,39.13,16.88,261,43,73,16.48,44.44,-11.42,abbey vidovich,40,10,9,25,47.5,4.73,194,30,45,15.46,38.66,-16.79,317,45,76,14.2,38.17,-13.33,414,52,94,12.56,35.27,-12.87,414,52,94,12.56,35.27,-12.87,0,13.6,13.6,66,0,0,0,9,13.6,0,9,13.6,0,18,1,6,5.56,38.89,-53.72,117,10,33,8.55,36.75,-41.5,282,33,72,11.7,37.23,-21.6,547,57,136,10.42,35.28,-22.78,1570,158,375,10.06,33.95,-20.62
ZO100825,Central Wheatbelt,10/08/2025,Day,1,1:07 PM,WA,233,6,OUR THUNDER,"PETER ARTHUR, NEIL SMITH & LARRY STEWART MS PACE",2130,"$6,999",FR6,M D Young,Emily Suvaljko,ZO100825_R1,ZO100825_R1_OUR THUNDER,PACERS,Mobile,Central Wheatbelt_2130.0,Central Wheatbelt_2130.0_pacers_mobile,135,38.7,31.3,30.8,29.6,29.8,108,13,25,12.04,35.19,2.26,240,45,63,18.75,45,-17.71,23,10,5,43.48,65.22,-6.91,emily suvaljko,67,9,10,13.43,28.36,-2.05,233,39,42,16.74,34.76,-9.43,418,70,79,16.75,35.65,-5.61,1009,143,228,14.17,36.77,-12.64,4489,570,1035,12.7,35.75,-12.02,8.6,9.9,17.3,81,7,8.6,-100,14,17.3,-100,8,9.9,0,41,7,10,17.07,41.46,-27.1,103,30,24,29.13,52.43,-5.31,198,57,53,28.79,55.56,-10.53,419,115,113,27.45,54.42,-9.96,1807,423,501,23.41,51.13,-15.65
ZO100825,Central Wheatbelt,10/08/2025,Day,1,1:07 PM,WA,233,7,CIAO BABE,"PETER ARTHUR, NEIL SMITH & LARRY STEWART MS PACE",2130,"$6,999",SR1,R O Bell,Kaden Elliott,ZO100825_R1,ZO100825_R1_CIAO BABE,PACERS,Mobile,Central Wheatbelt_2130.0,Central Wheatbelt_2130.0_pacers_mobile,135,38.7,31.3,30.8,29.6,29.8,128,11,37,8.59,37.5,-23.29,22,0,6,0,27.27,-100,62,0,4,0,6.45,-100,kaden elliott,1,0,0,0,0,-100,1,0,0,0,0,-100,1,0,0,0,0,-100,6,0,0,0,0,-100,228,5,36,2.19,17.98,-60.53,6,4.5,17.9,67,4,6,0,12,17.9,-100,3,4.5,-100,5,0,1,0,20,-100,15,0,4,0,26.67,-100,34,0,8,0,23.53,-100,68,0,12,0,17.65,-100,248,5,34,2.02,15.73,-54.45
ZO100825,Central Wheatbelt,10/08/2025,Day,1,1:07 PM,WA,233,8,SPORTS CENTRAL,"PETER ARTHUR, NEIL SMITH & LARRY STEWART MS PACE",2130,"$6,999",SR2,D J Goulden,Ajay Markham,ZO100825_R1,ZO100825_R1_SPORTS CENTRAL,PACERS,Mobile,Central Wheatbelt_2130.0,Central Wheatbelt_2130.0_pacers_mobile,135,38.7,31.3,30.8,29.6,29.8,109,8,23,7.34,28.44,-24.54,24,0,10,0,41.67,-100,246,5,33,2.03,15.45,-57.55,ajay markham,33,5,7,15.15,36.36,0.21,121,11,34,9.09,37.19,-39.37,207,18,59,8.7,37.2,-32.24,302,20,78,6.62,32.45,-43.29,302,20,78,6.62,32.45,-43.29,2.9,3.6,8.8,137,4,2.9,0,12,8.8,0,5,3.6,0,14,3,2,21.43,35.71,114.07,69,6,16,8.7,31.88,-4.32,150,12,31,8,28.67,2.75,255,14,50,5.49,25.1,-20.52,814,26,134,3.19,19.66,-41.91
ZO100825,Central Wheatbelt,10/08/2025,Day,2,1:37 PM,WA,233,1,SATAN PRINCESS,"DAVID GOULDEN, BRETT TAYLOR & JOEL INNES MS PACE",2130,"$6,999",FR1,T G Elliott,Liam Elliott,ZO100825_R2,ZO100825_R2_SATAN PRINCESS,PACERS,Mobile,Central Wheatbelt_2130.0,Central Wheatbelt_2130.0_pacers_mobile,135,38.7,31.3,30.8,29.6,29.8,135,27,35,20,45.93,-9.52,52,7,8,13.46,28.85,9.47,45,4,6,8.89,22.22,39.97,liam elliott,38,0,10,0,26.32,-100,150,12,33,8,30,-43.75,285,25,62,8.77,30.53,-37.56,435,41,94,9.43,31.03,-24.37,630,49,131,7.78,28.57,-29.38,6.8,2.3,11.4,44,3,6.8,0,5,11.4,0,1,2.3,0,3,0,2,0,66.67,-100,9,0,3,0,33.33,-100,12,0,3,0,25,-100,23,2,6,8.7,34.78,42.13,198,17,28,8.59,22.73,20.2
ZO100825,Central Wheatbelt,10/08/2025,Day,2,1:37 PM,WA,233,2,CARMELA DOMENICA,"DAVID GOULDEN, BRETT TAYLOR & JOEL INNES MS PACE",2130,"$6,999",SCR,J L Guagliardo,SCRATCHED,ZO100825_R2,ZO100825_R2_CARMELA DOMENICA,PACERS,Mobile,Central Wheatbelt_2130.0,Central Wheatbelt_2130.0_pacers_mobile,135,38.7,31.3,30.8,29.6,29.8,0,0,0,0,0,0,0,0,0,0,0,0,3,0,0,0,0,-100,scratched,0,0,0,0,0,0,0,0,0,0,0,0,0,0,0,0,0,0,0,0,0,0,0,0,0,0,0,0,0,0,6.8,1.4,21.6,74,5,6.8,0,16,21.6,-100,1,1.4,0,11,0,1,0,9.09,-100,30,0,3,0,10,-100,46,1,5,2.17,13.04,-60.38,71,1,9,1.41,14.08,-69.34,148,9,25,6.08,22.97,-20.9
ZO100825,Central Wheatbelt,10/08/2025,Day,2,1:37 PM,WA,233,3,MISS KNOWALL,"DAVID GOULDEN, BRETT TAYLOR & JOEL INNES MS PACE",2130,"$6,999",FR2,M White,Abbey Vidovich,ZO100825_R2,ZO100825_R2_MISS KNOWALL,PACERS,Mobile,Central Wheatbelt_2130.0,Central Wheatbelt_2130.0_pacers_mobile,135,38.7,31.3,30.8,29.6,29.8,135,14,32,10.37,34.07,-38.49,23,4,5,17.39,39.13,16.88,172,15,43,8.72,33.72,-30.51,abbey vidovich,40,10,9,25,47.5,4.73,194,30,45,15.46,38.66,-16.79,317,45,76,14.2,38.17,-13.33,414,52,94,12.56,35.27,-12.87,414,52,94,12.56,35.27,-12.87,14.7,5.9,5.9,34,5,14.7,0,2,5.9,0,2,5.9,0,12,1,2,8.33,25,39.78,58,4,11,6.9,25.86,-28.25,91,6,17,6.59,25.27,-36.91,144,12,23,8.33,24.31,-16.03,687,41,130,5.97,24.89,-25.2
ZO100825,Central Wheatbelt,10/08/2025,Day,2,1:37 PM,WA,233,4,BATAVIA STREAMLINE,"DAVID GOULDEN, BRETT TAYLOR & JOEL INNES MS PACE",2130,"$6,999",FR3,D J Goulden,Hayden Charles,ZO100825_R2,ZO100825_R2_BATAVIA STREAMLINE,PACERS,Mobile,Central Wheatbelt_2130.0,Central Wheatbelt_2130.0_pacers_mobile,135,38.7,31.3,30.8,29.6,29.8,135,13,29,9.63,31.11,-34.34,99,3,10,3.03,13.13,-43.39,246,5,33,2.03,15.45,-57.55,hayden charles,21,2,3,9.52,23.81,47.22,82,4,12,4.88,19.51,-10.05,149,10,23,6.71,22.15,-4.34,273,15,49,5.49,23.44,-27.85,1570,60,224,3.82,18.09,-37.01,2.3,5.3,9.8,132,3,2.3,0,13,9.8,0,7,5.3,0,14,3,2,21.43,35.71,114.07,69,6,16,8.7,31.88,-4.32,150,12,31,8,28.67,2.75,255,14,50,5.49,25.1,-20.52,814,26,134,3.19,19.66,-41.91
ZO100825,Central Wheatbelt,10/08/2025,Day,2,1:37 PM,WA,233,5,MISTER RIGGERS,"DAVID GOULDEN, BRETT TAYLOR & JOEL INNES MS PACE",2130,"$6,999",FR4,C M O'Driscoll,Kylah Madden,ZO100825_R2,ZO100825_R2_MISTER RIGGERS,PACERS,Mobile,Central Wheatbelt_2130.0,Central Wheatbelt_2130.0_pacers_mobile,135,38.7,31.3,30.8,29.6,29.8,135,14,30,10.37,32.59,-30.42,6,0,1,0,16.67,-100,25,0,1,0,4,-100,kylah madden,27,3,5,11.11,29.63,-5.14,98,8,22,8.16,30.61,-9.63,174,13,41,7.47,31.03,-21.15,245,15,53,6.12,27.76,-26.66,245,15,53,6.12,27.76,-26.66,0,24.6,5.3,57,0,0,0,3,5.3,0,14,24.6,0,3,0,0,0,0,-100,3,0,0,0,0,-100,3,0,0,0,0,-100,5,0,0,0,0,-100,70,2,8,2.86,14.29,-14.71
ZO100825,Central Wheatbelt,10/08/2025,Day,2,1:37 PM,WA,233,6,STRAUNYS SISTER,"DAVID GOULDEN, BRETT TAYLOR & JOEL INNES MS PACE",2130,"$6,999",FR5,M D Young,Emily Suvaljko,ZO100825_R2,ZO100825_R2_STRAUNYS SISTER,PACERS,Mobile,Central Wheatbelt_2130.0,Central Wheatbelt_2130.0_pacers_mobile,135,38.7,31.3,30.8,29.6,29.8,129,21,23,16.28,34.11,9.61,240,45,63,18.75,45,-17.71,23,10,5,43.48,65.22,-6.91,emily suvaljko,67,9,10,13.43,28.36,-2.05,233,39,42,16.74,34.76,-9.43,418,70,79,16.75,35.65,-5.61,1009,143,228,14.17,36.77,-12.64,4489,570,1035,12.7,35.75,-12.02,16.7,5.6,5.6,18,3,16.7,-100,1,5.6,0,1,5.6,0,41,7,10,17.07,41.46,-27.1,103,30,24,29.13,52.43,-5.31,198,57,53,28.79,55.56,-10.53,419,115,113,27.45,54.42,-9.96,1807,423,501,23.41,51.13,-15.65
ZO100825,Central Wheatbelt,10/08/2025,Day,2,1:37 PM,WA,233,7,THIS TIME JACKO,"DAVID GOULDEN, BRETT TAYLOR & JOEL INNES MS PACE",2130,"$6,999",SR1,S L Suvaljko,Aaron Suvaljko,ZO100825_R2,ZO100825_R2_THIS TIME JACKO,PACERS,Mobile,Central Wheatbelt_2130.0,Central Wheatbelt_2130.0_pacers_mobile,135,38.7,31.3,30.8,29.6,29.8,128,11,37,8.59,37.5,-23.29,30,0,1,0,3.33,-100,62,1,17,1.61,29.03,-75.14,aaron suvaljko,21,2,2,9.52,19.05,33.39,63,3,9,4.76,19.05,-34.61,110,4,14,3.64,16.36,-47.2,247,5,37,2.02,17,-71.03,436,14,61,3.21,17.2,-60.66,6.2,4.7,12.5,64,4,6.2,0,8,12.5,-100,3,4.7,-100,19,1,6,5.26,36.84,-58.72,37,1,12,2.7,35.14,-74.87,99,6,29,6.06,35.35,-40.13,274,10,64,3.65,27.01,-52.72,1186,55,224,4.64,23.52,-31.58
ZO100825,Central Wheatbelt,10/08/2025,Day,2,1:37 PM,WA,233,8,ISAIDBOO,"DAVID GOULDEN, BRETT TAYLOR & JOEL INNES MS PACE",2130,"$6,999",SR2,S L Suvaljko,Joseph Suvaljko,ZO100825_R2,ZO100825_R2_ISAIDBOO,PACERS,Mobile,Central Wheatbelt_2130.0,Central Wheatbelt_2130.0_pacers_mobile,135,38.7,31.3,30.8,29.6,29.8,109,8,23,7.34,28.44,-24.54,84,3,20,3.57,27.38,-66.89,62,1,17,1.61,29.03,-75.14,joseph suvaljko,26,3,2,11.54,19.23,122.65,120,19,18,15.83,30.83,25.91,289,46,69,15.92,39.79,1.55,510,63,119,12.35,35.69,-6.57,1149,104,231,9.05,29.16,-12.45,1.7,1.1,15.4,175,3,1.7,0,27,15.4,-100,2,1.1,0,19,1,6,5.26,36.84,-58.72,37,1,12,2.7,35.14,-74.87,99,6,29,6.06,35.35,-40.13,274,10,64,3.65,27.01,-52.72,1186,55,224,4.64,23.52,-31.58
ZO100825,Central Wheatbelt,10/08/2025,Day,2,1:37 PM,WA,233,9,SECOND AMENDMENT,"DAVID GOULDEN, BRETT TAYLOR & JOEL INNES MS PACE",2130,"$6,999",SR3,D J Goulden,Ajay Markham,ZO100825_R2,ZO100825_R2_SECOND AMENDMENT,PACERS,Mobile,Central Wheatbelt_2130.0,Central Wheatbelt_2130.0_pacers_mobile,135,38.7,31.3,30.8,29.6,29.8,81,11,23,13.58,41.98,-6.28,24,0,10,0,41.67,-100,246,5,33,2.03,15.45,-57.55,ajay markham,33,5,7,15.15,36.36,0.21,121,11,34,9.09,37.19,-39.37,207,18,59,8.7,37.2,-32.24,302,20,78,6.62,32.45,-43.29,302,20,78,6.62,32.45,-43.29,2.6,5.1,10.3,78,2,2.6,0,8,10.3,0,4,5.1,0,14,3,2,21.43,35.71,114.07,69,6,16,8.7,31.88,-4.32,150,12,31,8,28.67,2.75,255,14,50,5.49,25.1,-20.52,814,26,134,3.19,19.66,-41.91
ZO100825,Central Wheatbelt,10/08/2025,Day,2,1:37 PM,WA,233,10,MAJOR BUZZ,"DAVID GOULDEN, BRETT TAYLOR & JOEL INNES MS PACE",2130,"$6,999",SR4,J P Thornton,Corey Peterson,ZO100825_R2,ZO100825_R2_MAJOR BUZZ,PACERS,Mobile,Central Wheatbelt_2130.0,Central Wheatbelt_2130.0_pacers_mobile,135,38.7,31.3,30.8,29.6,29.8,60,3,14,5,28.33,-40.19,129,14,34,10.85,37.21,-9.31,43,3,12,6.98,34.88,-40.73,corey peterson,23,1,4,4.35,21.74,-22.59,77,10,15,12.99,32.47,15.37,182,19,38,10.44,31.32,-13.13,466,47,117,10.09,35.19,-18.73,1448,135,348,9.32,33.36,-23.54,4.7,0,20.9,43,2,4.7,0,9,20.9,0,0,0,0,8,0,1,0,12.5,-100,29,1,7,3.45,27.59,-55.43,61,2,9,3.28,18.03,-48.2,100,8,14,8,22,-16.02,269,20,38,7.43,21.56,-2.22
ZO100825,Central Wheatbelt,10/08/2025,Day,3,2:17 PM,WA,116,1,HOT CINDER,VICE PRESIDENTS DENNIS DALE & CRAIG ANDERSON MS PACE,1730,"$6,999",FR1,D N Dale,Briana Edman,ZO100825_R3,ZO100825_R3_HOT CINDER,PACERS,Mobile,Central Wheatbelt_1730.0,Central Wheatbelt_1730.0_pacers_mobile,70,8.9,30.3,30.8,29.8,29.9,70,5,15,7.14,28.57,-70.57,6,0,1,0,16.67,-100,95,4,17,4.21,22.11,-31.42,briana edman,15,1,1,6.67,13.33,62.97,47,1,3,2.13,8.51,-70.36,76,5,7,6.58,15.79,-24.92,111,5,9,4.5,12.61,-34.92,224,12,19,5.36,13.84,-3.96,9.2,4.6,23,87,8,9.2,-100,20,23,0,4,4.6,240,3,1,1,33.33,66.67,52.05,10,3,2,30,50,67.35,22,3,3,13.64,27.27,32.35,42,3,6,7.14,21.43,-8.06,230,10,28,4.35,16.52,-13.91
ZO100825,Central Wheatbelt,10/08/2025,Day,3,2:17 PM,WA,116,2,KEPTAIN COURAGEOUS,VICE PRESIDENTS DENNIS DALE & CRAIG ANDERSON MS PACE,1730,"$6,999",FR2,D J Goulden,Ajay Markham,ZO100825_R3,ZO100825_R3_KEPTAIN COURAGEOUS,PACERS,Mobile,Central Wheatbelt_1730.0,Central Wheatbelt_1730.0_pacers_mobile,70,8.9,30.3,30.8,29.8,29.9,70,10,15,14.29,35.71,-20.19,24,0,10,0,41.67,-100,246,5,33,2.03,15.45,-57.55,ajay markham,33,5,7,15.15,36.36,0.21,121,11,34,9.09,37.19,-39.37,207,18,59,8.7,37.2,-32.24,302,20,78,6.62,32.45,-43.29,302,20,78,6.62,32.45,-43.29,1.9,6.5,9.3,108,2,1.9,0,10,9.3,750.3,7,6.5,0,14,3,2,21.43,35.71,114.07,69,6,16,8.7,31.88,-4.32,150,12,31,8,28.67,2.75,255,14,50,5.49,25.1,-20.52,814,26,134,3.19,19.66,-41.91
ZO100825,Central Wheatbelt,10/08/2025,Day,3,2:17 PM,WA,116,3,ALTA HURRAH NZ,VICE PRESIDENTS DENNIS DALE & CRAIG ANDERSON MS PACE,1730,"$6,999",FR3,D J Goulden,Trent Wheeler,ZO100825_R3,ZO100825_R3_ALTA HURRAH NZ,PACERS,Mobile,Central Wheatbelt_1730.0,Central Wheatbelt_1730.0_pacers_mobile,70,8.9,30.3,30.8,29.8,29.9,70,8,24,11.43,45.71,-15.11,225,28,66,12.44,41.78,-17.63,246,5,33,2.03,15.45,-57.55,trent wheeler,93,2,20,2.15,23.66,-71.79,245,19,51,7.76,28.57,-20.82,451,43,101,9.53,31.93,-14.06,1010,94,250,9.31,34.06,-24.73,3890,377,958,9.69,34.32,-18.78,10.3,5.2,12.1,58,6,10.3,0,7,12.1,0,3,5.2,0,14,3,2,21.43,35.71,114.07,69,6,16,8.7,31.88,-4.32,150,12,31,8,28.67,2.75,255,14,50,5.49,25.1,-20.52,814,26,134,3.19,19.66,-41.91
ZO100825,Central Wheatbelt,10/08/2025,Day,3,2:17 PM,WA,116,4,MISTER KOPA,VICE PRESIDENTS DENNIS DALE & CRAIG ANDERSON MS PACE,1730,"$6,999",FR4,H C Reeves,Kylah Madden,ZO100825_R3,ZO100825_R3_MISTER KOPA,PACERS,Mobile,Central Wheatbelt_1730.0,Central Wheatbelt_1730.0_pacers_mobile,70,8.9,30.3,30.8,29.8,29.9,70,12,20,17.14,45.71,23.07,6,0,1,0,16.67,-100,252,25,61,9.92,34.13,-22.52,kylah madden,27,3,5,11.11,29.63,-5.14,98,8,22,8.16,30.61,-9.63,174,13,41,7.47,31.03,-21.15,245,15,53,6.12,27.76,-26.66,245,15,53,6.12,27.76,-26.66,9.3,5.3,10.7,75,7,9.3,0,8,10.7,0,4,5.3,0,103,8,28,7.77,34.95,-30.01,221,16,57,7.24,33.03,-25.32,400,31,88,7.75,29.75,-21.45,742,55,157,7.41,28.57,-26.9,3297,253,643,7.67,27.18,-17.85
ZO100825,Central Wheatbelt,10/08/2025,Day,3,2:17 PM,WA,116,5,AMERICAN MONARCH,VICE PRESIDENTS DENNIS DALE & CRAIG ANDERSON MS PACE,1730,"$6,999",FR5,L Inwood,Emily Suvaljko,ZO100825_R3,ZO100825_R3_AMERICAN MONARCH,PACERS,Mobile,Central Wheatbelt_1730.0,Central Wheatbelt_1730.0_pacers_mobile,70,8.9,30.3,30.8,29.8,29.9,69,6,17,8.7,33.33,-28.41,240,45,63,18.75,45,-17.71,261,43,73,16.48,44.44,-11.42,emily suvaljko,67,9,10,13.43,28.36,-2.05,233,39,42,16.74,34.76,-9.43,418,70,79,16.75,35.65,-5.61,1009,143,228,14.17,36.77,-12.64,4489,570,1035,12.7,35.75,-12.02,11.7,5.4,9.9,111,13,11.7,0,11,9.9,0,6,5.4,0,18,1,6,5.56,38.89,-53.72,117,10,33,8.55,36.75,-41.5,282,33,72,11.7,37.23,-21.6,547,57,136,10.42,35.28,-22.78,1570,158,375,10.06,33.95,-20.62
ZO100825,Central Wheatbelt,10/08/2025,Day,3,2:17 PM,WA,116,6,EYE BETTER,VICE PRESIDENTS DENNIS DALE & CRAIG ANDERSON MS PACE,1730,"$6,999",FR6,L Inwood,Joseph Suvaljko,ZO100825_R3,ZO100825_R3_EYE BETTER,PACERS,Mobile,Central Wheatbelt_1730.0,Central Wheatbelt_1730.0_pacers_mobile,70,8.9,30.3,30.8,29.8,29.9,60,5,8,8.33,21.67,-39.27,84,3,20,3.57,27.38,-66.89,261,43,73,16.48,44.44,-11.42,joseph suvaljko,26,3,2,11.54,19.23,122.65,120,19,18,15.83,30.83,25.91,289,46,69,15.92,39.79,1.55,510,63,119,12.35,35.69,-6.57,1149,104,231,9.05,29.16,-12.45,8.8,10.4,8,125,11,8.8,0,10,8,0,13,10.4,0,18,1,6,5.56,38.89,-53.72,117,10,33,8.55,36.75,-41.5,282,33,72,11.7,37.23,-21.6,547,57,136,10.42,35.28,-22.78,1570,158,375,10.06,33.95,-20.62
ZO100825,Central Wheatbelt,10/08/2025,Day,3,2:17 PM,WA,116,7,TUX AND TAILS,VICE PRESIDENTS DENNIS DALE & CRAIG ANDERSON MS PACE,1730,"$6,999",SR1,L Inwood,Abbey Vidovich,ZO100825_R3,ZO100825_R3_TUX AND TAILS,PACERS,Mobile,Central Wheatbelt_1730.0,Central Wheatbelt_1730.0_pacers_mobile,70,8.9,30.3,30.8,29.8,29.9,65,7,18,10.77,38.46,-13.64,23,4,5,17.39,39.13,16.88,261,43,73,16.48,44.44,-11.42,abbey vidovich,40,10,9,25,47.5,4.73,194,30,45,15.46,38.66,-16.79,317,45,76,14.2,38.17,-13.33,414,52,94,12.56,35.27,-12.87,414,52,94,12.56,35.27,-12.87,6.1,20.2,6.1,163,10,6.1,0,10,6.1,0,33,20.2,0,18,1,6,5.56,38.89,-53.72,117,10,33,8.55,36.75,-41.5,282,33,72,11.7,37.23,-21.6,547,57,136,10.42,35.28,-22.78,1570,158,375,10.06,33.95,-20.62
ZO100825,Central Wheatbelt,10/08/2025,Day,3,2:17 PM,WA,116,8,BETTOR HAVE FAITH NZ,VICE PRESIDENTS DENNIS DALE & CRAIG ANDERSON MS PACE,1730,"$6,999",SR2,L Inwood,Liam Elliott,ZO100825_R3,ZO100825_R3_BETTOR HAVE FAITH NZ,PACERS,Mobile,Central Wheatbelt_1730.0,Central Wheatbelt_1730.0_pacers_mobile,70,8.9,30.3,30.8,29.8,29.9,56,8,9,14.29,30.36,10.73,52,7,8,13.46,28.85,9.47,261,43,73,16.48,44.44,-11.42,liam elliott,38,0,10,0,26.32,-100,150,12,33,8,30,-43.75,285,25,62,8.77,30.53,-37.56,435,41,94,9.43,31.03,-24.37,630,49,131,7.78,28.57,-29.38,19.4,5.6,5.6,36,7,19.4,0,2,5.6,0,2,5.6,0,18,1,6,5.56,38.89,-53.72,117,10,33,8.55,36.75,-41.5,282,33,72,11.7,37.23,-21.6,547,57,136,10.42,35.28,-22.78,1570,158,375,10.06,33.95,-20.62
ZO100825,Central Wheatbelt,10/08/2025,Day,4,2:49 PM,WA,233,1,MISS MARCOPOLO,PRESIDENT BRETT POSTANS 3YO MS PACE,2130,"$6,999",FR1,H C Reeves,Ajay Markham,ZO100825_R4,ZO100825_R4_MISS MARCOPOLO,PACERS,Mobile,Central Wheatbelt_2130.0,Central Wheatbelt_2130.0_pacers_mobile,135,38.7,31.3,30.8,29.6,29.8,135,27,35,20,45.93,-9.52,24,0,10,0,41.67,-100,252,25,61,9.92,34.13,-22.52,ajay markham,33,5,7,15.15,36.36,0.21,121,11,34,9.09,37.19,-39.37,207,18,59,8.7,37.2,-32.24,302,20,78,6.62,32.45,-43.29,302,20,78,6.62,32.45,-43.29,21.7,17.4,13,23,5,21.7,0,3,13,-100,4,17.4,0,103,8,28,7.77,34.95,-30.01,221,16,57,7.24,33.03,-25.32,400,31,88,7.75,29.75,-21.45,742,55,157,7.41,28.57,-26.9,3297,253,643,7.67,27.18,-17.85
ZO100825,Central Wheatbelt,10/08/2025,Day,4,2:49 PM,WA,233,2,AMERICAN TYPHOON,PRESIDENT BRETT POSTANS 3YO MS PACE,2130,"$6,999",FR2,M D Young,Joseph Suvaljko,ZO100825_R4,ZO100825_R4_AMERICAN TYPHOON,PACERS,Mobile,Central Wheatbelt_2130.0,Central Wheatbelt_2130.0_pacers_mobile,135,38.7,31.3,30.8,29.6,29.8,135,14,32,10.37,34.07,-38.49,84,3,20,3.57,27.38,-66.89,23,10,5,43.48,65.22,-6.91,joseph suvaljko,26,3,2,11.54,19.23,122.65,120,19,18,15.83,30.83,25.91,289,46,69,15.92,39.79,1.55,510,63,119,12.35,35.69,-6.57,1149,104,231,9.05,29.16,-12.45,35.7,21.4,0,14,5,35.7,0,0,0,0,3,21.4,-100,41,7,10,17.07,41.46,-27.1,103,30,24,29.13,52.43,-5.31,198,57,53,28.79,55.56,-10.53,419,115,113,27.45,54.42,-9.96,1807,423,501,23.41,51.13,-15.65
ZO100825,Central Wheatbelt,10/08/2025,Day,4,2:49 PM,WA,233,3,DO IT MY WAY,PRESIDENT BRETT POSTANS 3YO MS PACE,2130,"$6,999",FR3,P L Anderson,Aaron Suvaljko,ZO100825_R4,ZO100825_R4_DO IT MY WAY,PACERS,Mobile,Central Wheatbelt_2130.0,Central Wheatbelt_2130.0_pacers_mobile,135,38.7,31.3,30.8,29.6,29.8,135,13,29,9.63,31.11,-34.34,30,0,1,0,3.33,-100,235,32,89,13.62,51.49,-18,aaron suvaljko,21,2,2,9.52,19.05,33.39,63,3,9,4.76,19.05,-34.61,110,4,14,3.64,16.36,-47.2,247,5,37,2.02,17,-71.03,436,14,61,3.21,17.2,-60.66,0,0,0,19,0,0,0,0,0,0,0,0,0,42,1,10,2.38,26.19,-74.53,111,10,32,9.01,37.84,-27.51,195,21,57,10.77,40,-12.22,409,45,128,11,42.3,-24.29,1865,185,528,9.92,38.23,-26.71
ZO100825,Central Wheatbelt,10/08/2025,Day,4,2:49 PM,WA,233,4,CAPTURE THE MOMENT,PRESIDENT BRETT POSTANS 3YO MS PACE,2130,"$6,999",FR4,B M Ashcroft,Kylah Madden,ZO100825_R4,ZO100825_R4_CAPTURE THE MOMENT,PACERS,Mobile,Central Wheatbelt_2130.0,Central Wheatbelt_2130.0_pacers_mobile,135,38.7,31.3,30.8,29.6,29.8,135,14,30,10.37,32.59,-30.42,6,0,1,0,16.67,-100,17,1,7,5.88,47.06,-34.71,kylah madden,27,3,5,11.11,29.63,-5.14,98,8,22,8.16,30.61,-9.63,174,13,41,7.47,31.03,-21.15,245,15,53,6.12,27.76,-26.66,245,15,53,6.12,27.76,-26.66,0,0,0,19,0,0,0,0,0,0,0,0,0,7,0,3,0,42.86,-100,20,1,4,5,25,-54.93,44,2,8,4.55,22.73,-52.15,106,13,22,12.26,33.02,10.81,405,46,100,11.36,36.05,3.67
ZO100825,Central Wheatbelt,10/08/2025,Day,4,2:49 PM,WA,233,5,ROCKY MAGUIRE,PRESIDENT BRETT POSTANS 3YO MS PACE,2130,"$6,999",FR5,P L Anderson,Corey Peterson,ZO100825_R4,ZO100825_R4_ROCKY MAGUIRE,PACERS,Mobile,Central Wheatbelt_2130.0,Central Wheatbelt_2130.0_pacers_mobile,135,38.7,31.3,30.8,29.6,29.8,129,21,23,16.28,34.11,9.61,129,14,34,10.85,37.21,-9.31,235,32,89,13.62,51.49,-18,corey peterson,23,1,4,4.35,21.74,-22.59,77,10,15,12.99,32.47,15.37,182,19,38,10.44,31.32,-13.13,466,47,117,10.09,35.19,-18.73,1448,135,348,9.32,33.36,-23.54,20.8,4.2,8.3,24,5,20.8,0,2,8.3,-100,1,4.2,0,42,1,10,2.38,26.19,-74.53,111,10,32,9.01,37.84,-27.51,195,21,57,10.77,40,-12.22,409,45,128,11,42.3,-24.29,1865,185,528,9.92,38.23,-26.71
ZO100825,Central Wheatbelt,10/08/2025,Day,4,2:49 PM,WA,233,6,OFFICIAL ROCK,PRESIDENT BRETT POSTANS 3YO MS PACE,2130,"$6,999",FR6,P L Anderson,Liam Elliott,ZO100825_R4,ZO100825_R4_OFFICIAL ROCK,PACERS,Mobile,Central Wheatbelt_2130.0,Central Wheatbelt_2130.0_pacers_mobile,135,38.7,31.3,30.8,29.6,29.8,108,13,25,12.04,35.19,2.26,52,7,8,13.46,28.85,9.47,235,32,89,13.62,51.49,-18,liam elliott,38,0,10,0,26.32,-100,150,12,33,8,30,-43.75,285,25,62,8.77,30.53,-37.56,435,41,94,9.43,31.03,-24.37,630,49,131,7.78,28.57,-29.38,5.9,0,23.5,17,1,5.9,0,4,23.5,0,0,0,0,42,1,10,2.38,26.19,-74.53,111,10,32,9.01,37.84,-27.51,195,21,57,10.77,40,-12.22,409,45,128,11,42.3,-24.29,1865,185,528,9.92,38.23,-26.71
ZO100825,Central Wheatbelt,10/08/2025,Day,4,2:49 PM,WA,233,7,HOT ROD,PRESIDENT BRETT POSTANS 3YO MS PACE,2130,"$6,999",SR1,E G Ashcroft,Abbey Vidovich,ZO100825_R4,ZO100825_R4_HOT ROD,PACERS,Mobile,Central Wheatbelt_2130.0,Central Wheatbelt_2130.0_pacers_mobile,135,38.7,31.3,30.8,29.6,29.8,128,11,37,8.59,37.5,-23.29,23,4,5,17.39,39.13,16.88,24,3,5,12.5,33.33,1.01,abbey vidovich,40,10,9,25,47.5,4.73,194,30,45,15.46,38.66,-16.79,317,45,76,14.2,38.17,-13.33,414,52,94,12.56,35.27,-12.87,414,52,94,12.56,35.27,-12.87,0,18.8,12.5,16,0,0,0,2,12.5,-100,3,18.8,0,7,1,1,14.29,28.57,39.18,26,3,4,11.54,26.92,51.18,46,5,6,10.87,23.91,6.25,85,11,17,12.94,32.94,28.93,404,35,89,8.66,30.69,-14.26
ZO100825,Central Wheatbelt,10/08/2025,Day,4,2:49 PM,WA,233,8,INTO THE FUTURE,PRESIDENT BRETT POSTANS 3YO MS PACE,2130,"$6,999",SR2,P L Anderson,Darcy Kulcsar,ZO100825_R4,ZO100825_R4_INTO THE FUTURE,PACERS,Mobile,Central Wheatbelt_2130.0,Central Wheatbelt_2130.0_pacers_mobile,135,38.7,31.3,30.8,29.6,29.8,109,8,23,7.34,28.44,-24.54,5,0,0,0,0,-100,235,32,89,13.62,51.49,-18,darcy kulcsar,20,0,5,0,25,-100,44,2,9,4.55,25,-27.7,59,3,9,5.08,20.34,-12.23,82,3,9,3.66,14.63,-28.38,105,3,11,2.86,13.33,-45.64,21.2,3,24.2,33,7,21.2,0,8,24.2,0,1,3,0,42,1,10,2.38,26.19,-74.53,111,10,32,9.01,37.84,-27.51,195,21,57,10.77,40,-12.22,409,45,128,11,42.3,-24.29,1865,185,528,9.92,38.23,-26.71
ZO100825,Central Wheatbelt,10/08/2025,Day,4,2:49 PM,WA,233,9,BY ROYAL COMMAND,PRESIDENT BRETT POSTANS 3YO MS PACE,2130,"$6,999",SR3,P L Anderson,Trent Wheeler,ZO100825_R4,ZO100825_R4_BY ROYAL COMMAND,PACERS,Mobile,Central Wheatbelt_2130.0,Central Wheatbelt_2130.0_pacers_mobile,135,38.7,31.3,30.8,29.6,29.8,81,11,23,13.58,41.98,-6.28,225,28,66,12.44,41.78,-17.63,235,32,89,13.62,51.49,-18,trent wheeler,93,2,20,2.15,23.66,-71.79,245,19,51,7.76,28.57,-20.82,451,43,101,9.53,31.93,-14.06,1010,94,250,9.31,34.06,-24.73,3890,377,958,9.69,34.32,-18.78,9.7,12.9,3.2,31,3,9.7,0,1,3.2,0,4,12.9,0,42,1,10,2.38,26.19,-74.53,111,10,32,9.01,37.84,-27.51,195,21,57,10.77,40,-12.22,409,45,128,11,42.3,-24.29,1865,185,528,9.92,38.23,-26.71
ZO100825,Central Wheatbelt,10/08/2025,Day,4,2:49 PM,WA,233,10,ICE COLD SAPPORO,PRESIDENT BRETT POSTANS 3YO MS PACE,2130,"$6,999",SR4,M D Young,Emily Suvaljko,ZO100825_R4,ZO100825_R4_ICE COLD SAPPORO,PACERS,Mobile,Central Wheatbelt_2130.0,Central Wheatbelt_2130.0_pacers_mobile,135,38.7,31.3,30.8,29.6,29.8,60,3,14,5,28.33,-40.19,240,45,63,18.75,45,-17.71,23,10,5,43.48,65.22,-6.91,emily suvaljko,67,9,10,13.43,28.36,-2.05,233,39,42,16.74,34.76,-9.43,418,70,79,16.75,35.65,-5.61,1009,143,228,14.17,36.77,-12.64,4489,570,1035,12.7,35.75,-12.02,12.5,75,0,8,1,12.5,150,0,0,0,6,75,-100,41,7,10,17.07,41.46,-27.1,103,30,24,29.13,52.43,-5.31,198,57,53,28.79,55.56,-10.53,419,115,113,27.45,54.42,-9.96,1807,423,501,23.41,51.13,-15.65
ZO100825,Central Wheatbelt,10/08/2025,Day,5,3:29 PM,WA,116,1,SAVE THIS DANCE,ALLAN SCUTTER & TERRY STONE MS PACE,1730,"$6,999",FR1,D J Goulden,Ajay Markham,ZO100825_R5,ZO100825_R5_SAVE THIS DANCE,PACERS,Mobile,Central Wheatbelt_1730.0,Central Wheatbelt_1730.0_pacers_mobile,70,8.9,30.3,30.8,29.8,29.9,70,5,15,7.14,28.57,-70.57,24,0,10,0,41.67,-100,246,5,33,2.03,15.45,-57.55,ajay markham,33,5,7,15.15,36.36,0.21,121,11,34,9.09,37.19,-39.37,207,18,59,8.7,37.2,-32.24,302,20,78,6.62,32.45,-43.29,302,20,78,6.62,32.45,-43.29,7.5,9.4,14.2,106,8,7.5,0,15,14.2,0,10,9.4,0,14,3,2,21.43,35.71,114.07,69,6,16,8.7,31.88,-4.32,150,12,31,8,28.67,2.75,255,14,50,5.49,25.1,-20.52,814,26,134,3.19,19.66,-41.91
ZO100825,Central Wheatbelt,10/08/2025,Day,5,3:29 PM,WA,116,2,THE WHIZZER,ALLAN SCUTTER & TERRY STONE MS PACE,1730,"$6,999",FR2,P L Anderson,Trent Wheeler,ZO100825_R5,ZO100825_R5_THE WHIZZER,PACERS,Mobile,Central Wheatbelt_1730.0,Central Wheatbelt_1730.0_pacers_mobile,70,8.9,30.3,30.8,29.8,29.9,70,10,15,14.29,35.71,-20.19,225,28,66,12.44,41.78,-17.63,235,32,89,13.62,51.49,-18,trent wheeler,93,2,20,2.15,23.66,-71.79,245,19,51,7.76,28.57,-20.82,451,43,101,9.53,31.93,-14.06,1010,94,250,9.31,34.06,-24.73,3890,377,958,9.69,34.32,-18.78,4.9,2.4,12.2,41,2,4.9,0,5,12.2,0,1,2.4,0,42,1,10,2.38,26.19,-74.53,111,10,32,9.01,37.84,-27.51,195,21,57,10.77,40,-12.22,409,45,128,11,42.3,-24.29,1865,185,528,9.92,38.23,-26.71
ZO100825,Central Wheatbelt,10/08/2025,Day,5,3:29 PM,WA,116,3,SHADRACH,ALLAN SCUTTER & TERRY STONE MS PACE,1730,"$6,999",FR3,D J Goulden,Hayden Charles,ZO100825_R5,ZO100825_R5_SHADRACH,PACERS,Mobile,Central Wheatbelt_1730.0,Central Wheatbelt_1730.0_pacers_mobile,70,8.9,30.3,30.8,29.8,29.9,70,8,24,11.43,45.71,-15.11,99,3,10,3.03,13.13,-43.39,246,5,33,2.03,15.45,-57.55,hayden charles,21,2,3,9.52,23.81,47.22,82,4,12,4.88,19.51,-10.05,149,10,23,6.71,22.15,-4.34,273,15,49,5.49,23.44,-27.85,1570,60,224,3.82,18.09,-37.01,4.1,2,4.1,49,2,4.1,0,2,4.1,0,1,2,0,14,3,2,21.43,35.71,114.07,69,6,16,8.7,31.88,-4.32,150,12,31,8,28.67,2.75,255,14,50,5.49,25.1,-20.52,814,26,134,3.19,19.66,-41.91
ZO100825,Central Wheatbelt,10/08/2025,Day,5,3:29 PM,WA,116,4,ROCKNROLL TRAIN,ALLAN SCUTTER & TERRY STONE MS PACE,1730,"$6,999",FR4,M White,Kaden Elliott,ZO100825_R5,ZO100825_R5_ROCKNROLL TRAIN,PACERS,Mobile,Central Wheatbelt_1730.0,Central Wheatbelt_1730.0_pacers_mobile,70,8.9,30.3,30.8,29.8,29.9,70,12,20,17.14,45.71,23.07,22,0,6,0,27.27,-100,172,15,43,8.72,33.72,-30.51,kaden elliott,1,0,0,0,0,-100,1,0,0,0,0,-100,1,0,0,0,0,-100,6,0,0,0,0,-100,228,5,36,2.19,17.98,-60.53,23.7,13.2,5.3,38,9,23.7,0,2,5.3,0,5,13.2,0,12,1,2,8.33,25,39.78,58,4,11,6.9,25.86,-28.25,91,6,17,6.59,25.27,-36.91,144,12,23,8.33,24.31,-16.03,687,41,130,5.97,24.89,-25.2
ZO100825,Central Wheatbelt,10/08/2025,Day,5,3:29 PM,WA,116,5,CODENAME ELLIOT,ALLAN SCUTTER & TERRY STONE MS PACE,1730,"$6,999",FR5,H C Reeves,Kylah Madden,ZO100825_R5,ZO100825_R5_CODENAME ELLIOT,PACERS,Mobile,Central Wheatbelt_1730.0,Central Wheatbelt_1730.0_pacers_mobile,70,8.9,30.3,30.8,29.8,29.9,69,6,17,8.7,33.33,-28.41,6,0,1,0,16.67,-100,252,25,61,9.92,34.13,-22.52,kylah madden,27,3,5,11.11,29.63,-5.14,98,8,22,8.16,30.61,-9.63,174,13,41,7.47,31.03,-21.15,245,15,53,6.12,27.76,-26.66,245,15,53,6.12,27.76,-26.66,0,3,4.5,67,0,0,0,3,4.5,0,2,3,0,103,8,28,7.77,34.95,-30.01,221,16,57,7.24,33.03,-25.32,400,31,88,7.75,29.75,-21.45,742,55,157,7.41,28.57,-26.9,3297,253,643,7.67,27.18,-17.85
ZO100825,Central Wheatbelt,10/08/2025,Day,5,3:29 PM,WA,116,6,MAJOR CLASS NZ,ALLAN SCUTTER & TERRY STONE MS PACE,1730,"$6,999",FR6,L Inwood,Emily Suvaljko,ZO100825_R5,ZO100825_R5_MAJOR CLASS NZ,PACERS,Mobile,Central Wheatbelt_1730.0,Central Wheatbelt_1730.0_pacers_mobile,70,8.9,30.3,30.8,29.8,29.9,60,5,8,8.33,21.67,-39.27,240,45,63,18.75,45,-17.71,261,43,73,16.48,44.44,-11.42,emily suvaljko,67,9,10,13.43,28.36,-2.05,233,39,42,16.74,34.76,-9.43,418,70,79,16.75,35.65,-5.61,1009,143,228,14.17,36.77,-12.64,4489,570,1035,12.7,35.75,-12.02,5.9,14.7,11.8,34,2,5.9,0,4,11.8,0,5,14.7,0,18,1,6,5.56,38.89,-53.72,117,10,33,8.55,36.75,-41.5,282,33,72,11.7,37.23,-21.6,547,57,136,10.42,35.28,-22.78,1570,158,375,10.06,33.95,-20.62
ZO100825,Central Wheatbelt,10/08/2025,Day,5,3:29 PM,WA,116,7,MOOLAH MAGNET NZ,ALLAN SCUTTER & TERRY STONE MS PACE,1730,"$6,999",SR1,S L Suvaljko,Aaron Suvaljko,ZO100825_R5,ZO100825_R5_MOOLAH MAGNET NZ,PACERS,Mobile,Central Wheatbelt_1730.0,Central Wheatbelt_1730.0_pacers_mobile,70,8.9,30.3,30.8,29.8,29.9,65,7,18,10.77,38.46,-13.64,30,0,1,0,3.33,-100,62,1,17,1.61,29.03,-75.14,aaron suvaljko,21,2,2,9.52,19.05,33.39,63,3,9,4.76,19.05,-34.61,110,4,14,3.64,16.36,-47.2,247,5,37,2.02,17,-71.03,436,14,61,3.21,17.2,-60.66,4.6,13.8,9.2,65,3,4.6,0,6,9.2,0,9,13.8,0,19,1,6,5.26,36.84,-58.72,37,1,12,2.7,35.14,-74.87,99,6,29,6.06,35.35,-40.13,274,10,64,3.65,27.01,-52.72,1186,55,224,4.64,23.52,-31.58
ZO100825,Central Wheatbelt,10/08/2025,Day,5,3:29 PM,WA,116,8,NEVERTELLMETHEODDS,ALLAN SCUTTER & TERRY STONE MS PACE,1730,"$6,999",SR2,E G Ashcroft,Liam Elliott,ZO100825_R5,ZO100825_R5_NEVERTELLMETHEODDS,PACERS,Mobile,Central Wheatbelt_1730.0,Central Wheatbelt_1730.0_pacers_mobile,70,8.9,30.3,30.8,29.8,29.9,56,8,9,14.29,30.36,10.73,52,7,8,13.46,28.85,9.47,24,3,5,12.5,33.33,1.01,liam elliott,38,0,10,0,26.32,-100,150,12,33,8,30,-43.75,285,25,62,8.77,30.53,-37.56,435,41,94,9.43,31.03,-24.37,630,49,131,7.78,28.57,-29.38,11.4,15.9,25,44,5,11.4,0,11,25,-100,7,15.9,-100,7,1,1,14.29,28.57,39.18,26,3,4,11.54,26.92,51.18,46,5,6,10.87,23.91,6.25,85,11,17,12.94,32.94,28.93,404,35,89,8.66,30.69,-14.26
ZO100825,Central Wheatbelt,10/08/2025,Day,6,3:55 PM,WA,233,1,THE MERCENARY,"JENNA SAUNDERS, VERONICA KENT & ROBYN DALE MS PACE",2130,"$6,999",FR1,B J Stokes,Briana Edman,ZO100825_R6,ZO100825_R6_THE MERCENARY,PACERS,Mobile,Central Wheatbelt_2130.0,Central Wheatbelt_2130.0_pacers_mobile,135,38.7,31.3,30.8,29.6,29.8,135,27,35,20,45.93,-9.52,6,0,1,0,16.67,-100,13,3,2,23.08,38.46,45.38,briana edman,15,1,1,6.67,13.33,62.97,47,1,3,2.13,8.51,-70.36,76,5,7,6.58,15.79,-24.92,111,5,9,4.5,12.61,-34.92,224,12,19,5.36,13.84,-3.96,10,10,6.7,60,6,10,0,4,6.7,0,6,10,-100,1,0,0,0,0,-100,4,0,0,0,0,-100,7,0,0,0,0,-100,13,1,0,7.69,7.69,51.47,57,5,9,8.77,24.56,-11.51
ZO100825,Central Wheatbelt,10/08/2025,Day,6,3:55 PM,WA,233,2,ROCKSTAR QUALITY,"JENNA SAUNDERS, VERONICA KENT & ROBYN DALE MS PACE",2130,"$6,999",FR2,P L Anderson,Liam Elliott,ZO100825_R6,ZO100825_R6_ROCKSTAR QUALITY,PACERS,Mobile,Central Wheatbelt_2130.0,Central Wheatbelt_2130.0_pacers_mobile,135,38.7,31.3,30.8,29.6,29.8,135,14,32,10.37,34.07,-38.49,52,7,8,13.46,28.85,9.47,235,32,89,13.62,51.49,-18,liam elliott,38,0,10,0,26.32,-100,150,12,33,8,30,-43.75,285,25,62,8.77,30.53,-37.56,435,41,94,9.43,31.03,-24.37,630,49,131,7.78,28.57,-29.38,15.4,7.7,0,13,2,15.4,0,0,0,0,1,7.7,0,42,1,10,2.38,26.19,-74.53,111,10,32,9.01,37.84,-27.51,195,21,57,10.77,40,-12.22,409,45,128,11,42.3,-24.29,1865,185,528,9.92,38.23,-26.71
ZO100825,Central Wheatbelt,10/08/2025,Day,6,3:55 PM,WA,233,3,TIGER LOU NZ,"JENNA SAUNDERS, VERONICA KENT & ROBYN DALE MS PACE",2130,"$6,999",FR3,P J Arthur,Darcy Kulcsar,ZO100825_R6,ZO100825_R6_TIGER LOU NZ,PACERS,Mobile,Central Wheatbelt_2130.0,Central Wheatbelt_2130.0_pacers_mobile,135,38.7,31.3,30.8,29.6,29.8,135,13,29,9.63,31.11,-34.34,5,0,0,0,0,-100,18,4,3,22.22,38.89,71.2,darcy kulcsar,20,0,5,0,25,-100,44,2,9,4.55,25,-27.7,59,3,9,5.08,20.34,-12.23,82,3,9,3.66,14.63,-28.38,105,3,11,2.86,13.33,-45.64,12.1,1.7,12.1,58,7,12.1,0,7,12.1,0,1,1.7,0,4,0,0,0,0,-100,10,1,0,10,10,37.14,13,2,1,15.38,23.08,108.4,13,2,1,15.38,23.08,108.4,39,5,7,12.82,30.77,27.05
ZO100825,Central Wheatbelt,10/08/2025,Day,6,3:55 PM,WA,233,4,SLEEK AND SWEET,"JENNA SAUNDERS, VERONICA KENT & ROBYN DALE MS PACE",2130,"$6,999",FR4,A Allington,Hayden Charles,ZO100825_R6,ZO100825_R6_SLEEK AND SWEET,PACERS,Mobile,Central Wheatbelt_2130.0,Central Wheatbelt_2130.0_pacers_mobile,135,38.7,31.3,30.8,29.6,29.8,135,14,30,10.37,32.59,-30.42,99,3,10,3.03,13.13,-43.39,25,7,5,28,48,199.99,hayden charles,21,2,3,9.52,23.81,47.22,82,4,12,4.88,19.51,-10.05,149,10,23,6.71,22.15,-4.34,273,15,49,5.49,23.44,-27.85,1570,60,224,3.82,18.09,-37.01,7.6,0,15.2,66,5,7.6,0,10,15.2,0,0,0,0,3,1,0,33.33,33.33,376.19,7,2,0,28.57,28.57,269.55,12,2,1,16.67,25,180.94,22,3,2,13.64,22.73,163.34,66,9,9,13.64,27.27,57.49
ZO100825,Central Wheatbelt,10/08/2025,Day,6,3:55 PM,WA,233,5,FOLLOW THE MUSIC,"JENNA SAUNDERS, VERONICA KENT & ROBYN DALE MS PACE",2130,"$6,999",FR5,D J Goulden,Ajay Markham,ZO100825_R6,ZO100825_R6_FOLLOW THE MUSIC,PACERS,Mobile,Central Wheatbelt_2130.0,Central Wheatbelt_2130.0_pacers_mobile,135,38.7,31.3,30.8,29.6,29.8,129,21,23,16.28,34.11,9.61,24,0,10,0,41.67,-100,246,5,33,2.03,15.45,-57.55,ajay markham,33,5,7,15.15,36.36,0.21,121,11,34,9.09,37.19,-39.37,207,18,59,8.7,37.2,-32.24,302,20,78,6.62,32.45,-43.29,302,20,78,6.62,32.45,-43.29,5.3,8.8,8.8,113,6,5.3,0,10,8.8,0,10,8.8,0,14,3,2,21.43,35.71,114.07,69,6,16,8.7,31.88,-4.32,150,12,31,8,28.67,2.75,255,14,50,5.49,25.1,-20.52,814,26,134,3.19,19.66,-41.91
ZO100825,Central Wheatbelt,10/08/2025,Day,6,3:55 PM,WA,233,6,RISING SPIRIT,"JENNA SAUNDERS, VERONICA KENT & ROBYN DALE MS PACE",2130,"$6,999",FR6,P J Arthur,Trent Wheeler,ZO100825_R6,ZO100825_R6_RISING SPIRIT,PACERS,Mobile,Central Wheatbelt_2130.0,Central Wheatbelt_2130.0_pacers_mobile,135,38.7,31.3,30.8,29.6,29.8,108,13,25,12.04,35.19,2.26,225,28,66,12.44,41.78,-17.63,18,4,3,22.22,38.89,71.2,trent wheeler,93,2,20,2.15,23.66,-71.79,245,19,51,7.76,28.57,-20.82,451,43,101,9.53,31.93,-14.06,1010,94,250,9.31,34.06,-24.73,3890,377,958,9.69,34.32,-18.78,12.7,9.9,14.1,71,9,12.7,0,10,14.1,0,7,9.9,0,4,0,0,0,0,-100,10,1,0,10,10,37.14,13,2,1,15.38,23.08,108.4,13,2,1,15.38,23.08,108.4,39,5,7,12.82,30.77,27.05
ZO100825,Central Wheatbelt,10/08/2025,Day,6,3:55 PM,WA,233,7,GOODONYA MATE,"JENNA SAUNDERS, VERONICA KENT & ROBYN DALE MS PACE",2130,"$6,999",SR1,J J Moore,Kylah Madden,ZO100825_R6,ZO100825_R6_GOODONYA MATE,PACERS,Mobile,Central Wheatbelt_2130.0,Central Wheatbelt_2130.0_pacers_mobile,135,38.7,31.3,30.8,29.6,29.8,128,11,37,8.59,37.5,-23.29,6,0,1,0,16.67,-100,53,4,10,7.55,26.42,-32.22,kylah madden,27,3,5,11.11,29.63,-5.14,98,8,22,8.16,30.61,-9.63,174,13,41,7.47,31.03,-21.15,245,15,53,6.12,27.76,-26.66,245,15,53,6.12,27.76,-26.66,2.4,3.2,10.5,124,3,2.4,0,13,10.5,0,4,3.2,0,3,1,0,33.33,33.33,287.6,11,1,2,9.09,27.27,-6.35,21,3,5,14.29,38.1,25.85,35,4,5,11.43,25.71,38,243,21,45,8.64,27.16,-5.78
ZO100825,Central Wheatbelt,10/08/2025,Day,6,3:55 PM,WA,233,8,VINTAGE BLU,"JENNA SAUNDERS, VERONICA KENT & ROBYN DALE MS PACE",2130,"$6,999",SR2,L Inwood,Emily Suvaljko,ZO100825_R6,ZO100825_R6_VINTAGE BLU,PACERS,Mobile,Central Wheatbelt_2130.0,Central Wheatbelt_2130.0_pacers_mobile,135,38.7,31.3,30.8,29.6,29.8,109,8,23,7.34,28.44,-24.54,240,45,63,18.75,45,-17.71,261,43,73,16.48,44.44,-11.42,emily suvaljko,67,9,10,13.43,28.36,-2.05,233,39,42,16.74,34.76,-9.43,418,70,79,16.75,35.65,-5.61,1009,143,228,14.17,36.77,-12.64,4489,570,1035,12.7,35.75,-12.02,21.1,24.8,6.4,109,23,21.1,0,7,6.4,0,27,24.8,0,18,1,6,5.56,38.89,-53.72,117,10,33,8.55,36.75,-41.5,282,33,72,11.7,37.23,-21.6,547,57,136,10.42,35.28,-22.78,1570,158,375,10.06,33.95,-20.62
ZO100825,Central Wheatbelt,10/08/2025,Day,6,3:55 PM,WA,233,9,ALEXANDRA THEGREAT,"JENNA SAUNDERS, VERONICA KENT & ROBYN DALE MS PACE",2130,"$6,999",SR3,J P Thornton,Corey Peterson,ZO100825_R6,ZO100825_R6_ALEXANDRA THEGREAT,PACERS,Mobile,Central Wheatbelt_2130.0,Central Wheatbelt_2130.0_pacers_mobile,135,38.7,31.3,30.8,29.6,29.8,81,11,23,13.58,41.98,-6.28,129,14,34,10.85,37.21,-9.31,43,3,12,6.98,34.88,-40.73,corey peterson,23,1,4,4.35,21.74,-22.59,77,10,15,12.99,32.47,15.37,182,19,38,10.44,31.32,-13.13,466,47,117,10.09,35.19,-18.73,1448,135,348,9.32,33.36,-23.54,17.4,8.3,14.7,109,19,17.4,0,16,14.7,0,9,8.3,0,8,0,1,0,12.5,-100,29,1,7,3.45,27.59,-55.43,61,2,9,3.28,18.03,-48.2,100,8,14,8,22,-16.02,269,20,38,7.43,21.56,-2.22
ZO100825,Central Wheatbelt,10/08/2025,Day,6,3:55 PM,WA,233,10,SHES A MARE,"JENNA SAUNDERS, VERONICA KENT & ROBYN DALE MS PACE",2130,"$6,999",SR4,L Inwood,Abbey Vidovich,ZO100825_R6,ZO100825_R6_SHES A MARE,PACERS,Mobile,Central Wheatbelt_2130.0,Central Wheatbelt_2130.0_pacers_mobile,135,38.7,31.3,30.8,29.6,29.8,60,3,14,5,28.33,-40.19,23,4,5,17.39,39.13,16.88,261,43,73,16.48,44.44,-11.42,abbey vidovich,40,10,9,25,47.5,4.73,194,30,45,15.46,38.66,-16.79,317,45,76,14.2,38.17,-13.33,414,52,94,12.56,35.27,-12.87,414,52,94,12.56,35.27,-12.87,8.2,1.4,11,73,6,8.2,0,8,11,0,1,1.4,0,18,1,6,5.56,38.89,-53.72,117,10,33,8.55,36.75,-41.5,282,33,72,11.7,37.23,-21.6,547,57,136,10.42,35.28,-22.78,1570,158,375,10.06,33.95,-20.62
